Date,Close,High,Low,Open,Volume,Sentiment_Score,FNG_Value,MA7,MA30,SMA20,STD20,BB_Upper,BB_Lower
2020-08-19,11758.283203125,12028.923828125,11687.3330078125,11990.884765625,24502851117,0.0,80,11758.283203125,11758.283203125,,,,
2020-08-20,11878.3720703125,11900.4111328125,11710.0634765625,11761.5,20175242945,0.0625,75,11818.32763671875,11818.32763671875,,,,
2020-08-21,11592.4892578125,11899.259765625,11564.9794921875,11878.0263671875,23762425999,0.0,81,11743.048177083334,11743.048177083334,,,,
2020-08-22,11681.8251953125,11689.4072265625,11448.8056640625,11585.4775390625,20224191306,0.0,78,11727.742431640625,11727.742431640625,,,,
2020-08-23,11664.84765625,11713.4296875,11559.9208984375,11679.6962890625,18482062658,0.16818181818181818,76,11715.1634765625,11715.1634765625,,,,
2020-08-24,11774.595703125,11807.6318359375,11623.25,11663.689453125,20681511755,-0.15,78,11725.06884765625,11725.06884765625,,,,
2020-08-25,11366.134765625,11778.2998046875,11189.8505859375,11773.5888671875,26301509932,0.0,75,11673.792550223214,11673.792550223214,,,,
2020-08-26,11488.36328125,11530.052734375,11296.9931640625,11366.89453125,22466660958,0.0,76,11635.23256138393,11650.613891601562,,,,
2020-08-27,11323.3974609375,11570.7861328125,11185.94140625,11485.6083984375,23240415076,0.0,75,11555.950474330357,11614.256510416666,,,,
2020-08-28,11542.5,11545.615234375,11316.4228515625,11325.2958984375,19807127588,0.0,74,11548.809151785714,11607.080859375,,,,
2020-08-29,11506.865234375,11585.640625,11466.29296875,11541.0546875,17485597759,0.0,79,11523.814871651786,11597.970348011364,,,,
2020-08-30,11711.505859375,11715.2646484375,11492.3818359375,11508.7138671875,19760127945,0.0,75,11530.48032924107,11607.431640625,,,,
2020-08-31,11680.8203125,11768.876953125,11598.318359375,11713.306640625,22285928250,0.0,75,11517.08384486607,11613.076923076924,,,,
2020-09-01,11970.478515625,12067.0810546875,11601.12890625,11679.31640625,27311555343,-0.15,75,11603.418666294643,11638.60560825893,,,,
2020-09-02,11414.0341796875,11964.8232421875,11290.7939453125,11964.8232421875,28037405299,0.0,83,11592.800223214286,11623.6341796875,,,,
2020-09-03,10245.296875,11443.0224609375,10182.46484375,11407.19140625,31927261555,0.0,79,11438.785853794643,11537.488098144531,,,,
2020-09-04,10511.8134765625,10663.919921875,10207.9404296875,10230.365234375,29965130374,0.0,40,11291.544921875,11477.154296875,,,,
2020-09-05,10169.5673828125,10581.5712890625,9946.67578125,10512.5302734375,44916565292,0.0,41,11100.502371651786,11404.510579427084,,,,
2020-09-06,10280.3515625,10353.927734375,10056.8857421875,10167.216796875,37071460174,0.0625,41,10896.0517578125,11345.34431537829,,,,
2020-09-07,10369.5634765625,10399.1533203125,9916.4931640625,10280.998046875,33703098409,0.0,41,10708.72935267857,11296.5552734375,11296.5552734375,605.666803853391,12507.888881144281,10085.221665730718
2020-09-08,10131.5166015625,10414.775390625,9945.1103515625,10369.306640625,33430927462,0.0,41,10446.0205078125,11241.077241443452,11215.216943359375,648.1397354056517,12511.496414170679,9918.937472548072
2020-09-09,10242.34765625,10350.54296875,10017.2509765625,10134.1513671875,24128292755,0.0,38,10278.63671875,11195.680442116478,11133.41572265625,663.1062607887894,12459.628244233829,9807.20320107867
2020-09-10,10363.138671875,10503.912109375,10238.1357421875,10242.330078125,54406443211,0.0,38,10295.471261160714,11159.482973845108,11071.948193359374,675.1803435484817,12422.308880456338,9721.58750626241
2020-09-11,10400.9150390625,10434.9228515625,10140.8369140625,10369.0283203125,45201121775,0.0,41,10279.628627232143,11127.8759765625,11007.902685546875,675.0360779912248,12357.974841529325,9657.830529564424
2020-09-12,10442.1708984375,10578.837890625,10292.38671875,10409.861328125,36750077324,0.0625,41,10318.571986607143,11100.4477734375,10946.76884765625,667.7349483185995,12282.23874429345,9611.298951019051
2020-09-13,10323.755859375,10577.21484375,10224.330078125,10452.3994140625,36506852789,0.0,38,10324.77260044643,11070.57500751202,10874.22685546875,651.6832590032175,12177.593373475185,9570.860337462316
2020-09-14,10680.837890625,10800.0107421875,10266.0087890625,10328.734375,35453581940,0.0,39,10369.24037388393,11056.140299479166,10839.96201171875,642.4080782305232,12124.778168179797,9555.145855257702
2020-09-15,10796.951171875,10938.6318359375,10656.4599609375,10677.7548828125,32509451925,0.13636363636363635,47,10464.302455357143,11046.883544921875,10805.39140625,624.0191390159378,12053.429684281877,9557.353128218125
2020-09-16,10974.9052734375,11100.1240234375,10704.884765625,10797.76171875,30769986455,0.0,43,10568.953543526786,11044.401535560344,10787.966796875,613.5715189962598,12015.109834867519,9560.823758882481
2020-09-17,10948.990234375,11037.4208984375,10774.6279296875,10973.251953125,38151810523,0.0,48,10652.64662388393,11041.221158854167,10758.29130859375,589.0190627893572,11936.329434172465,9580.253183015036
2020-09-18,10944.5859375,11034.908203125,10829.6572265625,10951.8203125,26341903912,0.0,49,10730.313895089286,11014.097916666668,10730.17734375,564.3095705219577,11858.796484793915,9601.558202706085
2020-09-19,11094.3466796875,11134.0927734375,10909.6181640625,10933.7529296875,22764204008,0.0625,48,10823.481863839286,10987.963736979167,10699.319384765626,523.200168662234,11745.719722090094,9652.919047441157
2020-09-20,10938.271484375,11095.8701171875,10814.4775390625,11095.8701171875,24699523788,0.0,52,10911.269810267857,10966.156477864582,10662.191943359376,473.9095522150327,11610.011047789441,9714.37283892931
2020-09-21,10462.259765625,10988.3046875,10380.2607421875,10934.92578125,28884999244,0.0,48,10880.044363839286,10925.504296875,10586.781005859375,361.4181089864059,11309.617223832187,9863.944787886563
2020-09-22,10538.4599609375,10568.0771484375,10382.7265625,10459.6240234375,23621787804,0.0,39,10843.11704799107,10887.958040364583,10543.002294921875,304.48347459345194,11151.96924410878,9934.03534573497
2020-09-23,10246.1865234375,10537.828125,10197.865234375,10535.4921875,23788661867,0.0,43,10739.014369419643,10837.011067708334,10543.04677734375,304.4377548761696,11151.92228709609,9934.171267591411
2020-09-24,10760.06640625,10771.056640625,10231.490234375,10248.7861328125,47144380902,0.0,39,10712.02525111607,10816.8087890625,10555.459423828124,308.1357450083194,11171.730913844764,9939.187933811485
2020-09-25,10692.716796875,10777.6962890625,10578.9140625,10761.109375,39348590957,0.0,46,10676.0439453125,10790.287239583333,10581.61689453125,295.6035541547643,11172.824002840778,9990.40978622172
2020-09-26,10750.7236328125,10772.9990234375,10667.28125,10695.5751953125,46852525493,0.0,45,10626.95493861607,10771.198111979167,10605.135498046875,289.01115966173285,11183.15781737034,10027.11317872341
2020-09-27,10775.26953125,10803.9765625,10622.921875,10746.892578125,53745972818,0.0,47,10603.6689453125,10745.623763020832,10625.42080078125,285.82687984333984,11197.07456046793,10053.76704109457
2020-09-28,10709.65234375,10945.34765625,10703.8935546875,10776.61328125,47762394731,0.0,43,10639.0107421875,10719.05,10654.327587890624,261.44181677200226,11177.211221434629,10131.44395434662
2020-09-29,10844.640625,10860.0009765625,10649.4951171875,10709.650390625,46582396602,0.0,45,10682.75083705357,10690.1544921875,10684.442236328125,245.70397192693457,11175.850180181993,10193.034292474256
2020-09-30,10784.4912109375,10847.2568359375,10669.3212890625,10843.87109375,44171073700,0.0,49,10759.65150669643,10660.27685546875,10705.50986328125,234.51352932289834,11174.536921927047,10236.482804635452
2020-10-01,10619.4521484375,10933.6240234375,10472.3564453125,10795.2548828125,40023134100,0.0,45,10739.563755580357,10615.242643229167,10716.43671875,224.44965596680652,11165.336030683613,10267.537406816386
2020-10-02,10575.974609375,10657.837890625,10416.689453125,10619.8212890625,48661453918,0.0,41,10722.886300223214,10587.30732421875,10723.126904296874,217.738134069598,11158.603172436071,10287.650636157678
2020-10-03,10549.3291015625,10598.9404296875,10511.1298828125,10575.1005859375,44660271563,0.0,40,10694.115652901786,10597.441731770834,10734.40556640625,201.17448382042264,11136.754534047095,10332.056598765406
2020-10-04,10669.5830078125,10686.0,10534.3916015625,10550.4404296875,71251776995,-0.15,42,10679.017578125,10602.700716145833,10733.842822265626,201.34788178182592,11136.538585829278,10331.147058701974
2020-10-05,10793.33984375,10793.5078125,10634.6005859375,10676.529296875,47537578009,0.0,42,10690.972935267857,10623.493131510417,10733.662255859375,201.28991923840735,11136.24209433619,10331.08241738256
2020-10-06,10604.40625,10797.578125,10528.890625,10796.306640625,42623695307,0.0,47,10656.653738839286,10634.294954427083,10715.1373046875,194.86573587651145,11104.868776440522,10325.405832934477
2020-10-07,10668.96875,10680.5078125,10562.5068359375,10603.35546875,37799458436,0.0625,43,10640.15053013393,10644.275130208332,10701.13623046875,187.08345822514525,11075.303146919041,10326.969314018459
2020-10-08,10915.685546875,10945.7373046875,10562.6064453125,10669.37109375,63314794397,0.16818181818181818,46,10682.46958705357,10670.414095052083,10699.6912109375,185.2062966668573,11070.103804271215,10329.278617603786
2020-10-09,11064.4580078125,11102.671875,10846.8505859375,10927.9130859375,22799117613,0.16818181818181818,48,10752.2529296875,10697.8177734375,10698.19677734375,181.946100264659,11062.088977873069,10334.304576814431
2020-10-10,11296.361328125,11442.2109375,11056.9404296875,11059.142578125,22877978588,0.0,53,10858.97181919643,10728.9251953125,10716.10126953125,220.37489978792073,11156.851069107091,10275.351469955407
2020-10-11,11384.181640625,11428.8134765625,11288.6279296875,11296.08203125,19968627060,0.0,55,10961.057338169643,10761.700748697916,10762.19736328125,257.73667800881816,11277.670719298885,10246.724007263614
2020-10-12,11555.36328125,11698.4677734375,11240.6865234375,11392.6357421875,26163972642,0.0,52,11069.91782924107,10798.807161458333,10813.042529296876,306.89316148046106,11426.828852257799,10199.256206335953
2020-10-13,11425.8994140625,11548.984375,11321.224609375,11548.7197265625,24241420251,0.0,56,11187.273995535714,10835.545279947917,10872.028173828125,305.5768094773211,11483.181792782767,10260.874554873482
2020-10-14,11429.5068359375,11539.9775390625,11307.8310546875,11429.0478515625,24103426719,-0.15,53,11295.922293526786,10860.500911458334,10905.5001953125,328.4738265772307,11562.44784846696,10248.552542158039
2020-10-15,11495.349609375,11569.9140625,11303.603515625,11426.6025390625,24487233058,0.0,56,11378.7314453125,10883.780859375,10945.6318359375,349.4688168615542,11644.569469660608,10246.694202214392
2020-10-16,11322.123046875,11540.0615234375,11223.0126953125,11502.828125,25635480772,-0.3,52,11415.540736607143,10895.35478515625,10974.201806640625,355.9917344517917,11686.185275544209,10262.218337737042
2020-10-17,11358.1015625,11386.26171875,11285.345703125,11322.123046875,19130430174,-0.3,56,11424.360770089286,10908.991829427083,11003.343408203125,362.64325651978066,11728.629921242687,10278.056895163563
2020-10-18,11483.359375,11483.359375,11347.578125,11355.982421875,18283314340,0.0,55,11438.529017857143,10926.950944010418,11042.028759765624,370.8398900516028,11783.70853986883,10300.348979662418
2020-10-19,11742.037109375,11799.0927734375,11408.2900390625,11495.0380859375,23860769928,0.0,55,11465.196707589286,10948.540625,11086.898583984375,398.92657603573997,11884.751736055856,10289.045431912895
2020-10-20,11916.3349609375,11999.91796875,11681.48046875,11745.974609375,30915821592,0.0,56,11535.25892857143,10981.142740885416,11143.490771484376,432.6276397418639,12008.746050968104,10278.235492000647
2020-10-21,12823.689453125,13184.56640625,11900.9287109375,11913.0771484375,43414712626,0.0625,61,11734.42787388393,11059.857063802083,11253.70263671875,555.4365208543521,12364.575678427454,10142.829595010046
2020-10-22,12965.8916015625,13161.59375,12717.09375,12801.6357421875,34729759598,0.0,73,11944.505301339286,11140.771451822917,11373.198486328125,650.8446114204266,12674.88770916898,10071.50926348727
2020-10-23,12931.5390625,13015.9619140625,12752.6474609375,12971.548828125,28974975003,0.16818181818181818,74,12174.421875,11230.283203125,11492.308984375,707.638542484243,12907.586069343486,10077.031899406515
2020-10-24,13108.0625,13145.06640625,12885.7470703125,12931.57421875,24542317940,0.0,73,12424.416294642857,11308.549739583334,11614.232958984376,766.0825195495433,13146.397998083463,10082.067919885289
2020-10-25,13031.173828125,13329.18359375,12910.0615234375,13108.0634765625,24406920575,0.0,76,12645.532645089286,11386.498307291668,11726.124658203125,802.4379622306532,13331.000582664432,10121.248733741819
2020-10-26,13075.248046875,13225.2978515625,12822.3828125,13031.201171875,29461458313,0.0,75,12835.99135044643,11463.982454427083,11849.666748046875,810.8103728158349,13471.287493678545,10228.046002415205
2020-10-27,13654.21875,13759.6689453125,13060.837890625,13075.2421875,33749878156,0.0,61,13084.260463169643,11559.947428385416,11998.929248046876,855.5586060606826,13710.046460168242,10287.81203592551
2020-10-28,13271.28515625,13837.6953125,12932.2509765625,13654.21484375,35867318895,0.0,70,13148.202706473214,11645.335188802082,12116.709228515625,860.7114622802635,13838.132153076152,10395.286303955098
2020-10-29,13437.8828125,13612.0478515625,12980.0595703125,13271.298828125,56499499598,0.13636363636363635,67,13215.63002232143,11731.776595052082,12235.38046875,871.5464159238235,13978.473300597647,10492.287636902352
2020-10-30,13546.5224609375,13651.5166015625,13136.1982421875,13437.8740234375,30581485201,-0.3,74,13303.484793526786,11823.844303385416,12347.888525390625,889.0102440982176,14125.90901358706,10569.86803719419
2020-10-31,13780.9951171875,14028.2138671875,13457.5302734375,13546.5322265625,30306464719,0.0,73,13399.61802455357,11929.229069010416,12467.72919921875,913.4743642804912,14294.677927779732,10640.780470657766
2020-11-01,13737.109375,13862.033203125,13628.3779296875,13780.9951171875,24453857900,0.0,72,13500.46595982143,12034.600227864583,12576.81650390625,928.9265602174519,14434.669624341153,10718.963383471346
2020-11-02,13550.4892578125,13808.3232421875,13243.16015625,13737.0322265625,30771455468,0.0,71,13568.35756138393,12134.638899739582,12683.04599609375,911.705195746376,14506.456387586502,10859.635604600997
2020-11-03,13950.30078125,13984.9814453125,13325.44140625,13550.451171875,29869951617,0.0,71,13610.654994419643,12243.996158854166,12809.085693359375,903.4954074327048,14616.076508224785,11002.094878493965
2020-11-04,14133.70703125,14218.7666015625,13580.4716796875,13950.48828125,35116364962,0.0625,74,13733.858119419643,12355.341731770834,12941.003564453125,894.1461016241082,14729.295767701342,11152.711361204909
2020-11-05,15579.8486328125,15706.404296875,14102.0888671875,14133.7333984375,40856321439,0.13636363636363635,72,14039.853236607143,12521.189811197917,13153.88984375,990.129326382629,15134.148496515258,11173.63119098474
2020-11-06,15565.880859375,15903.4375,15226.83984375,15579.7294921875,39837841971,0.0,90,14328.3330078125,12684.42021484375,13364.27880859375,1034.5184578780159,15433.31572434978,11295.24189283772
2020-11-07,14833.75390625,15737.095703125,14423.203125,15565.880859375,35024953706,0.0,88,14478.727120535714,12815.022493489583,13531.79853515625,983.9389777111387,15499.676490578528,11563.920579733971
2020-11-08,15479.5673828125,15637.3203125,14744.1103515625,14833.75390625,26632075029,0.0,82,14727.649693080357,12962.192805989584,13718.675048828125,981.0489343653426,15680.77291755881,11756.57718009744
2020-11-09,15332.3154296875,15785.13671875,14865.529296875,15479.595703125,34149115566,0.0,90,14982.1962890625,13096.724609375,13889.474072265624,947.5353785631225,15784.544829391869,11994.40331513938
2020-11-10,15290.90234375,15450.3291015625,15124.9599609375,15332.3505859375,25574938143,0.0,90,15173.71079799107,13226.9486328125,14012.834716796875,961.971384635194,15936.777486067263,12088.891947526487
2020-11-11,15701.33984375,15916.2607421875,15290.0068359375,15290.9091796875,29772374934,0.0,86,15397.65834263393,13365.1478515625,14149.60712890625,999.0315251126196,16147.670179131488,12151.54407868101
2020-11-12,16276.34375,16305.00390625,15534.771484375,15701.298828125,34175758344,-0.15,87,15497.157645089286,13526.829329427082,14316.84736328125,1062.3496474779656,16441.54665823718,12192.148068325318
2020-11-13,16317.80859375,16463.177734375,15992.15234375,16276.4404296875,31599492172,0.0,89,15604.575892857143,13689.772721354168,14477.33466796875,1111.4407481723078,16700.216164313366,12254.453171624133
2020-11-14,16068.138671875,16317.80859375,15749.193359375,16317.80859375,27481710135,-0.15,90,15780.916573660714,13842.1990234375,14629.18291015625,1110.922533380928,16851.027976918107,12407.337843394394
2020-11-15,15955.587890625,16123.1103515625,15793.5341796875,16068.1396484375,23653867583,-0.3,86,15848.919503348214,13996.6478515625,14773.19990234375,1085.2757922689073,16943.751486881563,12602.648317805935
2020-11-16,16716.111328125,16816.181640625,15880.7060546875,15955.5771484375,31526766675,0.0,90,16046.60463169643,14175.248177083333,14926.29453125,1133.9886298869583,17194.271791023915,12658.317271476084
2020-11-17,17645.40625,17782.919921875,16564.544921875,16685.69140625,39006849170,0.0,86,16382.962332589286,14380.649739583334,15145.0005859375,1216.7804754245044,17578.56153678651,12711.43963508849
2020-11-18,17804.005859375,18393.94921875,17352.90625,17645.19140625,49064800278,0.0,91,16683.343191964286,14582.715364583333,15363.30673828125,1284.184078682093,17931.674895645436,12794.938580917064
2020-11-19,17817.08984375,18119.546875,17382.5546875,17803.861328125,36985055355,0.0,94,16903.449776785714,14779.407194010417,15576.835107421875,1320.7235923537135,18218.2822921293,12935.387922714448
2020-11-20,18621.314453125,18773.2265625,17765.794921875,17817.083984375,36992873940,0.0,86,17232.522042410714,14972.661360677082,15818.85107421875,1414.479334983086,18647.80974418492,12989.892404252578
2020-11-21,18642.232421875,18936.62109375,18444.359375,18621.31640625,39650210707,0.0,91,17600.24972098214,15161.872721354166,16064.1072265625,1459.0751598469838,18982.257546256467,13145.956906868534
2020-11-22,18370.001953125,18688.96875,17671.384765625,18642.232421875,41280434226,0.0,94,17945.166015625,15343.154817708333,16305.082861328125,1419.5365475304638,19144.15595638905,13466.009766267198
2020-11-23,18364.12109375,18711.42578125,18000.796875,18370.017578125,42741112308,0.0,90,18180.59598214286,15518.356770833334,16525.773876953124,1376.6310038810718,19279.035884715267,13772.511869190981
2020-11-24,19107.46484375,19348.271484375,18128.65625,18365.015625,51469565009,0.0,88,18389.461495535714,15720.8998046875,16774.461767578126,1371.0037930567478,19516.469353691624,14032.45418146463
2020-11-25,18732.12109375,19390.96484375,18581.146484375,19104.41015625,43710357371,0.0,94,18522.049386160714,15909.462239583334,16932.075390625,1407.159606836592,19746.394604298184,14117.756176951814
2020-11-26,17150.623046875,18866.28515625,16351.03515625,18729.83984375,61396835737,-0.3,93,18426.83984375,16026.009049479168,17011.3125,1370.3163333204373,19751.945166640875,14270.679833359125
2020-11-27,17108.40234375,17445.0234375,16526.423828125,17153.9140625,38886494645,0.0,86,18210.709542410714,16153.912955729167,17125.044921875,1270.8582667001992,19666.7614552754,14583.328388474602
2020-11-28,17717.4140625,17853.939453125,16910.65234375,17112.93359375,32601040734,0.0,87,18078.592633928572,16296.563997395833,17236.937255859375,1215.674838058457,19668.28693197629,14805.587579742461
2020-11-29,18177.484375,18283.62890625,17559.1171875,17719.634765625,31133957704,0.16818181818181818,89,18051.09012276786,16450.92939453125,17379.195703125,1145.5115196669856,19670.21874245897,15088.172663791027
2020-11-30,19625.8359375,19749.263671875,18178.322265625,18178.322265625,47728480399,0.0,88,18231.335100446428,16645.757421875,17595.9423828125,1139.68086292189,19875.30410865628,15316.58065696872
2020-12-01,18802.998046875,19845.974609375,18321.921875,19633.76953125,49633658712,0.0,95,18187.83984375,16814.620377604166,17751.02529296875,1077.644295664096,19906.313884296942,15595.736701640557
2020-12-02,19201.091796875,19308.330078125,18347.71875,18801.744140625,37387697139,0.16818181818181818,92,18254.83565848214,17002.973795572918,17897.2626953125,1065.371864588115,20028.00642448873,15766.518966136271
2020-12-03,19445.3984375,19566.19140625,18925.78515625,19205.92578125,31930317405,0.0,92,18582.660714285714,17186.143717447918,18053.6421875,1050.7712729485042,20155.18473339701,15952.099641602992
2020-12-04,18699.765625,19511.404296875,18697.193359375,19446.966796875,33872388058,0.13636363636363635,92,18809.99832589286,17338.345670572915,18185.22353515625,948.8847569627652,20082.99304908178,16287.454021230718
2020-12-05,19154.23046875,19160.44921875,18590.193359375,18698.384765625,27242455064,0.0,93,19015.2578125,17457.491731770835,18345.1556640625,813.1613736000786,19971.478411262655,16718.832916862342
2020-12-06,19345.12109375,19390.5,18897.89453125,19154.1796875,25293775714,0.0,95,19182.063058035714,17583.46640625,18476.60615234375,745.6525847421597,19967.91132182807,16985.30098285943
2020-12-07,19191.630859375,19411.828125,18931.142578125,19343.12890625,26896357742,0.0,94,19120.033761160714,17728.728971354165,18553.9173828125,735.0182343745169,20023.95385156153,17083.880914063466
2020-12-08,18321.14453125,19283.478515625,18269.9453125,19191.529296875,31692288756,0.0,95,19051.19754464286,17823.448209635415,18579.77431640625,716.1016018599139,20011.977520126078,17147.57111268642
2020-12-09,18553.916015625,18626.29296875,17935.546875,18320.884765625,34420373071,0.0,86,18958.74386160714,17930.834895833334,18616.615625,693.3922709196358,20003.40016683927,17229.831083160727
2020-12-10,18264.9921875,18553.298828125,17957.064453125,18553.298828125,25547132265,-0.15,94,18790.114397321428,18029.971223958335,18598.79951171875,697.8286877320652,19994.45688718288,17203.142136254617
2020-12-11,18058.904296875,18268.453125,17619.533203125,18263.9296875,27919640985,0.13636363636363635,89,18698.56277901786,18108.556705729166,18569.63310546875,708.0335819894349,19985.70026944762,17153.56594148988
2020-12-12,18803.65625,18919.55078125,18046.041015625,18051.3203125,21752580802,0.0,90,18648.48074776786,18192.800455729168,18591.3158203125,708.2383981624035,20007.792616637307,17174.83902398769
2020-12-13,19142.3828125,19381.53515625,18734.33203125,18806.765625,25450468637,-0.3,91,18619.518136160714,18286.9529296875,18630.22890625,716.4313521658829,20063.091610581763,17197.366201918234
2020-12-14,19246.64453125,19305.099609375,19012.708984375,19144.4921875,22473997681,0.0,95,18627.37723214286,18392.903125,18637.187890625,721.9654933578881,20081.118877340774,17193.256903909223
2020-12-15,19417.076171875,19525.0078125,19079.841796875,19246.919921875,26741982541,0.0,91,18783.938895089286,18508.286067708334,18671.43564453125,742.6554256469257,20156.746495825104,17186.1247932374
2020-12-16,21310.59765625,21458.908203125,19298.31640625,19418.818359375,44409011479,-0.15,92,19177.750558035714,18661.435611979166,18879.434375,866.5187541017402,20612.47188320348,17146.39686679652
2020-12-17,22805.162109375,23642.66015625,21234.67578125,21308.3515625,71378606374,0.0,92,19826.346261160714,18833.427473958334,19164.27236328125,1145.2044283228697,21454.681219926988,16873.86350663551
2020-12-18,23137.9609375,23238.6015625,22399.8125,22806.796875,40387896275,0.13636363636363635,95,20551.92578125,19011.2259765625,19435.29970703125,1398.233020100525,22231.765747232297,16638.8336668302
2020-12-19,23869.83203125,24085.85546875,22826.47265625,23132.865234375,38487546580,0.13636363636363635,93,21275.665178571428,19212.984049479168,19719.91708984375,1679.7382694705825,23079.393628784917,16360.440550902586
2020-12-20,23477.294921875,24209.66015625,23147.7109375,23861.765625,37844228422,0.0,92,21894.938337053572,19374.850065104165,19912.4900390625,1877.515751122573,23667.521541307648,16157.458536817354
2020-12-21,22803.08203125,24059.982421875,22159.3671875,23474.455078125,45852713981,0.0,92,22403.000837053572,19513.545052083333,20112.49423828125,1964.1625845050476,24040.819407291347,16184.169069271156
2020-12-22,23783.029296875,23789.90234375,22430.60546875,22794.0390625,44171632681,0.0,88,23026.708426339286,19693.979296875,20341.59111328125,2113.77965480758,24569.15042289641,16114.03180366609
2020-12-23,23241.345703125,24024.490234375,22802.646484375,23781.974609375,51146161904,0.0,93,23302.52957589286,19856.553450520834,20531.3884765625,2197.8240284368844,24927.03653343627,16135.740419688733
2020-12-24,23735.94921875,23768.337890625,22777.59765625,23240.203125,41080759713,0.0,86,23435.499162946428,20010.836263020832,20783.19765625,2264.4203250329188,25312.038306315837,16254.35700618416
2020-12-25,24664.791015625,24710.1015625,23463.673828125,23733.5703125,42068395846,0.0,94,23653.617745535714,20208.591927083333,21058.72568359375,2387.68008736707,25834.08585832789,16283.365508859612
2020-12-26,26437.037109375,26718.0703125,24522.689453125,24677.015625,48332647295,0.0,93,24020.361328125,20518.1390625,21413.321484375,2633.7319655046294,26680.785415384256,16145.85755336574
2020-12-27,26272.294921875,28288.83984375,25922.76953125,26439.373046875,66479895605,0.0,91,24419.647042410714,20823.6021484375,21767.3546875,2790.5975658036446,27348.549819107287,16186.159555892711
2020-12-28,27084.80859375,27389.111328125,26207.640625,26280.822265625,49056742893,0.0,92,25031.322265625,21135.8486328125,22205.537890625,2906.6178747377066,28018.773640100415,16392.302141149587
2020-12-29,27362.4375,27370.720703125,25987.298828125,27081.810546875,45265946774,0.0,91,25542.66629464286,21442.013736979166,22645.96396484375,2990.334347186551,28626.632659216855,16665.295270470648
2020-12-30,28840.953125,28937.740234375,27360.08984375,27360.08984375,51287442704,0.0625,91,26342.610212053572,21749.184309895834,23174.76201171875,3107.650323622446,29390.062658963645,16959.461364473857
2020-12-31,29001.720703125,29244.876953125,28201.9921875,28841.57421875,46754964848,0.0,95,27094.86328125,22089.141731770833,23721.90283203125,3122.8066494917407,29967.51613101473,17476.28953304777
2021-01-01,29374.15234375,29600.626953125,28803.5859375,28994.009765625,40730301359,0.0,94,27767.62918526786,22428.24375,24250.42763671875,3141.0567426446096,30532.54112200797,17968.314151429528
2021-01-02,32127.267578125,33155.1171875,29091.181640625,29376.455078125,67865420765,0.0,94,28580.51925223214,22850.972721354166,24899.671875,3363.743494720591,31627.158864441182,18172.184885558818
2021-01-03,32782.0234375,34608.55859375,32052.31640625,32129.408203125,78665235202,0.0,93,29510.48046875,23320.381315104165,25576.4408203125,3524.314487775189,32625.069795862877,18527.81184476212
2021-01-04,31971.9140625,33440.21875,28722.755859375,32810.94921875,81163475344,0.13636363636363635,94,30208.63839285714,23747.637434895834,26204.18271484375,3487.4071725976155,33178.99706003898,19229.36836964852
2021-01-05,33992.4296875,34437.58984375,30221.1875,31977.041015625,67547324782,0.0,93,31155.780133928572,24235.8810546875,26838.27431640625,3697.4126085553385,34233.09953351693,19443.449099295573
2021-01-06,36824.36328125,36879.69921875,33514.03515625,34013.61328125,75289433811,0.0,95,32296.26729910714,24823.638802083333,27539.234375,4188.8034884022745,35916.84135180455,19161.62739819545
2021-01-07,39371.04296875,40180.3671875,36491.19140625,36833.875,84762141031,0.0,91,33777.59905133928,25525.302083333332,28350.8884765625,4816.748508782984,37984.385494128466,18717.391458996535
2021-01-08,40797.609375,41946.73828125,36838.63671875,39381.765625,88107519480,0.0,93,35409.521484375,26266.758528645834,29197.27734375,5435.428466662731,40068.13427707546,18326.420410424536
2021-01-09,40254.546875,41436.3515625,38980.875,40788.640625,61984162837,0.0,93,36570.56138392857,26999.743684895835,30036.13994140625,5789.304890249926,41614.749721906104,18457.530160906397
2021-01-10,38356.44140625,41420.19140625,35984.62890625,40254.21875,79980747690,0.0,94,37366.90680803572,27676.328255208333,30813.80791015625,5811.150404609972,42436.10871937619,19191.50710093631
2021-01-11,35566.65625,38346.53125,30549.599609375,38346.53125,123320567399,0.0,90,37880.44140625,28235.094921875,31402.9892578125,5656.086324524721,42715.16190686194,20090.81660876306
2021-01-12,33922.9609375,36568.52734375,32697.9765625,35516.359375,74773277909,0.16818181818181818,84,37870.517299107145,28727.780859375,31937.07001953125,5340.352463485854,42617.774946502956,21256.365092559543
2021-01-13,37316.359375,37599.9609375,32584.66796875,33915.12109375,69364315979,0.0,78,37940.802455357145,29330.1046875,32616.09052734375,5100.696128090251,42817.48278352425,22414.698271163248
2021-01-14,39187.328125,39966.40625,36868.5625,37325.109375,63615990033,0.0,83,37914.55747767857,29989.1130859375,33342.2173828125,4940.369229043492,43222.955840899485,23461.478924725518
2021-01-15,36825.3671875,39577.7109375,34659.58984375,39156.70703125,67760757881,0.16818181818181818,88,37347.09430803572,30506.2720703125,33861.63388671875,4717.228569319825,43296.0910253584,24427.176748079102
2021-01-16,36178.140625,37864.3671875,35633.5546875,36821.6484375,57706187875,0.16818181818181818,84,36764.75055803572,30952.038020833334,34356.926171875,4386.909418758428,43130.74500939185,25583.107334358145
2021-01-17,35791.27734375,36722.3515625,34069.3203125,36163.6484375,52359854336,0.0,79,36398.298549107145,31373.815234375,34792.249609375,4046.0380232680427,42884.32565591109,26700.173562838914
2021-01-18,36630.07421875,37299.28515625,34883.84375,35792.23828125,49511702429,0.16818181818181818,79,36550.21540178572,31799.156640625,35255.6314453125,3662.8942167977466,42581.419878908,27929.843011717006
2021-01-19,36069.8046875,37755.890625,36069.8046875,36642.234375,57244195486,0.0,80,36856.90736607143,32218.906966145834,35617.0740234375,3338.9334272073593,42294.94087785222,28939.20716902278
2021-01-20,35547.75,36378.328125,33570.4765625,36050.11328125,66834573161,0.16818181818181818,78,36604.24888392857,32643.729231770834,35944.37548828125,2955.106494518914,41854.58847731908,30034.162499243423
2021-01-21,30825.69921875,35552.6796875,30250.75,35549.3984375,75643067688,0.0,75,35409.73046875,32878.48489583333,36016.95283203125,2798.9480980109347,41614.849028053126,30419.056636009384
2021-01-22,33005.76171875,33811.8515625,28953.373046875,30817.625,77207272511,0.0,40,34864.072544642855,33203.9654296875,36060.8775390625,2740.986487805499,41542.8505146735,30578.904563451502
2021-01-23,32067.642578125,33360.9765625,31493.16015625,32985.7578125,48354737975,0.0,74,34276.85853794643,33481.68854166667,36025.15849609375,2790.17690283932,41605.51230177239,30444.804690415105
2021-01-24,32289.37890625,32944.0078125,31106.685546875,32064.376953125,48643830599,0.0,70,33776.58733258928,33735.841471354164,36041.03173828125,2766.708811858614,41574.44936199848,30507.61411456402
2021-01-25,32366.392578125,34802.7421875,32087.787109375,32285.798828125,59897054838,0.0,74,33167.489955357145,33933.486653645836,35959.7298828125,2852.6338531585843,41664.99758912966,30254.46217649533
2021-01-26,32569.849609375,32794.55078125,31030.265625,32358.61328125,60255421470,0.0,71,32667.49637276786,34143.40514322917,35747.00419921875,2941.996557378215,41630.997313975175,29863.011084462316
2021-01-27,30432.546875,32564.029296875,29367.138671875,32564.029296875,62576762015,0.0,78,31936.753069196428,34254.996419270836,35300.07939453125,3039.793060441501,41379.66551541425,29220.493273648244
2021-01-28,33466.09765625,33858.3125,30023.20703125,30441.041015625,76517157706,0.0,55,32313.95284598214,34458.4517578125,34933.50380859375,2772.22687499025,40477.95755857425,29389.050058613248
2021-01-29,34316.38671875,38406.26171875,32064.814453125,34318.671875,117894572511,0.0,77,32501.184988839286,34640.9662109375,34636.59580078125,2474.3297015545913,39585.25520389043,29687.93639767207
2021-01-30,34269.5234375,34834.70703125,32940.1875,34295.93359375,65141828798,0.0,76,32815.73939732143,34816.55963541667,34432.24990234375,2314.555633549338,39061.361169442425,29803.13863524507
2021-01-31,33114.359375,34288.33203125,32270.17578125,34270.87890625,52754542671,0.0,78,32933.59375,34941.233203125,34309.63505859375,2316.2521624088226,38942.13938341139,29677.130733776103
2021-02-01,33537.17578125,34638.21484375,32384.228515625,33114.578125,61400400660,0.0,77,33100.84849330357,34988.230143229164,34290.34580078125,2321.242775884222,38932.83135254969,29647.860249012807
2021-02-02,35510.2890625,35896.8828125,33489.21875,33533.19921875,63088585433,-0.15,76,33520.91127232143,35079.17233072917,34200.04228515625,2230.690256389514,38661.42279793527,29738.661772377218
2021-02-03,37472.08984375,37480.1875,35443.984375,35510.8203125,61166818159,0.0,78,34526.560267857145,35262.5115234375,34114.28037109375,2054.9013862674165,38224.08314362858,30004.47759855892
2021-02-04,36926.06640625,38592.17578125,36317.5,37475.10546875,68838074392,-0.3,80,35020.841517857145,35360.2994140625,34119.31533203125,2062.004854800124,38243.3250416315,29995.305622431
2021-02-05,38144.30859375,38225.90625,36658.76171875,36931.546875,58598066402,0.0,81,35567.6875,35404.297591145834,34217.62373046875,2207.093048249724,38631.8098269682,29803.437633969304
2021-02-06,39266.01171875,40846.546875,38138.38671875,38138.38671875,71326033653,0.0,84,36281.47154017857,35400.796549479164,34391.36044921875,2459.78263252116,39310.92571426107,29471.79518417643
2021-02-07,38903.44140625,39621.8359375,37446.15234375,39250.19140625,65500641143,0.0,86,37108.48325892857,35337.6576171875,34505.02880859375,2616.231788864694,39737.49238632314,29272.565230864362
2021-02-08,46196.46484375,46203.9296875,38076.32421875,38886.828125,101467222687,-0.3,83,38916.953125,35535.72154947917,35011.36181640625,3693.2541449540927,42397.87010631443,27624.853526498064
2021-02-09,46481.10546875,48003.72265625,45166.9609375,46184.9921875,91809846886,0.0,95,40484.212611607145,35806.543684895834,35558.02958984375,4498.261602709895,44554.55279526354,26561.506384423956
2021-02-10,44918.18359375,47145.56640625,43881.15234375,46469.76171875,87301089896,0.13636363636363635,92,41547.94029017857,36118.26126302083,36262.65380859375,4810.845302267054,45884.34441312786,26640.96320405964
2021-02-11,47909.33203125,48463.46875,44187.76171875,44898.7109375,81388911810,0.0,93,43116.978236607145,36584.4736328125,37007.83232421875,5398.208109416259,47804.24854305126,26211.41610538623
2021-02-12,47504.8515625,48745.734375,46424.9765625,47877.03515625,76555041196,0.0,92,44454.19866071428,36924.0900390625,37779.6927734375,5747.030959588269,49273.754692614035,26285.630854260962
2021-02-13,47105.515625,48047.74609375,46392.28125,47491.203125,70250456155,0.16818181818181818,92,45574.12779017857,37188.029622395836,38520.499609375,5953.285082929179,50427.06977523336,26613.929443516645
2021-02-14,48717.2890625,49487.640625,47114.5078125,47114.5078125,71248675228,0.0,95,46976.10602678572,37584.427018229166,39338.04443359375,6181.995731668817,51702.03589693138,26974.052970256118
2021-02-15,47945.05859375,48875.5703125,46347.4765625,48696.53515625,77069903166,0.0,93,47225.90513392857,37976.6576171875,40106.8048828125,6251.638658067964,52610.08219894843,27603.527566676574
2021-02-16,49199.87109375,50341.1015625,47201.3046875,47944.45703125,77049582886,0.0,95,47614.30022321428,38423.6107421875,41045.17109375,6130.418954122104,53306.009001994214,28784.333185505795
2021-02-17,52149.0078125,52533.9140625,49072.37890625,49207.27734375,80820545404,0.0,95,48647.275111607145,38940.908528645836,41979.3166015625,6334.778580513203,54648.87376258891,29309.759440536094
2021-02-18,51679.796875,52474.10546875,51015.765625,52140.97265625,52054723579,0.0,91,49185.91294642857,39461.2416015625,42847.487109375,6418.57254237219,55684.632194119375,30010.34202463062
2021-02-19,55888.1328125,56113.65234375,50937.27734375,51675.98046875,63495496918,0.13636363636363635,93,50383.52455357143,40139.25436197917,43928.417578125,6711.624488371192,57351.666554867385,30505.16860138262
2021-02-20,56099.51953125,57505.2265625,54626.55859375,55887.3359375,68145460026,0.0,91,51668.38225446428,40981.7150390625,45077.6755859375,6730.324738968818,58538.325063875134,31617.02610799986
2021-02-21,57539.9453125,58330.5703125,55672.609375,56068.56640625,51897585191,0.13636363636363635,91,52928.76171875,41799.521158854164,46277.8140625,6704.148497619831,59686.11105773966,32869.51706726034
2021-02-22,54207.3203125,57533.390625,48967.56640625,57532.73828125,92052420332,0.0625,94,53823.37053571428,42537.510416666664,47212.665625,6421.284755649582,60055.23513629916,34370.09611370084
2021-02-23,48824.42578125,54204.9296875,45290.58984375,54204.9296875,106102492824,0.0,94,53769.73549107143,43088.67864583333,47780.282421875,6003.07043383776,59786.42328955053,35774.14155419948
2021-02-24,49705.33203125,51290.13671875,47213.5,48835.0859375,63695521388,0.0,76,53420.638950892855,43666.643294270834,48419.245703125,5440.71670601795,59300.6791151609,37537.8122910891
2021-02-25,47093.8515625,51948.96875,47093.8515625,49709.08203125,54506565949,0.0,79,52765.50390625,44150.776692708336,48866.7228515625,4891.47587396811,58649.67459949872,39083.771103626284
2021-02-26,46339.76171875,48370.78515625,44454.84375,47180.46484375,350967941479,0.13636363636363635,55,51401.450892857145,44681.0171875,49220.4103515625,4390.864737063338,58002.13982568918,40438.68087743583
2021-02-27,46188.453125,48253.26953125,45269.02734375,46344.7734375,45910946382,0.0,56,49985.584263392855,45105.095703125,49584.6609375,3744.564596027191,57073.79012955438,42095.531745445616
2021-02-28,45137.76953125,46716.4296875,43241.6171875,46194.015625,53443887451,0.0625,55,48213.84486607143,45465.80846354167,49531.726171875,3802.02470217914,57135.77557623328,41927.67676751672
2021-03-01,49631.2421875,49784.015625,45115.09375,45159.50390625,53891300112,0.0,38,47560.119419642855,45977.86575520833,49689.2330078125,3733.630190432823,57156.49338867815,42221.97262694685
2021-03-02,48378.98828125,50127.51171875,47228.84375,49612.10546875,47530897720,0.0,78,47496.48549107143,46486.68671875,49862.2732421875,3577.818093233602,57017.909428654704,42706.63705572029
2021-03-03,50538.2421875,52535.13671875,48274.3203125,48415.81640625,53220811975,0.0,78,47615.47265625,47053.388932291666,49993.71875,3550.480027355026,57094.67880471005,42892.75869528995
2021-03-04,48561.16796875,51735.08984375,47656.9296875,50522.3046875,52343816680,0.0,84,47825.08928571428,47488.418229166666,50046.5345703125,3519.226976382232,57084.988523076965,43008.08061754803
2021-03-05,48927.3046875,49396.4296875,46542.515625,48527.03125,48625928883,0.0,77,48194.73828125,47870.25872395833,50137.6240234375,3462.212169599338,57062.048362636175,43213.199684238825
2021-03-06,48912.3828125,49147.21875,47257.52734375,48899.23046875,34363564661,0.0,77,48583.87109375,48269.80260416667,50147.3787109375,3458.2723902965977,57063.923491530695,43230.8339303443
2021-03-07,51206.69140625,51384.3671875,48918.6796875,48918.6796875,43137459378,0.0,76,49450.85993303572,48705.21536458333,50310.4603515625,3425.702599021955,57161.86554960641,43459.05515351859
2021-03-08,52246.5234375,52314.0703125,49506.0546875,51174.1171875,48597428048,0.0,81,49824.47154017857,49137.899088541664,50462.79296875,3441.4207201612417,57345.63440907248,43579.95152842752
2021-03-09,54824.1171875,54824.1171875,51981.83203125,52272.96875,50912227385,0.0,81,50745.20424107143,49668.58828125,50596.5484375,3560.338340096856,57717.22511769371,43475.87175730629
2021-03-10,56008.55078125,57258.25390625,53290.890625,54824.01171875,57295577614,0.0,68,51526.67689732143,49995.6578125,50812.9861328125,3755.8628519862446,58324.71183678498,43301.26042884001
2021-03-11,57805.12109375,58091.0625,54484.59375,55963.1796875,56772343595,0.0,73,52847.24162946428,50373.125,50908.835546875,3913.3557062138507,58735.5469593027,43082.1241344473
2021-03-12,57332.08984375,57996.62109375,55376.6484375,57821.21875,55689944702,-0.15,70,54047.92522321428,50786.921875,50970.4640625,4007.964037826416,58986.392138152834,42954.53598684717
2021-03-13,61243.0859375,61683.86328125,56217.97265625,57343.37109375,60669829814,0.0,74,55809.45424107143,51231.38033854167,51155.62109375,4394.342969928781,59944.30703360756,42366.93515389244
2021-03-14,59302.31640625,61597.91796875,59302.31640625,61221.1328125,43901225564,0.0,78,56965.97209821428,51624.629166666666,51410.3708984375,4716.447033314217,60843.26496506593,41977.476831809065
2021-03-15,55907.19921875,60540.9921875,55393.1640625,59267.4296875,66419369890,0.0,76,57488.92578125,51918.01861979167,51764.5095703125,4777.571771242121,61319.65311279674,42209.366027828255
2021-03-16,56804.90234375,56833.1796875,53555.02734375,55840.78515625,59749798599,0.0,71,57771.89508928572,52187.605729166666,52119.4880859375,4879.192128988357,61877.87234391421,42361.10382796078
2021-03-17,58870.89453125,58969.81640625,54528.62890625,56825.828125,60258313191,0.0,71,58180.80133928572,52551.80026041667,52708.340234375,4950.881528468949,62610.103291312895,42806.5771774371
2021-03-18,57858.921875,60116.25,54253.578125,58893.078125,55746041000,0.0,72,58188.48716517857,52840.435286458334,53284.2982421875,4839.793800857537,62963.88584390257,43604.710640472425
2021-03-19,58346.65234375,59498.375,56643.703125,57850.44140625,49063873786,0.13636363636363635,71,58333.42466517857,53047.0234375,53892.208203125,4661.904949311658,63216.01810174832,44568.39830450169
2021-03-20,58313.64453125,60031.28515625,58213.296875,58332.26171875,50361731222,0.0,75,57914.93303571428,53268.151692708336,54551.001953125,4274.542240897823,63100.086434920646,46001.917471329354
2021-03-21,57523.421875,58767.8984375,56005.6171875,58309.9140625,51943414539,-0.3,73,57660.80524553572,53322.661328125,54945.6109375,4159.196753452606,63264.00444440521,46627.21743059479
2021-03-22,54529.14453125,58471.48046875,54288.15625,57517.890625,56521454974,-0.3,70,57463.94029017857,53270.31549479167,55253.11875,3865.101109235603,62983.320968471206,47522.9165315288
2021-03-23,54738.9453125,55985.44140625,53470.6953125,54511.66015625,56435023914,0.0,66,57168.80357142857,53176.948828125,55463.15390625,3706.2759227436104,62875.70575173722,48050.60206076278
2021-03-24,52774.265625,57262.3828125,52514.33203125,54710.48828125,70567223787,-0.15,65,56297.85658482143,53129.180338541664,55673.8087890625,3400.451547486102,62474.71188403471,48872.905694090296
2021-03-25,51704.16015625,53392.38671875,50856.5703125,52726.74609375,67999812841,-0.15,60,55418.60491071428,53225.171484375,55812.6515625,3158.5772127576515,62129.80598801531,49495.4971369847
2021-03-26,55137.3125,55137.3125,51579.85546875,51683.01171875,56652197978,0.0,54,54960.12779017857,53406.2375,56123.898046875,2718.9440357036624,61561.786118282325,50686.00997546768
2021-03-27,55973.51171875,56568.21484375,54242.91015625,55137.56640625,47266542233,0.0625,65,54625.82310267857,53702.226171875,56362.2390625,2462.00648619201,61286.25203488402,51438.226090115975
2021-03-28,55950.74609375,56610.3125,55071.11328125,55974.94140625,47686580918,0.16818181818181818,74,54401.15513392857,54022.59231770833,56547.4501953125,2267.7625294095587,61082.97525413162,52011.92513649338
2021-03-29,57750.19921875,58342.09765625,55139.33984375,55947.8984375,57625587027,0.0,72,54861.30580357143,54407.98385416667,56693.754296875,2245.004063540694,61183.76242395639,52203.74616979361
2021-03-30,58917.69140625,59447.22265625,57251.55078125,57750.1328125,54414116432,0.0,72,55458.26953125,54867.31458333333,56839.211328125,2292.023458027282,61423.25824417956,52255.16441207044
2021-03-31,58918.83203125,59930.02734375,57726.41796875,58930.27734375,65520826225,0.0,76,56336.064732142855,55176.90091145833,56894.896875,2329.9410665883292,61554.77900817666,52235.01474182334
2021-04-01,59095.80859375,59586.0703125,58505.27734375,58926.5625,61669163792,0.0,74,57392.01450892857,55534.128255208336,56983.0828125,2380.1948351483643,61743.47248279673,52222.693142203265
2021-04-02,59384.3125,60267.1875,58869.28125,59098.87890625,58727860620,0.16818181818181818,74,57998.728794642855,55828.997265625,56890.144140625,2237.088651568982,61364.321443762965,52415.96683748704
2021-04-03,57603.890625,60110.26953125,57603.890625,59397.41015625,59641344484,0.0,73,58231.64006696428,56130.42135416667,56805.2228515625,2171.991246987092,61149.205345536684,52461.24035758832
2021-04-04,58758.5546875,58913.74609375,57168.67578125,57604.83984375,50749662970,0.13636363636363635,74,58632.755580357145,56458.1296875,56947.790625,2203.2980181455846,61354.38666129117,52541.19458870883
2021-04-05,59057.87890625,59891.296875,57694.82421875,58760.875,60706272115,-0.3,71,58819.56696428572,56796.312890625,57060.439453125,2252.6496831242075,61565.738819373415,52555.140086876585
2021-04-06,58192.359375,59479.578125,57646.80859375,59171.93359375,66058027988,0.0,75,58715.94810267857,57029.16848958333,57026.5126953125,2228.932431792449,61484.377558897395,52568.647831727605
2021-04-07,56048.9375,58731.14453125,55604.0234375,58186.5078125,75645303584,0.0,72,58305.963169642855,57155.915625,56936.0134765625,2230.1003278422822,61396.21413224706,52475.81282087793
2021-04-08,58323.953125,58338.73828125,55879.0859375,56099.9140625,53053855641,0.13636363636363635,73,58195.69810267857,57272.576822916664,56934.878515625,2229.350279010516,61393.57907364603,52476.17795760397
2021-04-09,58245.00390625,58937.046875,57807.86328125,58326.5625,46655208546,0.0,70,58032.939732142855,57347.125260416666,56931.446484375,2227.1677541869044,61385.78199274881,52477.1109760012
2021-04-10,59793.234375,61276.6640625,58038.70703125,58253.77734375,58238470525,0.0,70,58345.703125,57413.395703125,57044.937109375,2315.0200695853164,61674.977248545634,52414.89697020437
2021-04-11,60204.96484375,60790.5546875,59289.796875,59846.23046875,46280252580,0.0,76,58552.33314732143,57509.158203125,57328.728125,2338.160058272925,62005.048241545854,52652.40800845415
2021-04-12,59893.453125,61253.03515625,59589.875,60175.9453125,51828688519,0.0,74,58671.700892857145,57464.17044270833,57586.453515625,2321.696844009644,62229.84720364428,52943.05982760571
2021-04-13,63503.45703125,63742.28515625,59869.95703125,59890.01953125,69983454362,0.0,74,59430.42912946428,57604.20846354167,58122.9130859375,2389.816656388052,62902.5463987136,53343.2797731614
2021-04-14,63109.6953125,64863.09765625,61554.796875,63523.75390625,77451779687,0.0,75,60439.10881696428,57844.291666666664,58693.18984375,2123.509329346496,62940.20850244299,54446.17118505701
2021-04-15,63314.01171875,63821.671875,62208.96484375,63075.1953125,60954381579,0.0,79,61151.974330357145,58061.261979166666,59102.0248046875,2188.983856731595,63479.99251815069,54724.057091224306
2021-04-16,61572.7890625,63594.72265625,60222.53125,63258.50390625,84293007468,0.0,78,61627.37220982143,58151.32513020833,59381.988671875,2124.925295600678,63631.839263076356,55132.13808067364
2021-04-17,60683.8203125,62572.17578125,60361.3515625,61529.921875,66138759198,0.13636363636363635,76,61754.59877232143,58245.48841145833,59618.6423828125,1981.3881781584284,63581.41873912935,55655.86602649564
2021-04-18,56216.18359375,61057.45703125,52829.53515625,60701.88671875,97468872758,0.0,79,61184.77287946428,58174.47278645833,59541.9416015625,2084.530350935107,63711.00230343272,55372.88089969229
2021-04-19,55724.265625,57520.0546875,54368.59375,56191.5859375,65344865159,0.16818181818181818,74,60589.17466517857,58088.16015625,59382.2703125,2250.557030932102,63883.3843743642,54881.156250635795
2021-04-20,56473.03125,57062.1484375,53448.046875,55681.79296875,67849323955,0.16818181818181818,73,59584.828125,58053.147135416664,59259.9802734375,2341.6698028863966,63943.31987921029,54576.6406676647
2021-04-21,53906.08984375,56757.97265625,53695.46875,56471.12890625,54926612466,0.0,73,58270.02734375,58032.378645833334,59000.4943359375,2630.54390220103,64261.58214033956,53739.406531535446
2021-04-22,51762.2734375,55410.23046875,50583.8125,53857.10546875,74798630778,0.0,65,56619.779017857145,57933.15625,58619.3923828125,3084.8971203926712,64789.18662359784,52449.59814202716
2021-04-23,51093.65234375,52120.79296875,47714.6640625,51739.80859375,86668667320,0.0,55,55122.759486607145,57877.13580729167,58293.88046875,3511.6465909600743,65317.17365067015,51270.587286829854
2021-04-24,50050.8671875,51167.5625,48805.28515625,51143.2265625,49014494781,-0.15,37,53603.76618303572,57822.026041666664,57858.49609375,3961.935522215315,65782.36713818063,49934.62504931937
2021-04-25,49004.25390625,50506.01953125,47159.484375,50052.83203125,46117114240,0.0625,31,52573.490513392855,57617.59075520833,57355.81484375,4413.776550777021,66183.36794530404,48528.26174219596
2021-04-26,54021.75390625,54288.00390625,48852.796875,49077.79296875,58284039825,-0.3,27,52330.27455357143,57552.53216145833,57147.2845703125,4470.332046109479,66087.94866253146,48206.62047809354
2021-04-27,55033.1171875,55416.96484375,53319.1875,54030.3046875,49448222757,0.0,50,52124.572544642855,57521.94453125,57096.4935546875,4489.199004495555,66074.89156367861,48118.095545696386
2021-04-28,54824.703125,56227.20703125,53887.91796875,55036.63671875,48000572955,0.0,59,52255.803013392855,57424.427994791666,56921.5310546875,4506.996803619299,65935.52466192609,47907.5374474489
2021-04-29,53555.109375,55115.84375,52418.02734375,54858.08984375,46088929780,0.0,52,52511.92243303572,57245.67526041667,56687.036328125,4556.249857814115,65799.53604375324,47574.53661249677
2021-04-30,57750.17578125,57900.71875,53129.6015625,53568.6640625,52395931985,0.0,51,53462.85435267857,57206.720052083336,56584.8833984375,4505.563445921742,65596.01029028099,47573.756506594014
2021-05-01,57828.05078125,58448.33984375,57052.2734375,57714.6640625,42836427360,0.0,68,54573.880580357145,57164.46145833333,56466.0376953125,4435.858231724876,65337.754158762255,47594.32123186275
2021-05-02,56631.078125,57902.59375,56141.90625,57825.86328125,38177405335,0.0,66,55663.42689732143,57072.68697916667,56302.9189453125,4362.567050131728,65028.05304557596,47577.78484504904
2021-05-03,57200.29296875,58973.30859375,56590.87109375,56620.2734375,51713139031,0.0,61,56117.50390625,57059.233723958336,55987.7607421875,4030.0115686262748,64047.78387944005,47927.73760493495
2021-05-04,53333.5390625,57214.1796875,53191.42578125,57214.1796875,68564706967,0.0,68,55874.70703125,56878.39986979167,55498.9529296875,3700.093532045835,62899.139993779165,48098.76586559583
2021-05-05,57424.0078125,57911.36328125,52969.0546875,53252.1640625,69241316747,0.0,48,56246.03627232143,56823.9375,55204.452734375,3252.6850114977196,61709.82275737044,48699.08271137956
2021-05-06,56396.515625,58363.31640625,55382.5078125,57441.30859375,69523285106,-0.15,65,56651.951450892855,56764.07604166667,54945.6390625,2906.841765183767,60759.32259286753,49131.955532132466
2021-05-07,57356.40234375,58606.6328125,55321.84765625,56413.953125,68434023376,0.0,64,56595.69810267857,56807.658203125,54779.2681640625,2644.520869268648,60068.309902599794,49490.22642552521
2021-05-08,58803.77734375,59464.61328125,56975.2109375,57352.765625,65382980634,0.0,67,56735.087611607145,56823.65234375,54908.6478515625,2778.42712080162,60465.502093165735,49351.79360995926
2021-05-09,58232.31640625,59210.8828125,56482.00390625,58877.390625,65906690347,0.13636363636363635,73,56963.8359375,56823.22942708333,55034.050390625,2872.194396913075,60778.43918445115,49289.661596798855
2021-05-10,55859.796875,59519.35546875,54071.45703125,58250.87109375,71776546298,0.0,72,56772.33649553572,56692.11484375,55003.388671875,2859.268409763831,60721.92549140266,49284.85185234734
2021-05-11,56704.57421875,56872.54296875,54608.65234375,55847.2421875,61308396325,0.0,61,57253.91294642857,56575.43515625,55143.312890625,2871.19352359946,60885.69993782392,49400.92584342608
2021-05-12,49150.53515625,57939.36328125,49150.53515625,56714.53125,75215403907,0.0,68,56071.98828125,56217.337890625,55012.7259765625,3084.530085312629,61181.786147187755,48843.66580593724
2021-05-13,49716.19140625,51330.84375,46980.01953125,49735.43359375,96721152926,0.0,31,55117.65625,55757.762369791664,54943.8529296875,3190.210861535879,61324.27465275925,48563.43120661574
2021-05-14,49880.53515625,51438.1171875,48868.578125,49682.98046875,55737497453,0.0,26,54049.67522321428,55316.790364583336,54935.336328125,3204.1575642287567,61343.65145658251,48527.021199667484
2021-05-15,46760.1875,50639.6640625,46664.140625,49855.49609375,59161047474,0.0,27,52329.162388392855,54764.99622395833,54823.1330078125,3452.454627902778,61728.04226361806,47918.22375200695
2021-05-16,46456.05859375,49720.04296875,43963.3515625,46716.63671875,64047871555,0.0,20,50646.83984375,54261.105208333334,54444.8482421875,3926.7849089686742,62298.41806012485,46591.27842425015
2021-05-17,43537.51171875,46623.55859375,42207.2890625,46415.8984375,74903638450,0.0,27,48886.513392857145,53689.56158854167,53870.06796875,4616.843516913258,63103.755002576516,44636.38093492349
2021-05-18,42909.40234375,45812.45703125,42367.83203125,43488.05859375,56187365084,0.13636363636363635,21,46915.77455357143,53246.002213541666,53274.3029296875,5216.955051407617,63708.21303250274,42840.39282687227
2021-05-19,37002.44140625,43546.1171875,30681.49609375,42944.9765625,126358098747,-0.15,23,45180.33258928572,52621.94140625,52446.66953125,6358.214183631633,65163.09789851327,39730.241163986735
2021-05-20,40782.73828125,42462.984375,35050.6171875,36753.66796875,88281943359,0.0,11,43904.125,52098.931640625,51598.29765625,6734.187253695536,65066.672163641066,38129.92314885893
2021-05-21,37304.69140625,42172.171875,33616.453125,40596.94921875,82051616861,0.0,19,42107.575892857145,51545.55169270833,50572.1296875,7276.759049476758,65125.64778645351,36018.61158854648
2021-05-22,37536.6328125,38831.0546875,35383.68359375,37371.03125,57377273240,-0.3,12,40789.92522321428,51071.363671875,49617.407421875,7681.339841798933,64980.08710547287,34254.727738277135
2021-05-23,34770.58203125,38289.21875,31227.33984375,37531.44921875,78469274361,0.0,14,39120.57142857143,50527.261328125,48495.921875,8139.669357906046,64775.26059081209,32216.58315918791
2021-05-24,38705.98046875,39835.140625,34551.08203125,34700.36328125,67359584098,0.0,10,38430.35267857143,50149.0984375,47764.5439453125,8336.894117586098,64438.33218048469,31090.755710140304
2021-05-25,38402.22265625,39776.3515625,36581.4296875,38795.78125,56211915803,0.13636363636363635,22,37786.46986607143,49795.69739583333,46813.4546875,8261.606410698505,63336.66750889701,30290.24186610299
2021-05-26,39294.19921875,40782.078125,37905.8359375,38392.625,51346735160,0.0,22,38113.86383928572,49304.77890625,45958.3388671875,8101.034221726561,62160.40731064062,29756.27042373438
2021-05-27,38436.96875,40379.6171875,37247.90234375,39316.890625,43210968721,0.0,27,37778.75390625,48751.573958333334,45012.3671875,7799.008920904697,60610.38502930939,29414.349345690607
2021-05-28,35697.60546875,38856.96875,34779.0390625,38507.08203125,55200191952,-0.15,21,37549.170200892855,48114.00403645833,43857.05859375,7346.797711505955,58550.65401676191,29163.46317073809
2021-05-29,34616.06640625,37234.5,33693.9296875,35684.15625,45231013335,0.0625,18,37131.94642857143,47482.70260416667,42676.24609375,6791.615697594633,56259.477488939265,29093.014698560735
2021-05-30,35678.12890625,36400.66796875,33520.73828125,34607.40625,31646080921,0.13636363636363635,10,37261.595982142855,46746.96770833333,41667.1626953125,6203.553645250885,54074.26998581427,29260.05540481073
2021-05-31,37332.85546875,37468.25,34241.9453125,35658.59375,39009847639,0.0,18,37065.435267857145,46063.79453125,40698.5767578125,5155.9713884060375,51010.519534624575,30386.63398100043
2021-06-01,36684.92578125,37896.734375,35787.0859375,37293.79296875,34639423297,0.16818181818181818,20,36820.107142857145,45398.92278645833,40075.2962890625,4823.1950577741945,49721.68640461089,30428.906173514108
2021-06-02,37575.1796875,38231.33984375,35966.30859375,36699.921875,33070867190,-0.15,23,36574.532924107145,44744.75234375,39468.245703125,4279.292346961297,48026.8303970476,30909.661009202406
2021-06-03,39208.765625,39478.953125,37243.97265625,37599.41015625,35460750427,0.0,24,36684.78962053572,44273.9265625,38934.6572265625,3508.574023081091,45951.80527272468,31917.509180400317
2021-06-04,36894.40625,39242.484375,35717.72265625,39242.484375,41831090187,0.13636363636363635,27,36855.76116071428,43589.60651041667,38441.3681640625,3008.310942745329,44457.99004955316,32424.74627857184
2021-06-05,35551.95703125,37917.71484375,34900.4140625,36880.15625,35959473399,0.0,24,36989.45982142857,42894.787890625,37896.1630859375,2407.4142308929904,42710.99154772348,33081.33462415152
2021-06-06,35862.37890625,36436.421875,35304.578125,35538.609375,28913440585,0.0,17,37015.78125,42178.32044270833,37512.4064453125,2045.3194681767288,41603.04538166596,33421.76750895905
2021-06-07,33560.70703125,36790.5703125,33480.640625,35835.265625,33683936663,-0.15,15,36476.90290178572,41336.884765625,37044.9716796875,1800.6104394753556,40646.19255863821,33443.75080073679
2021-06-08,33472.6328125,34017.38671875,31114.443359375,33589.51953125,49902050442,0.0,13,36018.00390625,40511.56197916667,36868.48125,1970.0197683036927,40808.52078660738,32928.44171339261
2021-06-09,37345.12109375,37537.37109375,32475.865234375,33416.9765625,53972919008,0.0,14,35985.138392857145,39894.40611979167,36696.600390625,1747.9837512825675,40192.567893190135,33200.63288805986
2021-06-10,36702.59765625,38334.32421875,35847.59375,37389.515625,43576032854,0.0,21,35627.11439732143,39227.673567708334,36666.495703125,1742.134687824883,40150.76507877477,33182.22632747523
2021-06-11,37334.3984375,37608.6953125,36044.44921875,36697.03125,38699736985,0.0,21,35689.970424107145,38833.80234375,36656.383984375,1737.3988827264602,40131.18174982793,33181.58621892208
2021-06-12,35552.515625,37408.92578125,34728.19140625,37340.14453125,37924228550,0.0,28,35690.05022321428,38361.67981770833,36695.4806640625,1701.14896184672,40097.77858775594,33293.18274036906
2021-06-13,39097.859375,39322.78125,34864.109375,35555.7890625,40669112838,0.0,23,36152.26171875,38002.25729166667,36715.074609375,1727.5763913296257,40170.22739203425,33259.92182671575
2021-06-14,40218.4765625,40978.36328125,38757.28515625,39016.96875,43148914673,0.0,28,37103.37165178572,37784.20026041667,36805.8873046875,1863.3346080587235,40532.55652080495,33079.21808857005
2021-06-15,40406.26953125,41295.26953125,39609.46875,40427.16796875,46420149185,0.0,38,38093.89118303572,37582.540625,36861.4908203125,1955.7946607706722,40773.08014185385,32949.901498771156
2021-06-16,38347.0625,40516.77734375,38176.03515625,40168.69140625,39211635100,0.0,33,38237.025669642855,37409.525651041666,36856.9955078125,1952.0827028795622,40761.16091357162,32952.830102053376
2021-06-17,38053.50390625,39513.671875,37439.67578125,38341.421875,37096670047,0.0,26,38430.01227678572,37247.662369791666,36974.7904296875,1949.5187653314965,40873.82796035049,33075.752899024505
2021-06-18,35787.24609375,38187.26171875,35255.85546875,38099.4765625,36200887275,0.0,25,38208.990513392855,37207.155859375,37033.3494140625,1891.6707228388648,40816.69085974023,33250.007968384765
2021-06-19,35615.87109375,36457.796875,34933.0625,35854.52734375,31207279719,0.0,23,38218.041294642855,37034.926953125,37030.2365234375,1894.0679239649924,40818.372371367484,33242.10067550752
2021-06-20,35698.296875,36059.484375,33432.07421875,35563.140625,36664034054,0.0,21,37732.38950892857,36981.38046875,36948.50859375,1915.46708090338,40779.44275555676,33117.574431943234
2021-06-21,31676.693359375,35721.640625,31295.935546875,35641.14453125,52809038594,0.0,23,36512.134765625,36786.049153645836,36698.09697265625,2249.9088752217804,41197.914723099806,32198.27922221269
2021-06-22,32505.66015625,33292.453125,28893.62109375,31622.376953125,58964353058,0.0,10,35383.476283482145,36710.5517578125,36444.62099609375,2424.6753439348695,41293.971683963486,31595.27030822401
2021-06-23,33723.02734375,34753.41015625,31772.6328125,32515.71484375,46317108925,0.0,14,34722.89983258928,36544.4533203125,36170.33408203125,2405.737333090431,40981.80874821211,31358.85941585039
2021-06-24,34662.4375,35228.8515625,32385.21484375,33682.80078125,33123368116,0.0,22,34238.46177455357,36419.79381510417,36058.73564453125,2422.0941088816207,40902.92386229449,31214.547426768004
2021-06-25,31637.779296875,35487.24609375,31350.884765625,34659.10546875,40230904226,0.0,27,33645.68080357143,36164.579817708334,35863.0267578125,2615.6034693786933,41094.233696569885,30631.819819055112
2021-06-26,32186.27734375,32637.587890625,30184.501953125,31594.6640625,38585385521,0.0,20,33155.73883928572,35956.2234375,35679.2216796875,2741.772845313758,41162.767370315014,30195.675989059986
2021-06-27,34649.64453125,34656.12890625,32071.7578125,32287.5234375,35511640894,0.0,22,33005.931361607145,35921.29140625,35733.6685546875,2708.093949195275,41149.85645307805,30317.480656296953
2021-06-28,34434.3359375,35219.890625,33902.07421875,34679.12109375,33892523752,0.0,25,33399.88030133928,35915.233723958336,35781.7537109375,2674.1592175298692,41130.072145997234,30433.43527587776
2021-06-29,35867.77734375,36542.109375,34252.484375,34475.55859375,37901460044,0.0,25,33880.18275669643,35921.555338541664,35707.8865234375,2648.987673147656,41005.861869732806,30409.911177142185
2021-06-30,35040.8359375,36074.7578125,34086.15234375,35908.38671875,34059036099,0.0,28,34068.441127232145,35845.1546875,35624.7984375,2642.1981658344516,40909.194769168906,30340.402105831097
2021-07-01,33572.1171875,35035.984375,32883.78125,35035.984375,37838957079,0.0,28,33912.68108258928,35741.39440104167,35436.684375,2647.998667784056,40732.68171056811,30140.687039431883
2021-07-02,33897.046875,33939.58984375,32770.6796875,33549.6015625,38728974942,0.13636363636363635,21,34235.43359375,35618.78997395833,35353.9109375,2669.97023303883,40693.85140357766,30013.970471422337
2021-07-03,34668.546875,34909.26171875,33402.6953125,33854.421875,24383958643,0.0,24,34590.04352678572,35467.44934895833,35132.4453125,2522.7148429225203,40177.87499834504,30087.01562665496
2021-07-04,35287.78125,35937.56640625,34396.4765625,34665.56640625,24924307911,0.0,27,34681.20591517857,35413.895182291664,34885.910546875,2222.593801934999,39331.098150745,30440.722943005
2021-07-05,33746.00390625,35284.34375,33213.66015625,35284.34375,26721554282,0.0,29,34582.872767857145,35353.69674479167,34552.897265625,1813.1915433231252,38179.28035227125,30926.514178978745
2021-07-06,34235.1953125,35038.53515625,33599.91796875,33723.5078125,26501259870,0.0,20,34349.646763392855,35299.457291666666,34347.30390625,1578.2315219338868,37503.76695011777,31190.84086238223
2021-07-07,33855.328125,34997.6640625,33839.2890625,34225.6796875,24796027477,0.0,28,34180.28850446428,35309.277994791664,34137.3951171875,1316.9016215206868,36771.198360228875,31503.59187414613
2021-07-08,32877.37109375,33907.90625,32133.18359375,33889.60546875,29910396946,0.0,20,34081.0390625,35289.4359375,33991.9013671875,1285.3967522562384,36562.694871699976,31421.107862675024
2021-07-09,33798.01171875,34042.29296875,32318.880859375,32861.671875,27436021028,0.0,20,34066.89118303572,35171.198958333334,33901.0083984375,1227.4864409396466,36355.981280316795,31446.035516558208
2021-07-10,33520.51953125,34209.0703125,33116.01171875,33811.2421875,22971873468,0.0,20,33902.88727678572,35065.1296875,33792.11953125,1154.0575214443859,36100.23457413877,31484.004488361228
2021-07-11,34240.1875,34584.703125,33346.73828125,33509.078125,20108729370,0.0625,20,33753.23102678572,34961.98932291667,33920.29423828125,1043.8362545200819,36007.966747321414,31832.621729241084
2021-07-12,33155.84765625,34592.15625,32697.30859375,34254.015625,24321499537,0.0,25,33668.92299107143,34882.100390625,33952.80361328125,1006.9322927177002,35966.66819871665,31938.93902784585
2021-07-13,32702.025390625,33327.1015625,32261.419921875,33125.46875,19120856669,0.0,20,33449.898716517855,34668.905924479164,33901.753515625,1044.380122849359,35990.51376132372,31812.993269926283
2021-07-14,32822.34765625,33061.3984375,31639.125,32723.845703125,21376531210,0.0,21,33302.330078125,34422.36829427083,33809.7490234375,1054.8396568740468,35919.42833718559,31700.069709689407
2021-07-15,31780.73046875,33159.640625,31175.708984375,32827.875,21300524237,-0.3,20,33145.66713169643,34134.850325520834,33816.89658203125,1039.723884977315,35896.344351985885,31737.448812076622
2021-07-16,31421.5390625,32218.40625,31100.673828125,31841.55078125,23699476918,0.0,22,32806.17103794643,33903.99954427083,33778.65966796875,1114.2395730540945,36007.13881407694,31550.180521860562
2021-07-17,31533.068359375,31935.9453125,31223.990234375,31397.30859375,18895018942,0.16818181818181818,15,32522.249441964286,33686.651692708336,33622.830859375,1200.6024811789412,36024.035821732876,31221.625897017115
2021-07-18,31796.810546875,32398.99609375,31215.4921875,31533.884765625,18787986667,0.13636363636363635,19,32173.19559151786,33553.63717447917,33490.95458984375,1250.5885502640247,35992.131690371796,30989.7774893157
2021-07-19,30817.83203125,31885.859375,30563.734375,31800.01171875,20434789545,0.0,24,31839.193359375,33393.7025390625,33238.45732421875,1255.2345795820613,35748.92648338287,30727.988165054623
2021-07-20,29807.34765625,31006.1875,29360.955078125,30838.28515625,23148267245,0.0,19,31425.66796875,33197.337565104164,32976.78291015625,1397.1990412081918,35771.180992572634,30182.38482773987
2021-07-21,32110.693359375,32752.326171875,29526.18359375,29796.28515625,28203024559,0.16818181818181818,10,31324.003069196428,33211.80423177083,32903.71171875,1402.6298285388261,35708.97137582765,30098.452061672346
2021-07-22,32313.10546875,32576.400390625,31745.298828125,32138.873046875,19555230518,0.0625,21,31400.056640625,33205.3857421875,32824.5146484375,1388.2343153730353,35600.98327918357,30048.046017691428
2021-07-23,33581.55078125,33581.55078125,32057.892578125,32305.958984375,22552046192,0.0,23,31708.629743303572,33200.66985677083,32770.16484375,1332.3952827737462,35434.95540929749,30105.374278202504
2021-07-24,34292.4453125,34490.390625,33424.859375,33593.73046875,21664706865,0.0,22,32102.82645089286,33188.33678385417,32720.398046875,1249.4141232613065,35219.226293397616,30221.569800352387
2021-07-25,35350.1875,35364.92578125,33881.8359375,34290.29296875,20856685287,0.0,27,32610.451729910714,33312.083723958334,32800.6072265625,1364.877714120472,35530.362654803444,30070.851798321553
2021-07-26,37337.53515625,40499.67578125,35287.3125,35384.03125,51022126212,0.0,26,33541.837890625,33483.792317708336,32955.72421875,1677.0804637054978,36309.885146160996,29601.563291339007
2021-07-27,39406.94140625,39406.94140625,36441.7265625,37276.03515625,35097370560,0.0,32,34913.20842633928,33642.368880208334,33233.3048828125,2208.9206016566154,37651.14608612574,28815.463679499273
2021-07-28,39995.90625,40816.0703125,38862.4375,39503.1875,38702404695,0.0,50,36039.66741071428,33827.754557291664,33589.231640625,2673.256298528153,38935.74423768131,28242.719043568697
2021-07-29,40008.421875,40593.0703125,39352.05859375,39995.453125,27167146027,-0.3,50,37138.998325892855,33965.776041666664,33899.7521484375,3035.0031643391007,39969.758477115705,27829.7458197593
2021-07-30,42235.546875,42235.546875,38397.35546875,40027.484375,33072782960,0.0,53,38375.283482142855,34205.59973958333,34335.503515625,3558.2203654188734,41451.94424646275,27219.062784787253
2021-07-31,41626.1953125,42231.44921875,41110.83203125,42196.3046875,25802845343,0.0,60,39422.96205357143,34474.069010416664,34704.80390625,3913.3721988816787,42531.54830401336,26878.059508486644
2021-08-01,39974.89453125,42541.6796875,39540.94140625,41460.84375,26688438115,-0.15,60,40083.634486607145,34676.66393229167,35045.75625,4065.4175488907354,43176.59134778147,26914.92115221853
2021-08-02,39201.9453125,40419.1796875,38746.34765625,39907.26171875,25595265436,0.13636363636363635,48,40349.978794642855,34827.77721354167,35370.75224609375,4127.527374529162,43625.806995152074,27115.69749703542
2021-08-03,38152.98046875,39750.03125,37782.05078125,39178.40234375,26189830450,0.0,48,40170.841517857145,34923.283854166664,35637.28388671875,4126.415597245241,43890.11508120924,27384.45269222827
2021-08-04,39747.50390625,39952.296875,37589.1640625,38213.33203125,25372562724,0.16818181818181818,42,40135.35546875,35123.33385416667,36035.62255859375,4119.058645240456,44273.739849074664,27797.505268112836
2021-08-05,40869.5546875,41341.93359375,37458.00390625,39744.515625,35185031017,0.0,50,40258.37444196428,35344.479166666664,36508.02333984375,4103.785939394752,44715.59521863325,28300.451461054246
2021-08-06,42816.5,43271.66015625,39932.1796875,40865.8671875,38226483046,0.0,52,40341.36774553572,35643.184895833336,37072.194921875,4159.080306520959,45390.35553491692,28754.034308833085
2021-08-07,44555.80078125,44689.859375,42618.56640625,42832.796875,40030862141,0.13636363636363635,69,40759.8828125,36032.46588541667,37710.14443359375,4283.973289084207,46278.09101176216,29142.197855425336
2021-08-08,43798.1171875,45282.3515625,43331.91015625,44574.4375,36302664750,0.0,74,41306.05747767857,36365.802734375,38359.15869140625,4166.477545172311,46692.11378175087,30026.20360106163
2021-08-09,46365.40234375,46456.83203125,42848.6875,43791.92578125,38734079049,0.0625,65,42329.408482142855,36793.965494791664,39187.06142578125,4020.27214476856,47227.605715318365,31146.51713624413
2021-08-10,45585.03125,46637.98828125,44705.5546875,46280.84765625,33546019517,-0.3,71,43391.13002232143,37172.126953125,39860.7783203125,3899.1923456751383,47659.16301166278,32062.39362896222
2021-08-11,45593.63671875,46735.6328125,45351.7109375,45599.703125,34319709073,0.0,70,44226.29185267857,37586.719921875,40524.8048828125,3670.293208214684,47865.39129924187,33184.218466383136
2021-08-12,44428.2890625,46228.91015625,43861.4453125,45576.87890625,33723620826,-0.15,70,44734.68247767857,37977.595377604164,41067.141796875,3380.2508245938347,47827.64344606267,34306.640147687336
2021-08-13,47793.3203125,47831.9765625,44282.41796875,44439.69140625,31744259539,0.0,70,45445.65680803572,38476.62779947917,41742.185546875,3303.324487993311,48348.83452286162,35135.53657088838
2021-08-14,47096.9453125,48098.68359375,46177.6328125,47810.6875,31211354442,0.0625,76,45808.677455357145,38987.168294270836,42329.5234375,3147.627326529372,48624.77809055874,36034.26878444126
2021-08-15,47047.00390625,47357.10546875,45579.58984375,47096.66796875,30988958446,0.0,71,46272.80412946428,39508.01712239583,42814.996875,3085.3182361673807,48985.63334733476,36644.36040266523
2021-08-16,46004.484375,47998.09765625,45700.3203125,47019.9609375,32776876610,0.16818181818181818,72,46221.244419642855,39990.39765625,43144.8740234375,3054.2997605917612,49253.473544621025,37036.274502253975
2021-08-17,44695.359375,47139.5703125,44512.41796875,45936.45703125,33451362600,0.0,72,46094.1484375,40420.349283854164,43379.8466796875,2979.1376121201056,49338.12190392771,37421.57145544729
2021-08-18,44801.1875,45952.0625,44364.02734375,44686.75,32194123075,0.0,73,45980.94140625,40886.4611328125,43619.4849609375,2884.9439630062698,49389.37288695004,37849.59703492496
2021-08-19,46717.578125,46970.76171875,43998.31640625,44741.8828125,37204312299,0.16818181818181818,70,46307.982700892855,41450.135481770834,43843.5865234375,2945.2334206954183,49734.05336482834,37953.119682046665
2021-08-20,49339.17578125,49342.15234375,46650.70703125,46723.12109375,34706867452,0.0,70,46528.81919642857,42024.418229166666,44229.235546875,3138.251040475942,50505.737627826886,37952.73346592312
2021-08-21,48905.4921875,49717.01953125,48312.19921875,49327.07421875,40585205312,0.0,78,46787.18303571428,42577.497786458334,44675.7654296875,3136.407198949201,50948.5798275859,38402.951031789096
2021-08-22,49321.65234375,49471.609375,48199.94140625,48869.10546875,25370975378,0.13636363636363635,76,47112.1328125,43102.16783854167,45181.75078125,3021.02359141471,51223.797964079415,39139.70359842058
2021-08-23,49546.1484375,50482.078125,49074.60546875,49291.67578125,34305053719,-0.15,79,47618.08482142857,43610.624609375,45751.4091796875,2680.919208382309,51113.247596452115,40389.570762922885
2021-08-24,47706.1171875,49878.76953125,47687.1171875,49562.34765625,35361168834,0.0,79,48048.193080357145,44022.488932291664,46149.33984375,2307.4964427293344,50764.33272920867,41534.34695829133
2021-08-25,48960.7890625,49202.87890625,47163.61328125,47727.2578125,32646349931,0.0,73,48642.421875,44409.93072916667,46553.9015625,2025.1181714558716,50604.13790541174,42503.66521958826
2021-08-26,46942.21875,49347.58203125,46405.78125,49002.640625,32666549568,0.0,75,48674.513392857145,44661.106640625,46760.1875,1824.57652761545,50409.3405552309,43111.0344447691
2021-08-27,49058.66796875,49112.78515625,46394.28125,46894.5546875,34511076995,0.0,71,48634.44084821428,44963.19869791667,46985.330859375,1816.045611695196,50617.42208276539,43353.2396359846
2021-08-28,48902.40234375,49283.50390625,48499.23828125,49072.5859375,28568103401,0.16818181818181818,78,48633.99944196428,45259.664713541664,47240.5451171875,1699.4822330653512,50639.509583318206,43841.5806510568
2021-08-29,48829.83203125,49644.11328125,47925.85546875,48911.25,25889650240,0.16818181818181818,72,48563.73939732143,45479.47421875,47363.7666015625,1721.8845961493193,50807.53579386114,43919.99740926386
2021-08-30,47054.984375,48925.60546875,46950.2734375,48834.8515625,31847007016,0.13636363636363635,73,48207.85881696428,45660.433854166666,47437.2642578125,1672.6319252465803,50782.52810830566,44092.00040731934
2021-08-31,47166.6875,48189.55078125,46750.09375,47024.33984375,34730363427,0.0,73,48130.79743303572,45900.16028645833,47515.916796875,1617.4505350085033,50750.817866892,44281.01572685799
2021-09-01,48847.02734375,49111.08984375,46562.4375,47099.7734375,39139399125,0.0,71,48114.54575892857,46221.66302083333,47736.8537109375,1468.4206749321788,50673.69506080186,44800.012361073146
2021-09-02,49327.72265625,50343.421875,48652.3203125,48807.84765625,39508070319,0.0,74,48455.33203125,46594.15442708333,47813.573828125,1510.9927424890936,50835.559313103186,44791.58834314682
2021-09-03,50025.375,50982.2734375,48386.0859375,49288.25,43206179619,0.16818181818181818,74,48593.43303571428,46936.75013020833,47959.9953125,1578.2836324045932,51116.56257730919,44803.42804769082
2021-09-04,49944.625,50545.58203125,49548.78125,50009.32421875,37471327794,0.0625,72,48742.321986607145,47239.25247395833,48104.8763671875,1622.4412494509795,51349.758866089454,44859.99386828554
2021-09-05,51753.41015625,51868.6796875,49538.59765625,49937.859375,30322676319,0.0,73,49159.97600446428,47537.14947916667,48392.32265625,1736.0214869160488,51864.365630082095,44920.2796824179
2021-09-06,52633.53515625,52700.94140625,51053.6796875,51769.00390625,38884105426,0.13636363636363635,79,49956.911830357145,47806.40729166667,48789.2314453125,1753.6616682664408,52296.55478184538,45281.90810877962
2021-09-07,46811.12890625,52853.765625,43285.20703125,52660.48046875,65210059683,0.0,79,49906.11774553572,47906.841015625,48889.728515625,1559.9874765129475,52009.70346865089,45769.75356259911
2021-09-08,46091.390625,47334.0546875,44561.39453125,46827.76171875,49007762488,-0.15,47,49512.455357142855,47897.707291666666,48858.419140625,1611.3170438793381,52081.05322838368,45635.785052866326
2021-09-09,46391.421875,47261.94921875,45669.73828125,45774.7421875,38672657013,-0.3,45,49092.98381696428,47924.58697916667,48711.0314453125,1697.5368472635307,52106.105139839565,45315.95775078544
2021-09-10,44883.91015625,47031.7421875,44344.484375,46396.6640625,39154666597,0.0,46,48358.48883928572,47900.929427083334,48509.95234375,1899.4650477904054,52308.88243933082,44711.02224816919
2021-09-11,45201.45703125,45969.29296875,44818.265625,44869.83984375,34499835245,0.13636363636363635,31,47680.89341517857,47926.70169270833,48303.942578125,2026.013271634561,52355.969121394126,44251.91603485588
2021-09-12,46063.26953125,46364.87890625,44790.4609375,45206.62890625,27881980161,0.0,32,46868.01618303572,47869.03333333333,48129.7986328125,2062.9677624862748,52255.734157785046,44003.86310783995
2021-09-13,44963.07421875,46598.6796875,43591.3203125,46057.21484375,40969943253,0.0,44,45772.236049107145,47797.904296875,47992.646484375,2180.4551323928986,52353.556749160794,43631.736219589206
2021-09-14,47092.4921875,47218.125,44752.33203125,44960.05078125,38652152880,0.0,30,45812.43080357143,47799.420572916664,47899.231640625,2176.8127128434403,52252.85706631188,43545.606214938125
2021-09-15,48176.34765625,48450.46875,46773.328125,47098.0,30484496466,0.0,49,46110.28180803572,47871.816015625,47960.9380859375,2165.7200583854783,52292.37820270846,43629.49796916654
2021-09-16,47783.359375,48486.828125,47079.55859375,48158.90625,31764293754,0.0,53,46309.13002232143,47974.749348958336,47897.17265625,2150.4188913480502,52198.0104389461,43596.3348735539
2021-09-17,47267.51953125,48160.921875,46832.5234375,47771.00390625,28727713711,0.0,48,46649.64564732143,48056.96041666667,47815.428515625,2141.2497703287513,52097.9280562825,43532.92897496749
2021-09-18,48278.36328125,48791.78125,47087.28515625,47273.52734375,28575630451,0.0,50,47089.20368303572,48108.986588541666,47787.855078125,2131.025811981864,52049.90670208873,43525.80345416127
2021-09-19,47260.21875,48328.3671875,46919.8046875,48268.85546875,26967722648,0.0,53,47260.19642857143,48039.68802083333,47798.116796875,2127.802718708848,52053.7222342927,43542.511359457305
2021-09-20,42843.80078125,47328.19921875,42598.9140625,47261.40625,43909845642,0.0,50,46957.443080357145,47837.631640625,47581.9724609375,2397.7568522938486,52377.486165525195,42786.4587563498
2021-09-21,40693.67578125,43607.609375,39787.609375,43012.234375,48701090088,0.0,27,46043.326450892855,47550.032421875,47174.3048828125,2826.1926289016355,52826.69014061577,41521.919625009235
2021-09-22,43574.5078125,43978.62109375,40625.6328125,40677.953125,38139709246,0.0,21,45385.92075892857,47350.977734375,46886.644140625,2887.598597323771,52661.84133527255,41111.446945977455
2021-09-23,44895.09765625,44942.17578125,43109.33984375,43560.296875,34244064430,0.0,27,44973.31194196428,47257.277083333334,46630.1302734375,2821.206593646938,52272.54346073137,40987.717086143624
2021-09-24,42839.75,45080.4921875,40936.55859375,44894.30078125,42839345714,0.0,33,44340.7734375,47053.242447916666,46274.8865234375,2829.1906144344457,51933.26775230639,40616.505294568604
2021-09-25,42716.59375,42996.2578125,41759.921875,42840.890625,31604717236,0.0,28,43546.23493303572,46912.38828125,45823.045703125,2622.2338292648105,51067.513361654615,40578.57804459538
2021-09-26,43208.5390625,43919.30078125,40848.4609375,42721.62890625,30661222077,0.0,27,42967.423549107145,46717.383984375,45351.7958984375,2135.630631204765,49623.05716084703,41080.53463602797
2021-09-27,42235.73046875,44313.24609375,42190.6328125,43234.18359375,30980029059,0.0,26,42880.556361607145,46495.16158854167,45123.0259765625,2214.675253099915,49552.37648276233,40693.67547036267
2021-09-28,41034.54296875,42775.14453125,40931.6640625,42200.8984375,30214940550,0.0,25,42929.251674107145,46235.318619791666,44870.18359375,2380.7376218646455,49631.65883747929,40108.70835002071
2021-09-29,41564.36328125,42545.2578125,40829.66796875,41064.984375,30602359905,0.0625,24,42642.088169642855,46052.29791666667,44628.8306640625,2461.7022154758524,49552.235095014206,39705.4262331108
2021-09-30,43790.89453125,44092.6015625,41444.58203125,41551.26953125,31141681925,0.0,20,42484.34486607143,45939.771484375,44574.1798828125,2467.866278615355,49509.91244004321,39638.447325581794
2021-10-01,48116.94140625,48436.01171875,43320.0234375,43816.7421875,42850641582,0.0,27,43238.22935267857,45915.435286458334,44719.9541015625,2589.956264082697,49899.8666297279,39540.0415733971
2021-10-02,47711.48828125,48282.0625,47465.49609375,48137.46875,30614346492,0.0,54,43951.78571428572,45861.560807291666,44802.3650390625,2660.2190719006203,50122.80318286374,39481.926895261255
2021-10-03,48199.953125,49130.69140625,47157.2890625,47680.02734375,26638115879,0.0625,49,44664.84486607143,45800.71341145833,44964.208984375,2766.837952078283,50497.88488853157,39430.53308021843
2021-10-04,49112.90234375,49456.77734375,47045.00390625,48208.90625,33383173002,0.0,54,45647.29799107143,45772.98932291667,45065.2294921875,2883.0759993779884,50831.38149094347,39299.07749343153
2021-10-05,51514.8125,51839.984375,49072.83984375,49174.9609375,35873904236,0.0,59,47144.47935267857,45765.03606770833,45232.152734375,3156.3737897671726,51544.90031390934,38919.40515484066
2021-10-06,55361.44921875,55568.46484375,50488.19140625,51486.6640625,49034730168,0.0,68,49115.49162946428,45855.966536458334,45611.0572265625,3856.05357420101,53323.16437496452,37898.95007816048
2021-10-07,53805.984375,55338.625,53525.46875,55338.625,36807860413,0.0,76,50546.21875,46089.12838541667,45937.98046875,4259.906236000225,54457.79294075045,37418.16799674955
2021-10-08,53967.84765625,55922.98046875,53688.0546875,53802.14453125,34800873924,-0.3,74,51382.0625,46351.676953125,46222.4546875,4600.755575062664,55423.96583762533,37020.943537374675
2021-10-09,54968.22265625,55397.9453125,53735.14453125,53929.78125,32491211414,0.13636363636363635,72,52418.73883928572,46637.5703125,46607.8548828125,4997.962333585199,56603.77954998289,36611.9302156421
2021-10-10,54771.578125,56401.3046875,54264.2578125,54952.8203125,39527792364,0.0,71,53357.54241071428,46967.15924479167,47204.24375,5231.3709713019325,57666.98569260386,36741.50180739614
2021-10-11,57484.7890625,57793.0390625,54519.765625,54734.125,42637331698,0.0625,71,54553.52622767857,47376.60364583333,48043.7994140625,5473.297115295277,58990.39364465306,37097.205183471946
2021-10-12,56041.05859375,57627.87890625,54477.97265625,57526.83203125,41083758949,0.13636363636363635,78,55200.1328125,47709.196614583336,48667.126953125,5644.715682000924,59956.55831712685,37377.69558912315
2021-10-13,57401.09765625,57688.66015625,54370.97265625,56038.2578125,41684252783,0.16818181818181818,70,55491.51116071428,48123.79739583333,49292.426953125,5892.1335824196785,61076.69411796436,37508.159788285644
2021-10-14,57321.5234375,58478.734375,56957.07421875,57372.83203125,36615791366,0.0,70,55993.73102678572,48464.76510416667,50016.515625,5947.006267233316,61910.52815946663,38122.50309053337
2021-10-15,61593.94921875,62757.12890625,56868.14453125,57345.90234375,51780081801,0.0,71,57083.174107142855,48912.01848958333,50960.3833984375,6219.245042479213,63398.87348339593,38521.89331347907
2021-10-16,60892.1796875,62274.4765625,60206.12109375,61609.52734375,34250964237,0.0,78,57929.45368303572,49348.979166666664,51844.5654296875,6315.457639377927,64475.480708443356,39213.650150931644
2021-10-17,61553.6171875,61645.5234375,59164.46875,60887.65234375,29032367511,0.0,79,58898.31640625,49825.182421875,52810.459765625,6245.385825451189,65301.23141652737,40319.68811472262
2021-10-18,62026.078125,62614.66015625,60012.7578125,61548.8046875,38055562075,0.0,78,59547.071986607145,50283.43958333333,53860.0365234375,5917.4817545539845,65695.00003254547,42025.07301432953
2021-10-19,64261.9921875,64434.53515625,61622.93359375,62043.1640625,40471196346,-0.15,75,60721.49107142857,50850.165364583336,54994.91796875,5603.444425925562,66201.80682060112,43788.02911689888
2021-10-20,65992.8359375,66930.390625,63610.67578125,64284.5859375,40788955582,0.0625,82,61948.88225446428,51621.79986979167,56105.0150390625,5464.483158510551,67033.9813560836,45176.04872204139
2021-10-21,62210.171875,66600.546875,62117.41015625,66002.234375,45908121370,0.0,84,62647.26060267857,52339.01640625,56809.6765625,5285.9476568049695,67381.57187610994,46237.78124889006
2021-10-22,60692.265625,63715.0234375,60122.796875,62237.890625,38434082775,0.0,75,62518.44866071428,52909.60833333333,57458.7154296875,4892.29280433668,67243.30103836086,47674.12982101414
2021-10-23,61393.6171875,61743.87890625,59826.5234375,60694.62890625,26882546034,0.13636363636363635,74,62590.08258928572,53459.558984375,58118.3986328125,4447.41901877785,67013.2366703682,49223.5605952568
2021-10-24,60930.8359375,61505.8046875,59643.34375,61368.34375,27316183882,0.0,73,62501.11383928572,54062.59518229167,58709.2953125,3944.6088799665995,66598.5130724332,50820.0775525668
2021-10-25,63039.82421875,63729.32421875,60691.80078125,60893.92578125,31064911614,0.0,72,62645.93470982143,54740.03619791667,59285.5458984375,3670.5832608008527,66626.7124200392,51944.379376835794
2021-10-26,60363.79296875,63229.02734375,59991.16015625,63032.76171875,34878965587,-0.15,76,62089.049107142855,55311.87799479167,59535.6630859375,3557.81835767815,66651.2998012938,52420.0263705812
2021-10-27,58482.38671875,61435.18359375,58208.1875,60352.0,43657076893,0.13636363636363635,73,61016.12779017857,55853.433203125,59769.483203125,3306.214991970461,66381.91318706592,53157.053219184076
2021-10-28,60622.13671875,62128.6328125,58206.91796875,58470.73046875,45257083247,0.0,66,60789.265625,56506.35299479167,60102.19765625,3013.5148104397304,66129.22727712945,54075.16803537054
2021-10-29,62227.96484375,62927.609375,60329.96484375,60624.87109375,36856881767,0.0,70,61008.65122767857,57195.13971354167,60465.184765625,2791.6242465579057,66048.43325874081,54881.93627250919
2021-10-30,61888.83203125,62330.14453125,60918.38671875,62239.36328125,32157938616,0.0,73,61079.396205357145,57798.404296875,60821.0474609375,2461.781581506839,65744.61062395119,55897.484297923824
2021-10-31,61318.95703125,62406.171875,60074.328125,61850.48828125,32241199927,0.0,74,61134.842075892855,58238.471484375,61012.755859375,2334.289638190578,65681.33513575616,56344.176582993845
2021-11-01,61004.40625,62419.00390625,59695.18359375,61320.44921875,36150572843,0.0,74,60844.068080357145,58681.56875,61260.9232421875,2020.6800470897626,65302.28333636702,57219.563148007976
2021-11-02,63226.40234375,64242.79296875,60673.0546875,60963.25390625,37746665647,0.0,73,61253.01227678572,59182.450390625,61552.1884765625,1847.4442518636536,65247.07698028981,57857.29997283519
2021-11-03,62970.046875,63516.9375,61184.23828125,63254.3359375,36124731509,0.0,76,61894.10658482143,59644.355208333334,61834.6146484375,1578.881348250468,64992.37734493843,58676.851951936565
2021-11-04,61452.23046875,63123.2890625,60799.6640625,62941.8046875,32615846901,0.16818181818181818,73,62012.69140625,59975.60247395833,61827.5287109375,1580.335632686508,64988.19997631051,58666.857445564485
2021-11-05,61125.67578125,62541.46875,60844.609375,61460.078125,30605102446,0.0625,73,61855.22154017857,60167.743359375,61839.203515625,1573.911440777741,64987.02639718048,58691.380634069516
2021-11-06,61527.48046875,61590.68359375,60163.78125,61068.875,29094934221,0.0625,71,61803.599888392855,60425.1265625,61837.8966796875,1574.1718757818428,64986.240431251186,58689.55292812382
2021-11-07,63326.98828125,63326.98828125,61432.48828125,61554.921875,24726754302,0.0,73,62090.46149553572,60737.097916666666,61902.9421875,1608.8519603366115,65120.64610817322,58685.238266826775
2021-11-08,67566.828125,67673.7421875,63344.06640625,63344.06640625,41125608330,-0.15,75,63027.95033482143,61157.051432291664,62068.183984375,1988.7589089035362,66045.70180218207,58090.66616656793
2021-11-09,66971.828125,68530.3359375,66382.0625,67549.734375,42357991721,0.0,84,63563.01116071428,61563.72643229167,62117.13359375,2099.4108142985347,66315.95522234707,57918.31196515293
2021-11-10,64995.23046875,68789.625,63208.11328125,66953.3359375,48730828378,0.0,75,63852.32310267857,61814.074479166666,62256.3865234375,2196.0484548898107,66648.48343321712,57864.28961365788
2021-11-11,64949.9609375,65579.015625,64180.48828125,64978.890625,35880633236,0.0,77,64351.99888392857,62111.037890625,62469.2712890625,2242.325132285601,66953.9215536337,57984.621024491295
2021-11-12,64155.94140625,65460.81640625,62333.9140625,64863.98046875,36084893887,0.0,74,64784.89397321428,62336.19934895833,62607.3875,2257.603766482031,67122.59503296406,58092.17996703593
2021-11-13,64469.52734375,64915.67578125,63303.734375,64158.12109375,30474228777,0.0,72,65205.18638392857,62574.466145833336,62784.3220703125,2257.9606935039683,67300.24345732044,58268.40068330456
2021-11-14,65466.83984375,65495.1796875,63647.80859375,64455.37109375,25122092191,0.0,74,65510.87946428572,62703.5625,62905.6728515625,2336.2750760617737,67578.22300368604,58233.12269943895
2021-11-15,63557.87109375,66281.5703125,63548.14453125,65521.2890625,30558763548,0.0,72,64938.17131696428,62792.41888020833,63065.3767578125,2261.3403785384103,67588.05751488931,58542.696000735676
2021-11-16,60161.24609375,63721.1953125,59016.3359375,63721.1953125,46844335592,-0.15,71,63965.23102678572,62746.006510416664,63149.3197265625,2108.23940791097,67365.79854238444,58932.84091074056
2021-11-17,60368.01171875,60823.609375,58515.41015625,60139.62109375,39178392930,0.0,52,63304.19977678572,62690.737630208336,63136.6134765625,2124.971652118925,67386.55678080035,58886.67017232465
2021-11-18,56942.13671875,60948.5,56550.79296875,60360.13671875,41388338699,0.13636363636363635,54,62160.224888392855,62446.742447916666,62872.3220703125,2533.3926383480657,67939.10734700863,57805.53679361637
2021-11-19,58119.578125,58351.11328125,55705.1796875,56896.12890625,38702407772,0.13636363636363635,34,61297.88727678572,62184.300520833334,62683.859375,2742.016598887991,68167.89257277598,57199.826177224015
2021-11-20,59697.1953125,59859.87890625,57469.7265625,58115.08203125,30624264863,0.0,43,60616.12555803572,62100.53463541667,62602.7712890625,2807.697537725087,68218.16636451267,56987.376213612326
2021-11-21,58730.4765625,60004.42578125,58618.9296875,59730.5078125,26123447605,0.0625,49,59653.78794642857,62035.14166666667,62489.0748046875,2919.638600956279,68328.35200660006,56649.79760277495
2021-11-22,56289.2890625,59266.359375,55679.83984375,58706.84765625,35036121783,0.0,50,58615.41908482143,61864.997395833336,62142.219140625,3223.670806941514,68589.56075450803,55694.87752674197
2021-11-23,57569.07421875,57875.515625,55632.76171875,56304.5546875,37485803899,0.0,33,58245.10881696428,61752.938671875,61872.1705078125,3373.416559513555,68619.0036268396,55125.33738878539
2021-11-24,56280.42578125,57803.06640625,55964.22265625,57565.8515625,36635566789,0.0,42,57661.16796875,61527.625390625,61613.5802734375,3598.0457243836577,68809.67172220482,54417.48882467019
2021-11-25,57274.6796875,59367.96875,57146.68359375,57165.41796875,34284016248,0.0,32,57708.674107142855,61424.654947916664,61421.03046875,3726.2880261009523,68873.6065209519,53968.4544165481
2021-11-26,53569.765625,59183.48046875,53569.765625,58960.28515625,41810748221,0.0,47,57058.700892857145,61260.90091145833,61023.1447265625,4118.533166216536,69260.21105899557,52786.07839412943
2021-11-27,54815.078125,55329.2578125,53668.35546875,53736.4296875,30560857714,0.0,21,56361.255580357145,61067.332291666666,60597.54921875,4303.571090341528,69204.69139943305,51990.407038066944
2021-11-28,57248.45703125,57393.84375,53576.734375,54813.0234375,28116886357,0.0,27,56149.53850446428,60901.34869791667,60081.6306640625,4034.1691205364064,68149.9689051353,52013.29242298968
2021-11-29,57806.56640625,58872.87890625,56792.52734375,57291.90625,32370840356,-0.3,33,56366.29241071428,60765.273177083334,59623.367578125,3718.4949174894873,67060.35741310398,52186.377743146026
2021-11-30,57005.42578125,59113.40234375,56057.28125,57830.11328125,36708594618,0.13636363636363635,40,56285.771205357145,60621.48880208333,59223.87734375,3535.6957475486565,66295.26883884732,52152.48584865269
2021-12-01,57229.828125,59041.68359375,56553.08203125,56907.96484375,36858195307,0.0,34,56421.400111607145,60495.66953125,58837.870703125,3290.576020583089,65419.02274429118,52256.718661958825
2021-12-02,56477.81640625,57349.234375,55895.1328125,57217.37109375,32379968686,0.0,32,56307.5625,60270.71666666667,58453.964453125,3078.535370341869,64611.03519380874,52296.89371244126
2021-12-03,53598.24609375,57482.16796875,52496.5859375,56509.1640625,39789134215,0.0,31,56311.631138392855,59958.32330729167,57910.400390625,2915.9451532289636,63742.29069708293,52078.51008416707
2021-12-04,49200.703125,53904.6796875,42874.6171875,53727.87890625,61385677469,0.0,25,55509.57756696428,59549.9390625,57097.0935546875,2965.429547819948,63027.952650327396,51166.2344590476
2021-12-05,49368.84765625,49768.1484375,47857.49609375,49201.51953125,37198201161,0.0,18,54383.91908482143,59158.04479166667,56387.6423828125,3034.879643937644,62457.40167068779,50317.883094937206
2021-12-06,50582.625,50929.51953125,47281.03515625,49413.48046875,37707308001,0.0,16,53351.927455357145,58793.21627604167,55908.711328125,3161.1959541922465,62231.103236509494,49586.3194197405
2021-12-07,50700.0859375,51934.78125,50175.80859375,50581.828125,33676814852,0.0,25,52451.16462053572,58372.31953125,55425.3150390625,3182.5264409177757,61790.367920898054,49060.26215722695
2021-12-08,50504.796875,51171.375,48765.98828125,50667.6484375,28479699446,0.0,28,51490.44587053572,57803.58515625,55103.448046875,3342.5470919595455,61788.54223079409,48418.353862955904
2021-12-09,47672.12109375,50797.1640625,47358.3515625,50450.08203125,29603577251,-0.15,29,50232.48939732143,57160.26158854167,54581.0751953125,3648.719399665833,61878.51399464416,47283.63639598084
2021-12-10,47243.3046875,50015.25390625,47023.69921875,47642.14453125,30966005122,0.0,24,49324.640625,56568.53072916667,53958.3806640625,3789.6197092870275,61537.62008263655,46379.14124548844
2021-12-11,49362.5078125,49458.2109375,46942.34765625,47264.6328125,25775869261,0.0,16,49347.755580357145,56048.948958333334,53489.9822265625,3747.450637701046,60984.88350196459,45995.0809511604
2021-12-12,50098.3359375,50724.8671875,48725.8515625,49354.85546875,21939223599,0.0,27,49451.96819196428,55580.362109375,53180.4345703125,3759.7248647705255,60699.884299853555,45660.984840771445
2021-12-13,46737.48046875,50205.0,45894.84765625,50114.7421875,32166727776,0.0,28,48902.661830357145,54989.29388020833,52638.8548828125,3872.7143924850266,60384.283667782554,44893.42609784244
2021-12-14,46612.6328125,48431.3984375,46424.49609375,46709.82421875,34638619079,0.0,21,48318.739955357145,54360.8203125,52155.465234375,3995.664896501133,60146.795027377266,44164.13544137273
2021-12-15,48896.72265625,49473.95703125,46671.96484375,48379.75390625,36541828520,0.0,28,48089.01506696428,53872.11536458333,51736.5673828125,3867.8496658181657,59472.26671444883,44000.86805117617
2021-12-16,47665.42578125,49425.57421875,47529.87890625,48900.46484375,27268150947,0.16818181818181818,29,48088.05859375,53455.58802083333,51441.350390625,3945.120079590088,59331.59054980517,43551.11023144482
2021-12-17,46202.14453125,48004.89453125,45618.21484375,47653.73046875,32902725329,0.0,23,47939.32142857143,52983.39244791667,51010.7037109375,4026.710714335973,59064.125139609445,42957.28228226556
2021-12-18,46848.77734375,47313.828125,45598.44140625,46219.25390625,26098292690,0.0625,24,47580.217075892855,52646.94713541667,50490.7197265625,3846.2420626311227,58183.20385182474,42798.23560130026
2021-12-19,46707.015625,48089.6640625,46502.953125,46853.8671875,25154053861,0.0,29,47095.74274553572,52266.52838541667,49935.7421875,3522.2061327713827,56980.15445304276,42891.32992195724
2021-12-20,46880.27734375,47401.71875,45579.80859375,46707.0625,30961902129,0.0,25,47116.142299107145,51839.29778645833,49429.484765625,3161.797394758228,55753.079555141456,43105.88997610854
2021-12-21,48936.61328125,49300.91796875,46698.7734375,46886.078125,27055803928,0.0,27,47448.13950892857,51512.835677083334,49014.8240234375,2574.1732213647197,54163.170466166936,43866.47758070806
2021-12-22,48628.51171875,49544.796875,48450.94140625,48937.09765625,24447979559,-0.3,45,47409.82366071428,51257.47643229167,48622.3587890625,1881.676049992726,52385.71088904795,44859.00668907705
2021-12-23,50784.5390625,51332.33984375,48065.8359375,48626.34375,28223878108,0.13636363636363635,34,47855.41127232143,51031.32526041667,48481.6734375,1569.3295935092642,51620.33262451853,45343.01425048147
2021-12-24,50822.1953125,51814.02734375,50514.49609375,50806.05078125,24367912228,0.0,41,48515.41852678572,50849.38424479167,48562.748046875,1648.3275287450426,51859.40310436508,45266.09298938492
2021-12-25,50429.859375,51176.59765625,50236.70703125,50854.91796875,19030650914,0.0,39,49027.001674107145,50621.22356770833,48615.7986328125,1692.1289927868652,52000.056618386225,45231.54064723877
2021-12-26,50809.515625,51196.37890625,49623.10546875,50428.69140625,20964372926,-0.15,37,49613.07310267857,50529.215234375,48627.1431640625,1706.7069608140341,52040.55708569057,45213.729242434434
2021-12-27,50640.41796875,51956.328125,50499.46875,50802.609375,24324345758,0.0,40,50150.236049107145,50390.059895833336,48624.159765625,1702.9406460536134,52030.041057732225,45218.27847351778
2021-12-28,47588.85546875,50679.859375,47414.2109375,50679.859375,33430376883,0.0,41,49957.69921875,50068.07317708333,48478.3626953125,1657.6783601960637,51793.719415704625,45163.00597492037
2021-12-29,46444.7109375,48119.7421875,46201.49609375,47623.87109375,30049226299,0.0,27,49645.72767857143,49689.34466145833,48416.9921875,1710.9621875726514,51838.9165626453,44995.0678123547
2021-12-30,47178.125,47879.96484375,46060.3125,46490.60546875,26686491018,0.0,22,49130.525669642855,49361.76796875,48413.733203125,1713.3758256695778,51840.48485446415,44986.981551785844
2021-12-31,46306.4453125,48472.52734375,45819.953125,47169.37109375,36974172400,0.0,28,48485.41852678572,48997.65520833333,48260.930078125,1759.9490239952395,51780.82812611548,44741.03203013452
2022-01-01,47686.8125,47827.3125,46288.484375,46311.74609375,24582667004,0.0625,21,48093.5546875,48704.621744791664,48140.35390625,1709.3207209011755,51558.99534805235,44721.71246444765
2022-01-02,47345.21875,47881.40625,46856.9375,47680.92578125,27951569547,0.0,29,47598.65513392857,48496.1875,48170.7408203125,1688.3421946001374,51547.425209512774,44794.05643111223
2022-01-03,46458.1171875,47510.7265625,45835.96484375,47343.54296875,33071628362,0.0,29,47001.18359375,48404.76796875,48163.0150390625,1696.182607861376,51555.380254785254,44770.64982333974
2022-01-04,45897.57421875,47406.546875,45752.46484375,46458.8515625,42494677905,0.0,23,46759.571986607145,48289.058854166666,48013.0576171875,1759.3034509853214,51531.66451915814,44494.45071521686
2022-01-05,43569.00390625,46929.046875,42798.22265625,45899.359375,36851084859,0.0,24,46348.75669642857,48055.271484375,47808.2365234375,2020.9111533345772,51850.05883010666,43766.414216768346
2022-01-06,43160.9296875,43748.71875,42645.5390625,43565.51171875,30208048289,0.0,15,45774.87165178572,47803.96627604167,47656.17578125,2249.5968745001987,52155.3695302504,43156.9820322496
2022-01-07,41557.90234375,43153.5703125,41077.4453125,43153.5703125,84196607520,0.13636363636363635,18,45096.50837053572,47505.73645833333,47391.63203125,2628.6920364340076,52649.01610411802,42134.24795838199
2022-01-08,41733.94140625,42228.94140625,40672.27734375,41561.46484375,28066355845,0.0,10,44246.09821428572,47307.797135416666,47142.9783203125,2916.3297486202946,52975.637817553084,41310.31882307191
2022-01-09,41911.6015625,42663.94921875,41338.16015625,41734.7265625,21294384372,0.0,23,43469.8671875,47130.07369791667,46894.54453125,3142.7318729444837,53180.00827713897,40609.08078536103
2022-01-10,41821.26171875,42199.484375,39796.5703125,41910.23046875,32104232331,0.0625,23,42807.459263392855,46878.698828125,46538.776953125,3298.2870450726305,53135.35104327026,39942.20286297974
2022-01-11,42735.85546875,43001.15625,41407.75390625,41819.5078125,26327648900,0.0,21,42355.78515625,46633.2828125,46244.144140625,3364.31976188361,52972.78366439222,39515.50461685778
2022-01-12,43949.1015625,44135.3671875,42528.98828125,42742.1796875,33499938689,0.0,22,42410.08482142857,46540.33684895833,45902.372265625,3223.027147213346,52348.426560051696,39456.31797119831
2022-01-13,42591.5703125,44278.421875,42447.04296875,43946.7421875,47691135082,0.0,21,42328.747767857145,46406.301432291664,45490.841015625,3084.253447223859,51659.34791007272,39322.334121177286
2022-01-14,43099.69921875,43346.6875,41982.6171875,42598.87109375,23577403399,0.0,21,42549.00446428572,46213.06731770833,45124.3330078125,2896.2485858546756,50916.83017952185,39331.83583610315
2022-01-15,43177.3984375,43724.671875,42669.03515625,43101.8984375,18371348298,0.0,23,42755.212611607145,46063.46640625,44742.7271484375,2594.8699768902316,49932.46710221797,39552.987194657035
2022-01-16,43113.87890625,43436.80859375,42691.0234375,43172.0390625,17902097845,0.16818181818181818,21,42926.966517857145,45960.52421875,44366.4001953125,2212.067427989535,48790.53505129157,39942.265339333426
2022-01-17,42250.55078125,43179.390625,41680.3203125,43118.12109375,21690904261,0.0,22,42988.29352678572,45807.25,44099.4849609375,2123.048078394625,48345.58111772675,39853.38880414825
2022-01-18,42375.6328125,42534.40234375,41392.21484375,42250.07421875,22417209227,-0.15,24,42936.83314732143,45662.87057291667,43896.0310546875,2081.0301248418787,48058.09130437126,39733.97080500374
2022-01-19,41744.328125,42478.3046875,41242.9140625,42374.0390625,23091543258,-0.15,24,42621.865513392855,45491.672265625,43624.3412109375,1982.348668642695,47589.03854822289,39659.64387365211
2022-01-20,40680.41796875,43413.0234375,40672.82421875,41744.02734375,20382033940,0.0,24,42348.84375,45216.46575520833,43343.03984375,1980.8930880308878,47304.82601981177,39381.25366768822
2022-01-21,36457.31640625,41060.52734375,35791.42578125,40699.60546875,43011992031,0.0,19,41399.931919642855,44810.75924479167,42781.5650390625,2257.088930231958,47295.74289952642,38267.38717859858
2022-01-22,35030.25,36688.8125,34349.25,36471.58984375,39714385405,0.0,13,40236.05357142857,44285.61627604167,42165.8166015625,2600.279187604638,47366.37497677178,36965.258226353224
2022-01-23,36276.8046875,36433.3125,34784.96875,35047.359375,26017975951,0.0,11,39259.32868303572,43800.769921875,41656.7509765625,2710.032491639608,47076.81595984172,36236.68599328328
2022-01-24,36654.328125,37247.51953125,33184.05859375,36275.734375,41856658597,0.0,13,38459.86830357143,43341.585546875,41194.588671875,2736.777000953201,46668.142673781396,35721.0346699686
2022-01-25,36954.00390625,37444.5703125,35779.4296875,36654.8046875,26428189594,0.0,12,37685.349888392855,42879.73515625,40863.838671875,2832.7578054758305,46529.35428282666,35198.323060923336
2022-01-26,36852.12109375,38825.41015625,36374.90625,36950.515625,31324598034,0.0,23,36986.463169642855,42420.125260416666,40548.3982421875,2913.607064539402,46375.6123712663,34721.18411310869
2022-01-27,37138.234375,37148.32421875,35629.28125,36841.87890625,25041426629,-0.3,20,36480.43694196428,42071.771223958334,40327.41484375,2999.3548624438386,46326.12456863767,34328.70511886232
2022-01-28,37784.33203125,37952.87890625,36211.109375,37128.4453125,22238830523,0.0,24,36670.01060267857,41783.09192708333,40129.934375,3031.7221503011424,46193.37867560228,34066.49007439771
2022-01-29,38138.1796875,38576.26171875,37406.47265625,37780.71484375,17194183075,0.0,24,37114.00055803572,41481.760416666664,39941.26328125,3032.4235389478313,46006.11035914566,33876.41620335434
2022-01-30,37917.6015625,38266.33984375,37437.7109375,38151.91796875,14643548444,0.0,29,37348.400111607145,41202.13229166667,39746.0802734375,3030.6777283384736,45807.43573011445,33684.72481676056
2022-01-31,38483.125,38647.26171875,36733.57421875,37920.28125,20734730465,-0.3,20,37609.65680803572,40895.34270833333,39533.44375,2958.1925211369075,45449.828792273816,33617.05870772618
2022-02-01,38743.2734375,39115.1328125,38113.6640625,38481.765625,20288500328,0.16818181818181818,26,37865.26674107143,40608.61119791667,39273.15234375,2772.4059447992727,44817.964233348546,33728.340454151454
2022-02-02,36952.984375,38834.6171875,36832.73046875,38743.71484375,19155189416,0.0,28,37879.67578125,40291.7734375,38991.223046875,2703.020325795133,44397.26369846526,33585.18239528473
2022-02-03,37154.6015625,37154.6015625,36375.5390625,36944.8046875,18591534769,0.13636363636363635,20,37882.013950892855,40000.341015625,38693.9681640625,2549.9891791974433,43793.94652245739,33593.98980566761
2022-02-04,41500.875,41527.78515625,37093.62890625,37149.265625,29412210792,0.0,20,38412.94866071428,39931.40338541667,38610.1419921875,2419.041718635594,43448.22542945869,33772.05855491631
2022-02-05,41441.1640625,41847.1640625,41038.09765625,41501.48046875,19652846215,0.16818181818181818,33,38884.80357142857,39874.077864583334,38526.50625,2280.0581123431202,43086.62247468624,33966.390025313754
2022-02-06,42412.43359375,42500.78515625,41244.90625,41441.12109375,16142097334,0.0625,37,39526.92243303572,39902.562239583334,38534.600390625,2294.217539649739,43123.03546992448,33946.165311325516
2022-02-07,43840.28515625,44401.86328125,41748.15625,42406.78125,28641855926,0.0,45,40292.23102678572,39972.773697916666,38607.8330078125,2441.9012082626928,43491.63542433789,33724.03059128711
2022-02-08,44118.4453125,45293.8671875,42807.8359375,43854.65234375,33079398868,0.0,48,41060.11272321428,40046.33515625,38726.5388671875,2651.138518476187,44028.81590413987,33424.261830235126
2022-02-09,44338.796875,44727.80078125,43232.96875,44096.703125,23245887300,0.0,54,42115.228794642855,40130.25299479167,38909.4578125,2906.9135651559154,44723.28494281183,33095.630682188166
2022-02-10,43565.11328125,45661.171875,43402.80859375,44347.80078125,32142048537,-0.3,50,43031.01618303572,40157.894921875,39264.84765625,3023.4946195726,45311.8368953952,33217.8584171048
2022-02-11,42407.9375,43810.83203125,42114.5390625,43571.12890625,26954925781,0.0,50,43160.59654017857,40106.522786458336,39633.73203125,2928.216246960345,45490.164525170694,33777.29953732931
2022-02-12,42244.46875,42992.55078125,41852.57421875,42412.30078125,18152390304,0.13636363636363635,44,43275.35435267857,40094.952734375,39932.115234375,2871.6480844314556,45675.411403237915,34188.819065512085
2022-02-13,42197.515625,42693.0546875,41950.94140625,42236.56640625,14741589015,-0.3,44,43244.65178571428,40064.87994791667,40209.274609375,2805.3773168497696,45820.02924307454,34598.51997567547
2022-02-14,42586.91796875,42775.77734375,41681.95703125,42157.3984375,20827783012,0.13636363636363635,46,43065.599330357145,40045.197265625,40490.9203125,2743.438204535452,45977.7967215709,35004.0439034291
2022-02-15,44575.203125,44667.21875,42491.03515625,42586.46484375,22721659051,0.0,46,43130.85044642857,40093.90807291667,40877.0744140625,2747.8299284212735,46372.73427090505,35381.414557219956
2022-02-16,43961.859375,44578.27734375,43456.69140625,44578.27734375,19792547657,0.13636363636363635,51,43077.002232142855,40150.95169270833,41218.2556640625,2682.0033508507986,46582.262365764094,35854.2489623609
2022-02-17,40538.01171875,44132.97265625,40249.37109375,43937.0703125,26246662813,0.0,52,42644.55915178572,40089.69765625,41355.9396484375,2564.550439967391,46485.04052837229,36226.83876850272
2022-02-18,40030.9765625,40929.15234375,39637.6171875,40552.1328125,23310007704,0.0,30,42304.99330357143,40032.5859375,41450.5794921875,2472.840623506175,46396.260739199846,36504.89824517515
2022-02-19,40122.15625,40418.87890625,39713.05859375,40026.0234375,13736557863,0.0,25,42001.80580357143,40013.977213541664,41560.8072265625,2353.3139726799345,46267.43517192237,36854.17928120263
2022-02-20,38431.37890625,40119.890625,38112.8125,40118.1015625,18340576452,0.0625,27,41463.78627232143,40079.779296875,41558.219921875,2356.9014702354893,46272.022862345984,36844.41698140402
2022-02-21,37075.28125,39394.4375,36950.4765625,38423.2109375,29280402798,0.0625,25,40676.40959821428,40147.947005208334,41474.8203125,2487.6369234633444,46450.09415942669,36499.54646557331
2022-02-22,38286.02734375,38359.85546875,36488.93359375,37068.76953125,25493150450,0.0,20,39777.95591517857,40214.92109375,41541.4724609375,2375.4330571458186,46292.338575229136,36790.60634664586
2022-02-23,37296.5703125,39122.39453125,37201.81640625,38285.28125,21849073843,-0.3,25,38825.771763392855,40236.32916666667,41548.5708984375,2361.806982003778,46272.18486244506,36824.956934429945
2022-02-24,38332.609375,38968.83984375,34459.21875,37278.56640625,46383802093,0.0,23,38510.71428571428,40282.28268229167,41390.1576171875,2468.994579650945,46328.14677648939,36452.16845788561
2022-02-25,39214.21875,39630.32421875,38111.34375,38333.74609375,26545599159,0.0,27,38394.03459821428,40361.019270833334,41278.8103515625,2516.334996499973,46311.48034456244,36246.14035856255
2022-02-26,39105.1484375,40005.34765625,38702.53515625,39213.08203125,17467554129,0.0,26,38248.747767857145,40426.58307291667,41113.44609375,2546.4081223288113,46206.26233840762,36020.62984909237
2022-02-27,37709.78515625,39778.94140625,37268.9765625,39098.69921875,23450127612,0.0,26,38145.66294642857,40424.09817708333,40806.92109375,2569.7613771666233,45946.44384808325,35667.39833941676
2022-02-28,43193.234375,43760.45703125,37518.21484375,37706.0,35690014104,0.16818181818181818,20,39019.65625,40592.6,40760.660546875,2514.7490702163677,45790.15868730773,35731.162406442265
2022-03-01,44354.63671875,44793.6015625,42952.5859375,43194.50390625,32479047645,0.0,51,39886.60044642857,40807.16783854167,40761.4525390625,2515.9374880659093,45793.327515194316,35729.57756293068
2022-03-02,43924.1171875,45077.578125,43432.8515625,44357.6171875,29183112630,-0.15,52,40833.392857142855,40988.53424479167,40779.402734375,2538.1756540373467,45855.75404244969,35703.051426300306
2022-03-03,42451.7890625,44021.578125,41914.75,43925.1953125,24967782593,0.0,39,41421.84709821428,41112.15143229167,40781.5953125,2539.674987120283,45860.94528674056,35702.24533825944
2022-03-04,39137.60546875,42479.61328125,38805.84765625,42458.140625,28516271427,-0.15,33,41410.90234375,41184.97213541667,40626.2521484375,2540.5045676180475,45707.2612836736,35545.243013201405
2022-03-05,39400.5859375,39566.3359375,38777.03515625,39148.44921875,16975917450,0.0625,22,41453.107700892855,41259.83828125,40486.4056640625,2526.4011606661384,45539.20798539477,35433.603342730225
2022-03-06,38419.984375,39640.17578125,38211.6484375,39404.19921875,19745229902,0.0,22,41554.564732142855,41157.141927083336,40278.058984375,2515.85636660865,45309.7717175923,35246.346251157694
2022-03-07,38062.0390625,39430.2265625,37260.203125,38429.3046875,28546143503,0.0625,23,40821.536830357145,41044.50442708333,39952.40078125,2346.1655515945226,44644.73188443905,35260.06967806095
2022-03-08,38737.26953125,39304.44140625,37957.38671875,38059.90234375,25776583476,-0.3,21,40019.05580357143,40921.99895833333,39691.1712890625,2159.694567857713,44010.56042477793,35371.78215334707
2022-03-09,41982.92578125,42465.671875,38706.09375,38742.81640625,32284121034,0.0,22,39741.74274553572,40860.08697916667,39763.4169921875,2213.022974277919,44189.46294074334,35337.37104363166
2022-03-10,39437.4609375,42004.7265625,38832.94140625,41974.0703125,31078064711,0.13636363636363635,28,39311.12444196428,40704.05416666667,39733.7412109375,2213.225666842303,44160.19254462211,35307.28987725289
2022-03-11,38794.97265625,40081.6796875,38347.43359375,39439.96875,26364890465,0.0,22,39262.17689732143,40519.260026041666,39667.38203125,2220.8502228834254,44109.082477016855,35225.68158548315
2022-03-12,38904.01171875,39308.59765625,38772.53515625,38794.46484375,14616450657,-0.3,22,39191.23772321428,40363.889973958336,39691.013671875,2209.49148659488,44109.99664506476,35272.03069868524
2022-03-13,37849.6640625,39209.3515625,37728.14453125,38884.7265625,17300745310,0.0,21,39109.763392857145,40211.947526041666,39729.7328125,2167.629420666641,44064.99165383328,35394.47397116671
2022-03-14,39666.75390625,39742.5,37680.734375,37846.31640625,24322159070,0.13636363636363635,23,39339.00837053572,40126.023697916666,39798.769140625,2141.0534712903714,44080.876083205745,35516.66219804426
2022-03-15,39338.78515625,39794.62890625,38310.2109375,39664.25,23934000868,0.0,21,39424.939174107145,40030.732682291666,39900.8798828125,2062.7031777254665,44026.286238263434,35775.473527361566
2022-03-16,41143.9296875,41465.453125,39022.34765625,39335.5703125,39616916192,0.16818181818181818,24,39305.08258928572,39982.633072916666,40041.4458984375,2045.9287933904911,44133.30348521849,35949.58831165652
2022-03-17,40951.37890625,41287.53515625,40662.87109375,41140.84375,22009601093,0.0,27,39521.35658482143,39861.83893229167,40128.30390625,2045.8360146511786,44219.97593555236,36036.63187694765
2022-03-18,41801.15625,42195.74609375,40302.3984375,40944.83984375,34421564942,0.16818181818181818,25,39950.81138392857,39789.81549479167,40263.104296875,2063.614865160751,44390.3340271965,36135.874566553495
2022-03-19,42190.65234375,42316.5546875,41602.66796875,41794.6484375,19664853187,0.0,28,40420.33147321428,39844.903515625,40487.14765625,2014.470208843801,44516.08807393761,36458.2072385624
2022-03-20,41247.82421875,42241.1640625,41004.7578125,42191.40625,20127946682,0.0,31,40905.782924107145,39885.465104166666,40389.8771484375,1921.761892989763,44233.400934417026,36546.35336245798
2022-03-21,41077.99609375,41454.41015625,40668.04296875,41246.1328125,24615543271,0.0,30,41107.388950892855,39917.326432291666,40226.0451171875,1691.8936329146895,43609.83238301688,36842.257851358125
2022-03-22,42358.80859375,43124.70703125,40948.28125,41074.10546875,32004652376,0.0,26,41538.82087053572,40048.24075520833,40147.7796875,1541.3256545976808,43230.43099669536,37065.12837830464
2022-03-23,42892.95703125,42893.5078125,41877.5078125,42364.37890625,25242943069,0.0,31,41788.681919642855,40242.16328125,40169.8380859375,1578.7373150153596,43327.31271596822,37012.36345590679
2022-03-24,43960.93359375,44131.85546875,42726.1640625,42886.65234375,31042992291,0.0,40,42218.61830357143,40431.326822916664,40411.0044921875,1769.61927142112,43950.24303502974,36871.76594934526
2022-03-25,44348.73046875,44999.4921875,43706.28515625,43964.546875,30574413034,0.16818181818181818,47,42582.55747767857,40666.398828125,40658.41171875,1956.9044895829218,44572.22069791584,36744.60273958416
2022-03-26,44500.828125,44735.99609375,44166.2734375,44349.859375,16950455995,0.0,51,42912.58258928572,40872.006119791666,40962.45390625,2060.4649740419636,45083.38385433392,36841.52395816607
2022-03-27,46820.4921875,46827.546875,44437.29296875,44505.35546875,28160889722,0.13636363636363635,49,43708.678013392855,41125.548567708334,41400.3765625,2325.3011514914783,46050.97886548296,36749.77425951704
2022-03-28,47128.00390625,48086.8359375,46690.203125,46821.8515625,36362175703,0.0,60,44572.96484375,41392.97708333333,41819.91328125,2564.1951463097644,46948.30357386953,36691.52298863047
2022-03-29,47465.73046875,48022.2890625,47100.4375,47100.4375,31397059069,0.0,56,45302.525111607145,41718.17526041667,42094.053515625,2858.7120719529635,47811.47765953092,36376.62937171907
2022-03-30,47062.6640625,47655.1484375,46746.2109375,47456.8984375,29333883962,0.13636363636363635,55,45898.197544642855,41847.15625,42475.313671875,2991.1701635749146,48457.653999024835,36492.97334472517
2022-03-31,45538.67578125,47512.02734375,45390.5390625,47062.1484375,33327427106,0.0,52,46123.58928571428,41886.62421875,42812.498828125,2934.01360481643,48680.52603775786,36944.471618492134
2022-04-01,46281.64453125,46616.2421875,44403.140625,45554.1640625,38162644287,0.0,50,46399.71986607143,41965.20846354167,43181.38046875,2880.035708489024,48941.45188572805,37421.309051771954
2022-04-02,45868.94921875,47028.28125,45782.51171875,46285.5,29336594194,0.0,52,46595.165736607145,42079.11380208333,43582.3447265625,2647.5200629397686,48877.38485244204,38287.30460068296
2022-04-03,46453.56640625,47313.4765625,45634.10546875,45859.12890625,25414397610,0.0,48,46542.747767857145,42322.979166666664,43921.6853515625,2552.4694797493526,49026.624311061205,38816.74639206379
2022-04-04,46622.67578125,46791.08984375,45235.81640625,46445.2734375,32499785455,0.0,52,46470.55803571428,42563.715494791664,44285.8798828125,2377.8199925806184,49041.51986797374,39530.23989765126
2022-04-05,45555.9921875,47106.140625,45544.80859375,46624.5078125,29640604055,0.0,53,46197.73828125,42801.582421875,44506.4830078125,2273.353075209255,49053.18915823101,39959.77685739399
2022-04-06,43206.73828125,45544.35546875,43193.953125,45544.35546875,39393395788,0.0,48,45646.89174107143,42973.07239583333,44619.2509765625,2139.7342281161486,48898.719432794795,40339.782520330205
2022-04-07,43503.84765625,43860.69921875,42899.90625,43207.5,26101973106,0.0,34,45356.20200892857,43131.958333333336,44704.385546875,2053.8576995536837,48812.10094598236,40596.67014776763
2022-04-08,42287.6640625,43903.01953125,42183.2890625,43505.13671875,27215995394,0.16818181818181818,37,44785.63337053572,43142.11627604167,44709.2361328125,2047.7139384814227,48804.66400977534,40613.80825584965
2022-04-09,42782.13671875,42786.81640625,42183.25390625,42282.078125,16050772496,0.0,30,44344.66015625,43253.60546875,44785.9517578125,1936.9556834543232,48659.863124721145,40912.04039090386
2022-04-10,42207.671875,43376.37890625,42021.20703125,42781.08984375,17654475582,0.0,34,43738.103794642855,43367.362109375,44842.435546875,1837.0303933047007,48516.4963334844,41168.3747602656
2022-04-11,39521.90234375,42424.58984375,39373.05859375,42201.0390625,33949912166,-0.15,32,42723.70758928572,43387.95846354167,44700.590234375,2125.7345668124103,48952.05936799982,40449.12110075018
2022-04-12,40127.18359375,40617.5859375,39388.328125,39533.71484375,30991500854,0.13636363636363635,20,41948.16350446428,43463.87578125,44562.3015625,2329.6965794122316,49221.69472132446,39902.90840367554
2022-04-13,41166.73046875,41430.0546875,39712.74609375,40123.5703125,27691105228,0.0,25,41656.73381696428,43513.875,44422.59140625,2448.4164372536197,49319.424280757245,39525.75853174276
2022-04-14,39935.515625,41451.48046875,39695.74609375,41160.21875,24342001973,-0.3,28,41146.97209821428,43533.766015625,44201.9306640625,2646.2952088950615,49494.521081852625,38909.340246272375
2022-04-15,40553.46484375,40617.72265625,39866.83203125,39939.40234375,21756855753,0.0625,22,40899.22935267857,43514.08385416667,44004.5625,2767.267012262082,49539.09652452417,38470.02847547583
2022-04-16,40424.484375,40633.6796875,40078.42578125,40552.31640625,16833150693,0.0,28,40562.421875,43496.520703125,43684.762109375,2794.1632888012405,49273.08868697748,38096.43553177252
2022-04-17,39716.953125,40570.7265625,39620.89453125,40417.77734375,19087633042,-0.15,28,40206.60491071428,43427.047265625,43314.2095703125,2804.8926387731694,48923.99484785884,37704.42429276616
2022-04-18,40826.21484375,40986.3203125,38696.19140625,39721.203125,33705182072,0.0,24,40392.935267857145,43381.566015625,42982.2337890625,2677.7038984562055,48337.64158597491,37626.82599215009
2022-04-19,41502.75,41672.9609375,40618.6328125,40828.17578125,25303206547,0.0,27,40589.44475446428,43390.06354166667,42704.2380859375,2515.4804295228687,47735.19894498323,37673.27722689176
2022-04-20,41374.37890625,42126.30078125,40961.09765625,41501.74609375,27819532341,0.0,27,40619.10881696428,43399.94296875,42496.0232421875,2439.7218780337394,47375.466998254975,37616.57948612002
2022-04-21,40527.36328125,42893.58203125,40063.828125,41371.515625,35372786395,-0.3,27,40703.658482142855,43338.894791666666,42208.3091796875,2305.3909345769707,46819.091048841445,37597.52731053356
2022-04-22,39740.3203125,40777.7578125,39315.41796875,40525.86328125,28011716745,0.0,26,40587.49497767857,43233.806901041666,41901.877734375,2198.018231843503,46297.914198062004,37505.84127068799
2022-04-23,39486.73046875,39935.859375,39352.203125,39738.72265625,16138021249,-0.15,24,40453.53013392857,43084.666796875,41553.5359375,1979.9338798475032,45513.403697195004,37593.66817780499
2022-04-24,39469.29296875,39845.92578125,39233.5390625,39478.375,17964398167,0.0,24,40418.150111607145,42922.018880208336,41195.866796875,1631.4664200775753,44458.799637030155,37932.93395671985
2022-04-25,40458.30859375,40491.75390625,38338.37890625,39472.60546875,35445730570,-0.15,23,40365.592075892855,42787.268229166664,40940.9826171875,1273.3286402781484,43487.6398977438,38394.325336631206
2022-04-26,38117.4609375,40713.890625,37884.984375,40448.421875,34569088416,0.0,27,39881.97935267857,42497.1671875,40686.51875,1304.8399669823114,43296.19868396463,38076.83881603538
2022-04-27,39241.12109375,39397.91796875,37997.3125,38120.30078125,30981015184,-0.15,21,39577.228236607145,42234.27109375,40473.382421875,1160.5994317960979,42794.5812854672,38152.183558282806
2022-04-28,39773.828125,40269.46484375,38941.421875,39241.4296875,33903704907,0.0,24,39469.580357142855,41977.874348958336,40347.690625,1087.6004386131144,42522.89150222623,38172.489747773776
2022-04-29,38609.82421875,39887.26953125,38235.53515625,39768.6171875,30882994649,0.0,23,39308.08091517857,41696.113020833334,40139.075,992.0171329715455,42123.10926594309,38155.04073405691
2022-04-30,37714.875,38771.2109375,37697.94140625,38605.859375,23895713731,0.0,20,39054.958705357145,41435.319661458336,39914.43515625,1007.50481965186,41929.44479555372,37899.425516946285
2022-05-01,38469.09375,38627.859375,37585.7890625,37713.265625,27002760110,0.0,22,38912.07310267857,41174.90130208333,39861.7947265625,1055.4560686908565,41972.70686394421,37750.88258918079
2022-05-02,38529.328125,39074.97265625,38156.5625,38472.1875,32922642426,0.13636363636363635,28,38636.50446428572,40930.247265625,39781.901953125,1094.0783584535702,41970.058670032144,37593.74523621786
2022-05-03,37750.453125,38629.99609375,37585.62109375,38528.109375,27326943244,0.0,27,38584.07477678572,40640.14348958333,39611.0880859375,1132.5013863921895,41876.09085872188,37346.085313153126
2022-05-04,39698.37109375,39902.94921875,37732.05859375,37748.01171875,36754404490,0.0,21,38649.396205357145,40409.333333333336,39599.230859375,1130.1649072111456,41859.56067379729,37338.901044952705
2022-05-05,36575.140625,39789.28125,35856.515625,39695.74609375,43106256317,0.0,27,38192.44084821428,40109.97161458333,39400.3146484375,1291.9057261835655,41984.126100804635,36816.50319607037
2022-05-06,36040.921875,36624.359375,35482.1328125,36573.18359375,37795577489,0.16818181818181818,22,37825.454799107145,39871.111067708334,39181.1365234375,1468.7481757107414,42118.63287485898,36243.640172016014
2022-05-07,35501.953125,36129.92578125,34940.82421875,36042.50390625,24375896406,0.0,23,37509.32310267857,39604.38125,38970.3865234375,1675.6488557578239,42321.68423495314,35619.08881192185
2022-05-08,34059.265625,35502.94140625,33878.96484375,35502.94140625,36763041910,0.0,18,36879.34765625,39330.101302083334,38632.0390625,1943.052567298045,42518.14419709609,34745.93392790391
2022-05-09,30296.953125,34222.07421875,30296.953125,34060.015625,63355494961,0.0625,11,35703.29408482143,38913.928515625,38071.74921875,2582.204223904234,43236.15766655847,32907.34077094153
2022-05-10,31022.90625,32596.30859375,29944.802734375,30273.654296875,59811038817,0.0,10,34742.21595982143,38541.10299479167,37554.1755859375,2902.89301670914,43359.961619355774,31748.389552519217
2022-05-11,28936.35546875,32013.40234375,28170.4140625,31016.18359375,70388855818,-0.15,12,33204.78515625,38188.25143229167,36974.6251953125,3393.634713911888,43761.89462313628,30187.355767488727
2022-05-12,29047.751953125,30032.439453125,26350.490234375,28936.734375,66989173272,0.0,12,32129.443917410714,37818.93704427083,36439.99677734375,3757.7153884295735,43955.4275542029,28924.566000484607
2022-05-13,29283.103515625,30924.802734375,28782.330078125,29030.91015625,42841124537,-0.15,10,31164.04129464286,37422.816145833334,35929.8154296875,4006.710875070313,43943.237179828124,27916.393679546876
2022-05-14,30101.265625,30192.802734375,28702.91015625,29285.642578125,28579868620,0.0,9,30392.514508928572,37095.0078125,35461.4140625,4117.210370424315,43695.83480334863,27226.993321651367
2022-05-15,31305.11328125,31308.19140625,29527.740234375,30098.5859375,25835372065,0.0625,10,29999.06417410714,36786.72942708333,35003.754296875,4040.543446112994,43084.84118910099,26922.66740464901
2022-05-16,29862.91796875,31305.341796875,29251.884765625,31304.375,32613897286,0.0,14,29937.059151785714,36434.67721354167,34591.0271484375,4126.423139425629,42843.87342728875,26338.18086958624
2022-05-17,30425.857421875,30694.490234375,29570.302734375,29862.408203125,29101473475,0.0,8,29851.766462053572,36124.9740234375,34150.26396484375,4074.05017704654,42298.36431893683,26002.163610750667
2022-05-18,28720.271484375,30618.716796875,28720.271484375,30424.478515625,31285268319,0.0,12,29820.897321428572,35721.442578125,33597.5861328125,4020.4156685527532,41638.41746991801,25556.754795707
2022-05-19,30314.333984375,30430.751953125,28708.955078125,28720.359375,33773447707,0.0,13,30001.83761160714,35348.495377604166,33182.81162109375,3902.27704740661,40987.36571590697,25378.257526280533
2022-05-20,29200.740234375,30664.9765625,28793.60546875,30311.119140625,30749382605,0.0,13,29990.071428571428,34942.707421875,32757.1048828125,3845.847565592855,40448.80001399821,25065.409751626787
2022-05-21,29432.2265625,29588.869140625,29027.39453125,29199.859375,17274840442,0.0,13,29894.49441964286,34572.86953125,32305.2615234375,3666.097000005511,39637.45552344852,24973.067523426478
2022-05-22,30323.72265625,30425.861328125,29275.18359375,29432.47265625,21631532270,0.0,14,29754.295758928572,34258.98294270833,31894.98125,3380.9526080645373,38656.88646612907,25133.076033870926
2022-05-23,29098.91015625,30590.5859375,28975.560546875,30309.396484375,31483454557,0.0,10,29645.151785714286,33912.722265625,31462.4041015625,3137.003037739687,37736.41017704188,25188.398026083127
2022-05-24,29655.5859375,29774.35546875,28786.58984375,29101.125,26616506245,0.0,12,29535.11300223214,33585.59869791667,30960.26484375,2485.3839692111956,35931.03278217239,25989.496905327607
2022-05-25,29562.361328125,30157.78515625,29384.94921875,29653.134765625,27525063551,0.0625,11,29655.411551339286,33222.40045572917,30609.62587890625,2119.258640739402,34848.14316038505,26371.108597427447
2022-05-26,29267.224609375,29834.16015625,28261.90625,29564.77734375,36774325352,0.0,12,29505.82449776786,32927.392578125,30270.941015625,1706.6865833131758,33684.31418225135,26857.56784899865
2022-05-27,28627.57421875,29346.943359375,28326.61328125,29251.140625,36582005748,0.0,12,29423.94363839286,32573.607682291666,29927.2220703125,1220.808947785554,32368.839965883606,27485.60417474139
2022-05-28,28814.900390625,28814.900390625,28554.56640625,28622.625,35519577634,0.16818181818181818,13,29335.75418526786,32208.310091145835,29665.00380859375,764.5233292562793,31194.050467106306,28135.95715008119
2022-05-29,29445.95703125,29498.009765625,28841.107421875,29019.8671875,18093886409,0.0,14,29210.35909598214,31902.8478515625,29622.45400390625,751.0636083912692,31124.581220688786,28120.32678712371
2022-05-30,31726.390625,31949.630859375,29303.572265625,29443.365234375,39277993274,0.0,10,29585.713448660714,31703.231705729166,29657.62822265625,832.1934438528408,31322.015110361932,27993.24133495057
2022-05-31,31792.310546875,32249.86328125,31286.154296875,31723.865234375,33538210634,0.13636363636363635,16,29890.959821428572,31480.672265625,29800.4259765625,939.9659260686582,31680.357828699816,27920.494124425182
2022-06-01,29799.080078125,31957.28515625,29501.587890625,31792.5546875,41135817341,-0.3,17,29924.776785714286,31189.663997395834,29837.9923828125,923.1650884335002,31684.3225596795,27991.6622059455
2022-06-02,30467.48828125,30604.734375,29652.705078125,29794.890625,29083562061,0.16818181818181818,13,30096.243024553572,30946.898502604166,29897.21162109375,923.6844670042859,31744.580555102322,28049.842687085176
2022-06-03,29704.390625,30633.03515625,29375.689453125,30467.806640625,26175547452,0.13636363636363635,10,30250.07393973214,30613.7658203125,29877.36787109375,923.3330159595455,31724.03390301284,28030.701839174657
2022-06-04,29832.9140625,29930.564453125,29500.005859375,29706.138671875,16588370958,0.0625,14,30395.504464285714,30389.024934895835,29803.75791015625,860.0331684775787,31523.82424711141,28083.691573201093
2022-06-05,29906.662109375,30117.744140625,29574.44921875,29835.1171875,17264085441,0.0,10,30461.319475446428,30184.549609375,29805.9451171875,860.2471386312608,31526.439394450023,28085.45083992498
2022-06-06,31370.671875,31693.291015625,29894.1875,29910.283203125,31947336829,-0.3,13,30410.502511160714,30046.840234375,29853.18583984375,919.9520151820221,31693.089870207794,28013.281809479708
2022-06-07,31155.478515625,31489.68359375,29311.68359375,31371.7421875,40770974039,-0.15,15,30319.526506696428,29950.047330729165,29974.94619140625,923.2631519386285,31821.472495283506,28128.41988752899
2022-06-08,30214.35546875,31253.69140625,29944.404296875,31151.48046875,30242059107,0.0,17,30378.8515625,29947.294075520833,29969.947265625,921.5980128847166,31813.143291394434,28126.751239855566
2022-06-09,30111.998046875,30609.310546875,30020.265625,30215.279296875,21692004719,-0.3,11,30328.067243303572,29916.93046875,30015.51015625,903.9240325903961,31823.35822143079,28207.662091069207
2022-06-10,29083.8046875,30245.80859375,28978.146484375,30110.330078125,29867476527,0.16818181818181818,13,30239.412109375,29921.845442708334,29998.0890625,918.9891447960647,31836.06735209213,28160.11077290787
2022-06-11,28360.810546875,29401.916015625,28236.212890625,29084.666015625,27246574439,0.0,12,30029.11160714286,29898.947395833333,29899.94345703125,984.8396187811597,31869.62269459357,27930.264219468932
2022-06-12,26762.6484375,28502.685546875,26762.6484375,28373.513671875,34163220274,0.0,14,29579.966796875,29814.9322265625,29783.13037109375,1199.919562422281,32182.969495938312,27383.291246249188
2022-06-13,22487.388671875,26795.58984375,22141.2578125,26737.578125,68204556440,0.0,11,28310.926339285714,29561.136328125,29424.7205078125,2026.1287812583248,33476.97807032915,25372.46294529585
2022-06-14,22206.79296875,23018.951171875,20950.818359375,22487.986328125,50913575242,0.0,8,27032.54268973214,29257.858984375,29056.94208984375,2589.178619968045,34235.29932977984,23878.58484990766
2022-06-15,22572.83984375,22642.671875,20178.376953125,22196.73046875,54912007015,0.0,7,25940.897600446428,29014.856380208334,28722.2228515625,2965.873408468581,34653.96966849966,22790.47603462534
2022-06-16,20381.650390625,22868.921875,20265.2265625,22576.3046875,31183975654,0.13636363636363635,7,24550.84793526786,28680.049479166668,28309.92666015625,3504.0437095451402,35318.01407924653,21301.83924106597
2022-06-17,20471.482421875,21243.3125,20326.51953125,20385.71875,27132421514,0.13636363636363635,9,23320.516183035714,28405.08984375,27892.75576171875,3913.496905029092,35719.749571776934,20065.761951660563
2022-06-18,19017.642578125,20736.041015625,17708.623046875,20473.42578125,42009436760,-0.15,6,21985.777901785714,28028.533463541666,27371.3400390625,4364.397921996608,36100.135883055715,18642.544195069284
2022-06-19,20553.271484375,20683.822265625,18067.15234375,19010.90234375,35329942625,0.0,6,21098.724051339286,27740.284505208332,26812.68408203125,4490.86252911546,35794.40914026217,17830.95902380033
2022-06-20,20599.537109375,20913.322265625,19689.169921875,20553.37109375,30818458597,-0.3,9,20829.03097098214,27445.8615234375,26253.04541015625,4534.845703672079,35322.73681750041,17183.35400281209
2022-06-21,20710.59765625,21620.62890625,20415.0625,20594.294921875,28970212744,0.0,9,20615.28878348214,27125.4240234375,25798.6212890625,4615.454731362411,35029.53075178732,16567.711826337676
2022-06-22,19987.029296875,20835.75,19848.078125,20719.4140625,28574793478,0.16818181818181818,11,20245.887276785714,26821.694661458332,25274.59833984375,4652.2790489383315,34579.15643772041,15970.040241967086
2022-06-23,21085.876953125,21135.76171875,19950.1171875,19986.607421875,26188097173,0.0625,11,20346.491071428572,26536.0376953125,24843.67265625,4619.402415811696,34082.477487873395,15604.867824626608
2022-06-24,21231.65625,21472.91796875,20777.51171875,21084.6484375,24957784918,0.0,11,20455.087332589286,26258.347526041667,24413.609765625,4529.980514749877,33473.57079512475,15353.648736125244
2022-06-25,21502.337890625,21520.9140625,20964.5859375,21233.609375,18372538715,0.0,14,20810.043805803572,25999.51796875,23993.3935546875,4380.9635590968355,32755.32067288117,15231.466436493829
2022-06-26,21027.294921875,21783.724609375,21016.26953125,21496.494140625,18027170497,0.0,14,20877.76143973214,25746.175325520835,23476.22470703125,4063.2384398411527,31602.701586713556,15349.747827348947
2022-06-27,20735.478515625,21478.08984375,20620.19921875,21028.23828125,20965695707,0.0,12,20897.181640625,25476.861263020834,22955.22470703125,3676.3837809367424,30307.992268904738,15602.457145157767
2022-06-28,20280.634765625,21164.423828125,20228.8125,20731.544921875,21381535161,-0.15,10,20835.758370535714,25171.350520833334,22458.538671875,3295.328974700533,29049.196621276067,15867.880722473936
2022-06-29,20104.0234375,20364.15625,19937.791015625,20281.169921875,23552740328,0.0,13,20852.471819196428,24783.93828125,21958.13994140625,2793.648734404443,27545.437410215138,16370.842472597364
2022-06-30,19784.7265625,20141.16015625,18729.65625,20108.3125,26267239923,0.16818181818181818,11,20666.593191964286,24383.685481770834,21493.18603515625,2270.056534384054,26033.299103924357,16953.072966388143
2022-07-01,19269.3671875,20632.671875,19073.708984375,19820.470703125,30767551159,0.0625,11,20386.266183035714,24032.695052083334,21038.6138671875,1647.300238381942,24333.214343951386,17744.013390423617
2022-07-02,19242.255859375,19371.748046875,19027.08203125,19274.8359375,18100418740,0.0,14,20063.397321428572,23658.520638020833,20662.59423828125,1005.0629342885964,22672.720106858444,18652.468369704056
2022-07-03,19297.076171875,19558.26953125,18966.951171875,19242.095703125,16390821947,0.0,11,19816.223214285714,23311.61015625,20503.07861328125,951.971326087413,22407.021265456075,18599.135961106425
2022-07-04,20231.26171875,20258.748046875,19063.06640625,19297.314453125,21594638208,-0.3,14,19744.192243303572,22991.555078125,20404.30205078125,864.3477717877989,22132.99759435685,18675.60650720565
2022-07-05,20190.115234375,20635.466796875,19341.232421875,20225.353515625,26715546990,0.0,19,19731.260881696428,22667.670182291666,20285.1658203125,697.9026981599111,21680.971216632322,18889.36042399268
2022-07-06,20548.24609375,20595.529296875,19823.51171875,20194.619140625,24598943708,0.16818181818181818,18,19794.721261160714,22306.92265625,20293.49560546875,700.105615995764,21693.70683746028,18893.28437347722
2022-07-07,21637.587890625,21771.81640625,20296.103515625,20547.814453125,25814972520,0.0,18,20059.41573660714,21989.659635416665,20351.80087890625,761.5677826354384,21874.93644417713,18828.665313635374
2022-07-08,21731.1171875,22314.94140625,21257.453125,21637.154296875,49899834488,0.0,20,20411.094308035714,21706.885026041666,20487.474609375,753.0328904622131,21993.540390299426,18981.408828450574
2022-07-09,21592.20703125,21877.138671875,21445.95703125,21716.828125,29641127858,0.16818181818181818,24,20746.801618303572,21422.8919921875,20539.42138671875,792.6055397064442,22124.63246613164,18954.21030730586
2022-07-10,20860.44921875,21591.080078125,20727.123046875,21591.080078125,28688807249,0.16818181818181818,24,20970.140625,21148.780143229167,20552.4669921875,795.7878751434354,22144.04274247437,18960.89124190063
2022-07-11,19970.556640625,20856.353515625,19924.5390625,20856.353515625,24150249025,0.0,22,20932.897042410714,20869.105013020835,20515.46494140625,805.1975833813202,22125.86010816889,18905.069774643613
2022-07-12,19323.9140625,20043.4453125,19308.53125,19970.474609375,25810220018,0.13636363636363635,16,20809.15401785714,20621.147200520834,20482.3091796875,840.9606972882549,22164.230574264013,18800.38778511099
2022-07-13,20212.07421875,20223.052734375,18999.953125,19325.97265625,33042430345,0.0,15,20761.129464285714,20545.303385416668,20438.61904296875,830.5875950934103,22099.794233155568,18777.44385278193
2022-07-14,20569.919921875,20789.89453125,19689.2578125,20211.466796875,31158743333,0.0,18,20608.60546875,20490.740950520834,20405.5322265625,810.2655987555052,22026.06342407351,18785.00102905149
2022-07-15,20836.328125,21138.244140625,20397.0,20573.15625,25905575359,0.13636363636363635,15,20480.778459821428,20432.8572265625,20372.23173828125,775.7678865078883,21923.76751129703,18820.695965265473
2022-07-16,21190.31640625,21514.404296875,20518.8984375,20834.103515625,24302954056,0.0,21,20423.36551339286,20459.812760416666,20380.3828125,783.8275323943384,21948.037877288676,18812.727747711324
2022-07-17,20779.34375,21600.640625,20778.1796875,21195.041015625,22927802083,0.0,24,20411.77901785714,20470.0748046875,20382.57607421875,784.9340258425428,21952.444125903836,18812.70802253366
2022-07-18,22485.689453125,22633.033203125,20781.912109375,20781.912109375,39974475562,-0.3,20,20771.08370535714,20585.6763671875,20492.82880859375,914.0968398247811,22321.02248824331,18664.63512894419
2022-07-19,23389.43359375,23666.962890625,21683.40625,22467.849609375,48765202697,0.0,30,21351.872209821428,20680.215104166666,20657.09931640625,1113.9153631515096,22884.930042709268,18429.26859010323
2022-07-20,23231.732421875,24196.818359375,23009.94921875,23393.19140625,42932549127,0.0,31,21783.251953125,20767.954947916667,20829.449609375,1232.2198672853815,23293.88934394576,18365.009874804236
2022-07-21,23164.62890625,23388.322265625,22431.1484375,23233.201171875,33631012204,0.0,34,22153.924665178572,20849.755989583333,21024.2126953125,1279.5867387549924,23583.386172822487,18465.039217802514
2022-07-22,22714.978515625,23671.927734375,22603.416015625,23163.751953125,31421555646,0.0,33,22422.303292410714,20940.687630208333,21197.848828125,1260.5310280234185,23718.910884171837,18676.78677207816
2022-07-23,22465.478515625,22977.2109375,22002.91015625,22706.984375,24021799169,0.16818181818181818,31,22604.469308035714,20986.674348958335,21356.2689453125,1207.0372741568299,23770.34349362616,18942.19439699884
2022-07-24,22609.1640625,22974.001953125,22306.83984375,22465.509765625,23565495303,0.0,30,22865.872209821428,21032.591276041665,21475.1640625,1207.503396092176,23890.17085468435,19060.15727031565
2022-07-25,21361.701171875,22649.12109375,21361.642578125,22607.15625,35574561406,0.0,30,22705.30245535714,21027.903385416666,21533.743359375,1169.7079535720527,23873.159266519106,19194.327452230893
2022-07-26,21239.75390625,21361.12109375,20776.81640625,21361.12109375,28624673855,0.0625,26,22398.20535714286,21034.9853515625,21568.31875,1149.0827697181956,23866.48428943639,19270.153210563607
2022-07-27,22930.548828125,22986.529296875,21070.806640625,21244.169921875,31758955233,0.0625,28,22355.179129464286,21108.154361979166,21632.966796875,1188.8676212043097,24010.70203928362,19255.23155446638
2022-07-28,23843.88671875,24110.470703125,22722.265625,22933.640625,40212386158,0.0,32,22452.215959821428,21226.929427083334,21738.6052734375,1287.79824019151,24314.201753820522,19163.00879305448
2022-07-29,23804.6328125,24294.787109375,23481.173828125,23845.212890625,35887249746,0.0,39,22607.880859375,21350.283072916667,21849.2265625,1367.1398841980965,24583.506330896194,19114.946794103806
2022-07-30,23656.20703125,24572.580078125,23580.5078125,23796.818359375,28148218301,0.0,42,22777.984933035714,21479.332421875,21989.014453125,1403.1738926628398,24795.36223845068,19182.66666779932
2022-07-31,23336.896484375,24121.642578125,23275.703125,23652.0703125,23553591896,0.0,39,22881.946707589286,21614.916731770834,22157.3314453125,1349.172150072703,24855.675745457906,19458.98714516709
2022-08-01,23314.19921875,23464.787109375,22890.796875,23336.71875,25849159141,0.0,33,23160.875,21750.648177083334,22356.845703125,1194.2629199787784,24745.371543082558,19968.319863167442
2022-08-02,22978.1171875,23415.041015625,22710.083984375,23308.43359375,28389250717,-0.3,31,23409.21261160714,21873.349544270834,22495.1478515625,1088.272372315261,24671.69259619302,20318.603106931976
2022-08-03,22846.5078125,23578.650390625,22747.8359375,22981.302734375,26288169966,0.0,34,23397.20675223214,21960.5244140625,22608.97724609375,991.0177381774057,24591.012722448562,20626.941769738936
2022-08-04,22630.95703125,23198.009765625,22485.701171875,22848.21484375,25120229769,0.0,30,23223.931082589286,22041.885807291666,22698.70869140625,899.0454162506983,24496.799523907644,20900.617858904854
2022-08-05,23289.314453125,23422.828125,22612.177734375,22626.833984375,28881249043,0.0,31,23150.31417410714,22133.254752604167,22803.65859375,833.8448924603945,24471.348378670787,21135.96880882921
2022-08-06,22961.279296875,23326.5625,22961.279296875,23291.423828125,15978259885,-0.15,31,23051.03878348214,22177.377799479167,22912.75537109375,684.3975588199107,24281.55048873357,21543.96025345393
2022-08-07,23175.890625,23359.009765625,22894.556640625,22963.505859375,15886817043,0.16818181818181818,30,23028.037946428572,22225.5369140625,22947.2654296875,679.1107317091913,24305.486893105885,21589.043966269117
2022-08-08,23809.486328125,24203.689453125,23176.546875,23179.52734375,28575544847,0.0,30,23098.79324776786,22299.446223958334,22968.26806640625,699.6888898848807,24367.645846176012,21568.890286636488
2022-08-09,23164.318359375,23898.615234375,22982.0,23811.484375,23555719219,0.0,42,23125.393415178572,22376.241861979168,22964.89736328125,698.514262670112,24361.925888621474,21567.868837941023
2022-08-10,23947.642578125,24127.4140625,22771.51953125,23162.8984375,32837431722,0.0,31,23282.698381696428,22508.811393229167,23004.048046875,731.4643307288038,24466.976708332608,21541.11938541739
2022-08-11,23957.529296875,24822.62890625,23900.99609375,23948.345703125,37127036580,0.0,41,23472.20870535714,22663.265234375,23066.1755859375,757.9102138688322,24581.996013675165,21550.355158199836
2022-08-12,24402.818359375,24412.56640625,23657.265625,23957.203125,27265804688,0.16818181818181818,42,23631.280691964286,22802.956705729168,23163.042578125,799.74478177132,24762.53214166764,21563.55301458236
2022-08-13,24424.068359375,24860.05078125,24346.115234375,24402.1875,22987346289,0.16818181818181818,46,23840.250558035714,22931.4283203125,23253.78779296875,835.7459112107395,24925.279615390227,21582.29597054727
2022-08-14,24319.333984375,24974.9140625,24206.259765625,24429.056640625,22994133555,0.0,47,24003.599609375,23047.528515625,23401.66943359375,739.4510996117374,24880.571632817224,21922.767234370276
2022-08-15,24136.97265625,25135.58984375,23839.775390625,24318.31640625,35123501685,0.0,45,24050.383370535714,23145.750390625,23546.53037109375,554.2215452531925,24654.973461600137,22438.087280587366
2022-08-16,23883.291015625,24228.416015625,23733.5,24126.13671875,27753685646,0.0,44,24153.09375,23249.215299479165,23594.16748046875,539.2322754019734,24672.632031272697,22515.702929664803
2022-08-17,23335.998046875,24407.05859375,23243.353515625,23881.31640625,30931623076,0.0,41,24065.715959821428,23277.558919270832,23568.773046875,538.8121293125457,24646.397305500093,22491.14878824991
2022-08-18,23212.73828125,23563.83203125,23177.6015625,23341.0390625,23747613147,-0.3,30,23959.317243303572,23271.669075520833,23539.1783203125,541.4243238989336,24622.026968110367,22456.329672514636
2022-08-19,20877.552734375,23213.3125,20868.84765625,23213.3125,40509610260,0.16818181818181818,33,23455.707868303572,23193.196419270833,23400.24560546875,803.0918780476406,25006.42936156403,21794.06184937347
2022-08-20,21166.060546875,21350.806640625,20856.73046875,20872.841796875,27595671000,0.13636363636363635,29,22990.278180803572,23126.577473958332,23291.70380859375,946.0754965607041,25183.85480171516,21399.55281547234
2022-08-21,21534.12109375,21668.845703125,21103.197265625,21160.392578125,23102307723,0.0,27,22592.390625,23087.215559895834,23202.69990234375,1024.3425390320926,25251.384980407936,21154.014824279562
2022-08-22,21398.908203125,21531.462890625,20939.18359375,21531.462890625,31666498758,0.0,29,22201.23856026786,23051.663216145833,23123.739453125,1100.5933126151626,25324.926078355325,20922.552827894673
2022-08-23,21528.087890625,21646.203125,20955.138671875,21401.044921875,31878280659,0.13636363636363635,28,21864.78097098214,23015.62734375,23057.81845703125,1156.1538353186063,25370.126127668464,20745.51078639404
2022-08-24,21395.01953125,21783.076171875,21195.005859375,21526.455078125,31962253368,0.0,25,21587.49832589286,23016.737955729168,22996.02158203125,1211.8592640862282,25419.740110203707,20572.303053858795
2022-08-25,21600.904296875,21789.63671875,21362.44140625,21395.458984375,31028679593,0.0,25,21357.236328125,23028.776302083334,22911.60107421875,1248.6044785111062,25408.810031240962,20414.392117196538
2022-08-26,20260.01953125,21804.908203125,20199.482421875,21596.0859375,42326789564,0.0,27,21269.01729910714,22939.758658854167,22776.5380859375,1381.9289773154662,25540.396040568434,20012.680131306566
2022-08-27,20041.73828125,20340.775390625,19890.5234375,20262.48046875,30116729776,0.0,28,21108.399832589286,22813.020377604167,22619.83046875,1506.3606935803068,25632.551855910613,19607.109081589384
2022-08-28,19616.814453125,20139.0546875,19616.814453125,20041.03515625,24366810591,0.0,28,20834.498883928572,22673.426432291668,22410.196875,1619.5715401220984,25649.3399552442,19171.053794755804
2022-08-29,20297.994140625,20357.462890625,19600.78515625,19615.154296875,32637854078,0.13636363636363635,24,20677.225446428572,22561.486002604168,22266.8806640625,1675.1926511276858,25617.26596631787,18916.49536180713
2022-08-30,19796.80859375,20542.64453125,19617.640625,20298.611328125,34483360283,0.0,27,20429.899832589286,22443.483072916668,22059.33896484375,1712.7073402247524,25484.753645293255,18633.92428439425
2022-08-31,20049.763671875,20420.990234375,19799.58203125,19799.58203125,33225232872,0.16818181818181818,23,20237.72042410714,22334.6685546875,21863.95068359375,1707.6560874089598,25279.26285841167,18448.63850877583
2022-09-01,20127.140625,20198.390625,19653.96875,20050.498046875,30182031010,0.0,20,20027.182756696428,22239.636002604166,21650.166796875,1639.356196555723,24928.87918998645,18371.454403763553
2022-09-02,19969.771484375,20401.568359375,19814.765625,20126.072265625,29123998928,0.0,25,19985.71875,22143.744791666668,21427.451953125,1542.374221432116,24512.20039598923,18342.70351026077
2022-09-03,19832.087890625,20037.009765625,19698.35546875,19969.71875,23613051457,0.0,21,19955.768694196428,22050.449153645834,21203.0896484375,1421.1722824890014,24045.434213415505,18360.745083459497
2022-09-04,19986.712890625,19999.689453125,19636.81640625,19832.470703125,25245861652,0.0,20,20008.611328125,21940.362434895833,20995.57666015625,1264.6104576236903,23524.79757540363,18466.35574490887
2022-09-05,19812.37109375,20031.16015625,19673.046875,19988.7890625,28813460025,0.0,23,19939.23660714286,21835.398828125,20792.0306640625,1091.0645295251752,22974.159723112847,18609.90160501215
2022-09-06,18837.66796875,20155.26953125,18800.171875,19817.724609375,43403978910,0.0,22,19802.21651785714,21690.79140625,20567.11416015625,998.7895086606089,22564.693177477468,18569.53514283503
2022-09-07,19290.32421875,19427.171875,18644.466796875,18837.68359375,35239757134,0.13636363636363635,24,19693.725167410714,21540.152669270832,20370.99345703125,821.2835951657191,22013.56064736269,18728.42626669981
2022-09-08,19329.833984375,19417.3515625,19076.71484375,19289.94140625,32194477850,0.16818181818181818,20,19579.82421875,21412.3365234375,20293.60751953125,843.6533089911367,21980.914137513526,18606.300901548977
2022-09-09,21381.15234375,21439.41015625,19310.962890625,19328.140625,48469528171,-0.3,22,19781.450055803572,21326.786848958334,20304.362109375,856.6315134037548,22017.62513618251,18591.099082567493
2022-09-10,21680.5390625,21760.275390625,21168.72265625,21376.912109375,36913738894,0.0,28,20045.514508928572,21250.887174479165,20311.6830078125,868.241337446124,22048.165682704748,18575.20033292025
2022-09-11,21769.255859375,21770.552734375,21406.9453125,21678.54296875,34493951963,-0.15,26,20300.163504464286,21163.1017578125,20330.200390625,896.1502312940627,22122.500853213125,18537.899928036873
2022-09-12,22370.44921875,22439.181640625,21603.896484375,21770.1484375,50212088965,0.0,25,20665.60323660714,21094.647786458332,20372.31845703125,971.9979881821472,22316.314433395546,18428.322480666957
2022-09-13,20296.70703125,22673.8203125,20062.669921875,22371.48046875,51091116622,0.0,34,20874.03738839286,20960.560221354168,20317.40283203125,941.7315176309545,22200.86586729316,18433.93979676934
2022-09-14,20241.08984375,20467.201171875,19793.396484375,20184.5546875,37872380889,0.0,27,21009.86104910714,20830.6974609375,20249.412109375,891.9611647572968,22033.334438889593,18465.489779860407
2022-09-15,19701.2109375,20318.166015625,19636.734375,20242.2890625,36389011503,0.0,28,21062.914899553572,20691.294791666667,20221.4716796875,900.3244539285357,22022.12058754457,18420.82277183043
2022-09-16,19772.583984375,19870.62890625,19400.076171875,19704.005859375,30123362273,0.0,20,20833.11941964286,20572.514322916668,20208.01396484375,905.151112455391,22018.316189754532,18397.71173993297
2022-09-17,20127.576171875,20162.53125,19777.033203125,19777.033203125,24957448100,0.0,22,20611.267578125,20469.6755859375,20233.55205078125,894.73847076937,22023.02899231999,18444.075109242513
2022-09-18,19419.505859375,20127.234375,19387.4921875,20127.234375,31254779144,0.0,27,20275.589006696428,20421.0740234375,20189.62763671875,912.7896231421721,22015.206883003095,18364.048390434404
2022-09-19,19544.12890625,19639.48046875,18390.318359375,19418.572265625,40177002624,-0.3,21,19871.828962053572,20367.009635416667,20176.99365234375,920.231163335396,22017.455979014543,18336.531325672957
2022-09-20,18890.7890625,19602.45703125,18813.455078125,19545.591796875,36791346508,0.0,23,19670.983537946428,20278.898567708333,20119.044921875,964.1100657094994,22047.265053294,18190.824790456
2022-09-21,18547.400390625,19674.630859375,18290.314453125,18891.283203125,46363793975,0.16818181818181818,23,19429.027901785714,20183.848307291668,20040.05791015625,1026.1291133760164,22092.316136908285,17987.799683404217
2022-09-22,19413.55078125,19456.91015625,18415.591796875,18534.650390625,41135767926,0.0,22,19387.93359375,20113.363736979165,20012.246875,1035.6279589147132,22083.502792829426,17940.990957170576
2022-09-23,19297.638671875,19464.671875,18617.552734375,19412.400390625,38896078052,-0.3,20,19320.08426339286,20043.451041666667,19985.5244140625,1047.3501888194521,22080.224791701403,17890.824036423597
2022-09-24,18937.01171875,19310.197265625,18861.974609375,19296.990234375,26149643168,0.0,24,19150.00362723214,19954.654622395832,19933.03935546875,1073.2682446528995,22079.57584477455,17786.50286616295
2022-09-25,18802.09765625,19134.732421875,18696.46875,18936.310546875,23359966112,0.0,24,19061.80245535714,19906.0572265625,19882.52568359375,1102.6194994635043,22087.76468252076,17677.286684666742
2022-09-26,19222.671875,19274.873046875,18721.28515625,18803.900390625,44148798321,0.0,21,19015.880022321428,19878.755013020833,19901.77587890625,1086.663010161252,22075.101899228754,17728.449858583746
2022-09-27,19110.546875,20338.455078125,18915.66796875,19221.83984375,58571439619,0.0,20,19047.273995535714,19861.879427083335,19892.78701171875,1092.7138515171137,22078.214714752976,17707.35930868452
2022-09-28,19426.720703125,19688.34375,18553.296875,19104.62109375,53071298734,-0.15,20,19172.891183035714,19832.836979166666,19897.63134765625,1090.2988485984524,22078.229044853157,17717.033650459343
2022-09-29,19573.05078125,19589.265625,18924.353515625,19427.779296875,41037843771,0.0,22,19195.676897321428,19825.378385416665,19807.22626953125,1034.3402789642557,21875.90682745976,17738.54571160274
2022-09-30,19431.7890625,20109.849609375,19265.662109375,19573.431640625,43975248085,0.0,21,19214.841238839286,19804.779231770834,19694.78876953125,937.6943977838068,21570.177565098864,17819.399973963635
2022-10-01,19312.095703125,19471.154296875,19231.08203125,19431.10546875,18719537670,0.0,20,19268.424665178572,19777.611067708334,19571.93076171875,802.8666849951005,21177.664131708952,17966.19739172855
2022-10-02,19044.107421875,19370.30859375,18970.62109375,19311.849609375,20765955327,0.0,24,19302.997488839286,19746.755598958334,19405.613671875,466.84652047333975,20339.30671282168,18471.920630928318
2022-10-03,19623.580078125,19653.54296875,19025.2265625,19044.068359375,30484729489,0.0625,24,19360.270089285714,19739.805338541668,19371.95732421875,421.26218765836165,20214.481699535474,18529.432948902027
2022-10-04,20336.84375,20380.34375,19523.83984375,19623.583984375,35887278685,-0.15,20,19535.45535714286,19751.4763671875,19376.74501953125,432.0654690818536,20240.875957694956,18512.61408136754
2022-10-05,20160.716796875,20343.748046875,19801.80078125,20335.900390625,33223790572,0.0,25,19640.311941964286,19763.087890625,19399.7203125,461.4455066130251,20322.61132572605,18476.82929927395
2022-10-06,19955.443359375,20408.392578125,19900.087890625,20161.0390625,34711412966,0.0,26,19694.939453125,19800.3470703125,19408.86328125,470.9361374386077,20350.735556127216,18466.991006372784
2022-10-07,19546.849609375,20041.0859375,19395.79296875,19957.55859375,29227315390,0.0,23,19711.37667410714,19808.897916666665,19379.826953125,441.2581238820133,20262.343200889027,18497.310705360975
2022-10-08,19416.568359375,19601.6953125,19299.4140625,19546.328125,16437423167,0.0,24,19726.301339285714,19811.7890625,19379.680078125,441.24471011186245,20262.169498348725,18497.190657901272
2022-10-09,19446.42578125,19542.5390625,19349.259765625,19417.478515625,16837262532,0.0,22,19783.775390625,19747.298177083332,19374.794921875,439.8669216583441,20254.528765191688,18495.061078558312
2022-10-10,19141.484375,19515.466796875,19102.978515625,19446.416015625,27425022774,-0.3,22,19714.90457589286,19662.663020833334,19387.3296875,428.78070698710314,20244.891101474208,18529.768273525795
2022-10-11,19051.41796875,19241.9609375,18925.603515625,19139.0,28711532910,0.13636363636363635,24,19531.272321428572,19572.068424479166,19412.53056640625,389.862240993329,20192.255048392908,18632.806084419593
2022-10-12,19157.4453125,19203.19921875,19029.7578125,19052.646484375,24950173846,0.0,20,19387.947823660714,19464.968294270835,19399.72529296875,394.01086796795823,20187.747028904665,18611.703557032833
2022-10-13,19382.904296875,19453.328125,18319.822265625,19156.966796875,44219840004,0.13636363636363635,20,19306.15652901786,19434.508203125,19403.98857421875,393.30880286583135,20190.606179950413,18617.37096848709
2022-10-14,19185.65625,19889.146484375,19115.408203125,19382.533203125,38452356727,0.0,24,19254.557477678572,19399.327083333334,19416.42080078125,381.52428969598776,20179.469380173225,18653.372221389272
2022-10-15,19067.634765625,19212.541015625,19019.25,19185.4375,16192235532,0.16818181818181818,24,19204.709821428572,19378.207877604167,19429.69765625,363.20127546748756,20156.100207184973,18703.295105315025
2022-10-16,19268.09375,19389.603515625,19068.9140625,19068.9140625,17988916650,-0.3,24,19179.233816964286,19361.391536458334,19431.96875,361.9785654165639,20155.92588083313,18708.01161916687
2022-10-17,19550.7578125,19635.802734375,19173.333984375,19268.5625,27472552998,-0.3,20,19237.70145089286,19342.1642578125,19453.979296875,354.71639455574837,20163.412085986496,18744.546507763505
2022-10-18,19334.416015625,19666.994140625,19144.76953125,19550.466796875,30580012344,0.16818181818181818,22,19278.129743303572,19339.3279296875,19449.3640625,355.6888816670285,20160.74182583406,18737.986299165943
2022-10-19,19139.53515625,19348.416015625,19127.6875,19335.02734375,22425387184,0.0,23,19275.571149553572,19325.841471354168,19427.68828125,360.92540322623046,20149.539087702462,18705.83747479754
2022-10-20,19053.740234375,19315.19921875,18971.458984375,19138.0859375,24493974420,0.0,23,19228.547712053572,19331.273177083334,19408.78583984375,370.47267579609223,20149.731191435934,18667.840488251564
2022-10-21,19172.46875,19237.384765625,18770.970703125,19053.203125,32459287866,0.0,23,19226.66378348214,19352.1087890625,19401.8044921875,373.6922507280988,20149.1889936437,18654.4199907313
2022-10-22,19208.189453125,19248.068359375,19132.244140625,19172.380859375,16104440957,0.0,20,19246.743024553572,19345.263411458334,19410.00859375,367.17022514463383,20144.349044039267,18675.668143460734
2022-10-23,19567.0078125,19646.65234375,19124.197265625,19207.734375,22128794335,0.0,23,19289.44503348214,19354.2423828125,19407.17998046875,365.65309020195497,20138.48616087266,18675.87380006484
2022-10-24,19345.572265625,19589.125,19206.32421875,19567.76953125,30202235805,0.0,22,19260.1328125,19367.861067708334,19357.61640625,292.964098166271,19943.54460258254,18771.688209917458
2022-10-25,20095.857421875,20348.412109375,19261.447265625,19344.96484375,47761524910,0.0,20,19368.91015625,19410.986393229166,19354.3734375,283.8226388615087,19922.018715223017,18786.72815977698
2022-10-26,20770.44140625,20938.134765625,20076.1171875,20092.236328125,58895950537,0.0,33,19601.89676339286,19462.5787109375,19395.12333984375,406.6100463842995,20208.34343261235,18581.90324707515
2022-10-27,20285.8359375,20854.044921875,20255.373046875,20772.802734375,49625110402,0.0,32,19777.91043526786,19501.755013020833,19432.07265625,452.14959667488614,20336.37184959977,18527.773462900226
2022-10-28,20595.3515625,20724.98046875,20086.068359375,20287.95703125,43994715910,0.0,30,19981.17940848214,19540.709375,19491.01181640625,521.5284639856769,20534.068744377604,18447.9548884349
2022-10-29,20818.4765625,20988.39453125,20566.484375,20595.103515625,40369840645,0.0,34,20211.22042410714,19582.223567708334,19559.61435546875,599.73219490352,20759.07874527579,18360.149965661712
2022-10-30,20635.603515625,20917.005859375,20547.462890625,20817.982421875,31486345556,0.0,34,20363.876953125,19622.350716145833,19634.3203125,636.8175727524335,20907.955458004868,18360.685166995132
2022-10-31,20495.7734375,20795.3203125,20287.458984375,20633.6953125,45668466815,-0.15,31,20528.19140625,19661.806640625,19706.5380859375,649.016016612725,21004.57011916295,18408.50605271205
2022-11-01,20485.2734375,20647.2890625,20359.845703125,20494.8984375,39819303159,0.0,30,20583.822265625,19709.8455078125,19772.9294921875,657.7466919251773,21088.422876037854,18457.436108337148
2022-11-02,20159.50390625,20742.810546875,20087.134765625,20482.958984375,55552169483,-0.15,30,20496.545479910714,19727.709635416668,19811.75947265625,656.4316728381519,21124.622818332555,18498.896126979944
2022-11-03,20209.98828125,20382.095703125,20086.240234375,20162.689453125,43228750179,0.0,30,20485.710100446428,19723.481119791668,19862.97607421875,644.8690774534605,21152.71422912567,18573.23791931183
2022-11-04,21147.23046875,21209.560546875,20188.01953125,20208.76953125,64072727950,0.0,30,20564.549944196428,19756.364908854168,19966.955859375,676.7481087933434,21320.452076961687,18613.459641788315
2022-11-05,21282.69140625,21446.88671875,21097.634765625,21144.83203125,37846047609,0.0625,38,20630.866350446428,19800.606510416666,20067.6857421875,716.0415177581186,21499.768777703735,18635.602706671263
2022-11-06,20926.486328125,21345.376953125,20920.19140625,21285.056640625,35082693210,0.0,40,20672.421037946428,19846.594401041668,20136.47216796875,729.718264393286,21595.908696755323,18677.035639182177
2022-11-07,20602.81640625,21053.24609375,20489.97265625,20924.62109375,53510852236,0.0,33,20687.712890625,19886.136002604166,20199.8921875,711.2267778805423,21622.345743261085,18777.438631738918
2022-11-08,18541.271484375,20664.607421875,17603.544921875,20600.671875,118992465607,0.0,31,20409.99832589286,19855.964192708332,20169.97900390625,768.4501385725688,21706.879281051388,18633.078726761112
2022-11-09,15880.7802734375,18590.458984375,15682.6923828125,18543.76171875,102905151606,0.0,29,19798.752092633928,19747.274055989583,20011.331005859374,1211.0815024756907,22433.494010810755,17589.168000907994
2022-11-10,17586.771484375,18054.3125,15834.0185546875,15883.158203125,83202283721,0.0,22,19424.0068359375,19698.452506510417,19932.046142578125,1316.2292014679367,22564.504545514,17299.58773964225
2022-11-11,17034.29296875,17650.943359375,16543.482421875,17583.251953125,55871616488,0.0,25,18836.4443359375,19627.68076171875,19823.351318359375,1460.9557174467725,22745.26275325292,16901.43988346583
2022-11-12,16799.185546875,17066.67578125,16651.775390625,17036.875,29717699419,0.0,21,18195.943498883928,19541.556803385418,19684.960205078125,1610.0059688379908,22904.972142754108,16464.948267402142
2022-11-13,16353.365234375,16920.765625,16320.634765625,16799.72265625,27209183682,0.0,22,17542.640485491072,19447.147102864583,19535.349853515625,1773.8886944204435,23083.127242356513,15987.572464674739
2022-11-14,16618.19921875,17109.32421875,15872.94140625,16352.0283203125,49630243054,0.0,24,16973.40945870536,19365.499251302084,19361.466943359374,1883.13616728917,23127.739277937715,15595.194608781034
2022-11-15,16884.61328125,17051.962890625,16542.55078125,16617.484375,36599436183,0.0,22,16736.744001116072,19286.04990234375,19167.175537109375,1929.9910919084516,23027.15772092628,15307.193353292472
2022-11-16,16669.439453125,16960.294921875,16430.111328125,16884.341796875,33925512989,0.0,23,16849.409598214286,19190.00595703125,18986.355712890625,1988.199594969484,22962.754902829594,15009.956522951657
2022-11-17,16687.517578125,16726.439453125,16460.68359375,16670.42578125,27868914022,0.16818181818181818,20,16720.944754464286,19101.776009114583,18790.964013671874,2013.6121740559574,22818.18836178379,14763.739665559959
2022-11-18,16697.77734375,16947.05859375,16564.611328125,16687.912109375,26862218609,0.0,23,16672.87109375,19020.38408203125,18584.929052734376,2006.0390529799631,22597.0071586943,14572.85094677445
2022-11-19,16711.546875,16797.876953125,16570.41015625,16696.220703125,16106223492,0.0,23,16660.35128348214,18942.310970052084,18388.726220703124,1986.7196576622975,22362.16553602772,14415.286905378529
2022-11-20,16291.83203125,16746.779296875,16248.6923828125,16712.919921875,21313378652,0.0,24,16651.56082589286,18846.28974609375,18178.529150390626,1974.4113855085013,22127.35192140763,14229.706379373623
2022-11-21,15787.2841796875,16291.2236328125,15599.046875,16291.2236328125,37429485518,0.0,21,16532.85867745536,18732.2595703125,17943.6296875,1964.9713298532834,21873.572347206566,14013.687027793434
2022-11-22,16189.76953125,16253.0478515625,15656.6064453125,15782.30078125,30726828760,0.0,22,16433.595284598214,18619.6849609375,17745.14296875,1929.5366441293388,21604.216257008677,13886.06968049132
2022-11-23,16610.70703125,16638.193359375,16170.5029296875,16195.5888671875,32958875628,0.0,22,16425.204938616072,18528.522786458332,17565.17890625,1853.912828894166,21273.004564038332,13857.353248461666
2022-11-24,16604.46484375,16771.474609375,16501.767578125,16611.63671875,26129037414,0.0,20,16413.340262276786,18412.143033854165,17338.040625,1660.1031182766005,20658.2468615532,14017.834388446801
2022-11-25,16521.841796875,16603.31640625,16388.404296875,16602.26953125,18678255976,0.0,20,16388.206612723214,18270.523046875,17099.99814453125,1382.8942036975427,19865.786551926336,14334.209737136167
2022-11-26,16464.28125,16666.86328125,16416.228515625,16521.576171875,18000008764,0.16818181818181818,22,16352.88295200893,18143.137890625,16876.887890625,1053.8673549968541,18984.622600618706,14769.15318063129
2022-11-27,16444.626953125,16594.40625,16437.025390625,16463.8828125,20443898509,0.16818181818181818,26,16374.71079799107,18004.780403645833,16668.97841796875,586.7784875138011,17842.53539299635,15495.421442941146
2022-11-28,16217.322265625,16482.93359375,16054.5302734375,16440.22265625,27743025156,0.0,28,16436.14481026786,17851.40859375,16552.78095703125,395.3909344354901,17343.56282590223,15761.99908816027
2022-11-29,16444.982421875,16522.2578125,16139.396484375,16217.6396484375,23581685468,0.0,26,16472.60379464286,17711.721223958335,16580.991064453126,363.78602963959355,17308.563123732314,15853.419005173939
2022-11-30,17168.56640625,17190.9375,16445.4765625,16445.4765625,29523576583,0.0,29,16552.297991071428,17600.814322916667,16560.080810546875,311.1414458070324,17182.36370216094,15937.79791893281
2022-12-01,16967.1328125,17197.498046875,16888.388671875,17168.001953125,22895392882,0.0,27,16604.10770089286,17483.54296875,16556.722802734374,306.07529376866637,17168.873390271707,15944.57221519704
2022-12-02,17088.66015625,17088.66015625,16877.880859375,16968.68359375,19539705127,0.13636363636363635,27,16685.08175223214,17381.181510416667,16571.196533203125,324.43789543984315,17220.072324082812,15922.320742323438
2022-12-03,16908.236328125,17116.041015625,16888.140625,17090.09765625,16217776704,0.0,27,16748.50390625,17271.123111979166,16598.940087890624,328.5286388244478,17255.99736553952,15941.882810241728
2022-12-04,17130.486328125,17157.767578125,16903.439453125,16908.169921875,16824520830,0.0,26,16846.483816964286,17137.231640625,16624.554443359375,349.4159677077124,17323.3863787748,15925.72250794395
2022-12-05,16974.826171875,17378.15234375,16922.431640625,17128.89453125,22209086834,0.16818181818181818,26,16954.698660714286,16993.6361328125,16629.065087890624,353.50810439930206,17336.081296689226,15922.048879092019
2022-12-06,17089.50390625,17091.86328125,16939.921875,16975.23828125,19889922369,0.0,25,17046.77315848214,16865.73671875,16650.068310546874,368.20637280348285,17386.48105615384,15913.655564939909
2022-12-07,16848.126953125,17109.376953125,16750.55859375,17089.505859375,19675404389,0.0625,29,17000.99609375,16740.580403645832,16658.098779296874,370.80834432356477,17399.715467944003,15916.482090649744
2022-12-08,17233.474609375,17267.916015625,16788.783203125,16847.349609375,20496603770,-0.15,25,17039.044921875,16696.987174479167,16684.883642578126,392.536429118753,17469.95650081563,15899.81078434062
2022-12-09,17133.15234375,17280.546875,17100.8359375,17232.1484375,20328426366,0.0,26,17045.400948660714,16738.73291015625,16705.963916015626,405.1613361199667,17516.28658825556,15895.641243775692
2022-12-10,17128.724609375,17216.826171875,17120.68359375,17134.220703125,12706781969,0.0,27,17076.899274553572,16723.464680989582,16747.808544921874,403.35177176594647,17554.51208845377,15941.105001389982
2022-12-11,17104.193359375,17245.634765625,17091.8203125,17129.7109375,14122486832,0.0,26,17073.143136160714,16725.794694010416,16813.65400390625,340.9623358065325,17495.578675519315,16131.729332293184
2022-12-12,17206.4375,17212.564453125,16899.39453125,17102.5,19617581341,0.16818181818181818,27,17106.23046875,16739.369759114583,16864.48740234375,318.07127023110115,17500.629942805954,16228.34486188155
2022-12-13,17781.318359375,17930.0859375,17111.763671875,17206.44140625,26634741631,0.0,27,17205.061104910714,16786.968196614584,16923.01796875,372.0409788495696,17667.099926449137,16178.936011050859
2022-12-14,17815.650390625,18318.53125,17739.513671875,17782.06640625,25534481470,-0.3,30,17343.278738839286,16826.883235677084,16983.57724609375,413.702367880622,17810.981981854995,16156.172510332508
2022-12-15,17364.865234375,17846.744140625,17322.58984375,17813.64453125,20964448341,0.0,31,17362.048828125,16842.891634114585,17025.72841796875,407.074919636496,17839.87825724174,16211.578578695757
2022-12-16,16647.484375,17505.525390625,16584.701171875,17364.546875,24031608960,0.0,29,17292.66768973214,16842.159798177083,17034.88857421875,395.67778478765416,17826.244143794058,16243.533004643441
2022-12-17,16795.091796875,16800.58984375,16614.029296875,16646.982421875,14463581825,0.16818181818181818,28,17245.005859375,16845.74560546875,17052.41181640625,375.40222014231364,17803.216256690877,16301.607376121621
2022-12-18,16757.9765625,16815.38671875,16697.8203125,16795.609375,10924354698,0.0,26,17195.546316964286,16847.75224609375,17079.44453125,328.6585108517135,17736.761552953427,16422.12750954657
2022-12-19,16439.6796875,16807.52734375,16398.13671875,16759.041015625,17221074814,-0.3,29,17086.00948660714,16838.690006510416,17079.17939453125,329.198979939133,17737.577354409514,16420.781434652985
2022-12-20,16906.3046875,17012.984375,16427.8671875,16441.787109375,22722096615,0.0625,29,16961.00753348214,16859.172428385416,17066.06630859375,330.67108522529634,17727.40847904434,16404.724138143156
2022-12-21,16817.53515625,16916.80078125,16755.912109375,16904.52734375,14882945045,0.0,26,16818.41964285714,16893.514127604165,17058.58642578125,334.69427444473416,17727.974974670717,16389.197876891783
2022-12-22,16830.341796875,16866.673828125,16592.408203125,16818.380859375,16441573050,0.0,28,16742.059151785714,16914.866536458332,17045.6705078125,338.4360043833541,17722.54251657921,16368.798499045794
2022-12-23,16796.953125,16905.21875,16794.458984375,16829.64453125,15329265213,0.0,27,16763.41183035714,16921.074739583335,17040.10634765625,341.71337923364604,17723.53310612354,16356.679589188956
2022-12-24,16847.755859375,16864.703125,16793.52734375,16796.9765625,9744636213,0.0625,29,16770.93526785714,16929.184440104167,17025.96982421875,343.62050525274145,17713.210834724236,16338.72881371327
2022-12-25,16841.986328125,16860.5546875,16755.25390625,16847.505859375,11656379938,0.0,29,16782.936662946428,16939.855924479165,17019.32783203125,345.93716446687847,17711.202160965007,16327.453503097493
2022-12-26,16919.8046875,16920.123046875,16812.369140625,16842.25,11886957804,0.0,28,16851.525948660714,16955.0400390625,17010.84287109375,346.2063726716476,17703.255616437047,16318.430125750456
2022-12-27,16717.173828125,16959.845703125,16642.072265625,16919.291015625,15748580239,0.0,27,16824.507254464286,16964.124934895834,17004.29521484375,350.6554612722593,17705.60613738827,16302.984292299232
2022-12-28,16552.572265625,16768.169921875,16497.556640625,16716.400390625,17005713920,0.0,28,16786.655412946428,16975.299934895833,16970.25009765625,360.1589434043203,17690.56798446489,16249.932210847612
2022-12-29,16642.341796875,16651.755859375,16508.68359375,16552.322265625,14472237479,0.0,28,16759.798270089286,16981.878580729168,16945.7095703125,365.1615927850478,17676.032755882596,16215.386384742405
2022-12-30,16602.5859375,16643.427734375,16408.474609375,16641.330078125,15929162910,0.16818181818181818,28,16732.03152901786,16963.012565104167,16919.40263671875,370.2001603564083,17659.802957431566,16179.002316005934
2022-12-31,16547.49609375,16628.986328125,16517.51953125,16603.673828125,11239186456,0.16818181818181818,25,16689.137276785714,16949.024674479166,16891.5677734375,376.45061807107555,17644.46900957965,16138.666537295347
2023-01-01,16625.080078125,16630.439453125,16521.234375,16547.9140625,9244361700,-0.3,26,16658.15066964286,16933.572005208334,16862.49990234375,373.28979948030263,17609.079501304353,16115.920303383144
2023-01-02,16688.470703125,16759.34375,16572.228515625,16625.509765625,12097775227,0.0,27,16625.102957589286,16926.246484375,16807.85751953125,305.5541315411853,17418.96578261362,16196.74925644888
2023-01-03,16679.857421875,16760.447265625,16622.37109375,16688.84765625,13903079207,0.0,26,16619.772042410714,16911.225520833334,16751.06787109375,193.32812158492482,17137.7241142636,16364.4116279239
2023-01-04,16863.23828125,16964.5859375,16667.763671875,16680.205078125,18421743322,0.0,29,16664.152901785714,16907.505924479166,16725.9865234375,132.4650911420492,16990.916705721596,16461.056341153402
2023-01-05,16836.736328125,16884.021484375,16790.283203125,16863.47265625,13692758566,-0.15,29,16691.92354910714,16899.080338541666,16735.44912109375,133.31899298004748,17002.087107053845,16468.811135133652
2023-01-06,16951.96875,16991.994140625,16716.421875,16836.47265625,14413662913,0.0,26,16741.835379464286,16902.541731770834,16743.29296875,141.38378264428198,17026.060534038563,16460.525403461437
2023-01-07,16955.078125,16975.017578125,16914.19140625,16952.1171875,7714767174,0.0,25,16800.061383928572,16893.261848958333,16753.148046875,149.1189915340839,17051.38602994317,16454.910063806834
2023-01-08,17091.14453125,17091.14453125,16924.05078125,16954.146484375,9768827914,0.0,25,16866.642020089286,16891.861588541666,16785.7212890625,148.19117952213995,17082.103648106782,16489.33893001822
2023-01-09,17196.5546875,17389.95703125,17093.9921875,17093.9921875,18624736866,0.0,25,16939.225446428572,16894.122591145835,16800.2337890625,172.79183707617432,17145.817463214848,16454.65011491015
2023-01-10,17446.29296875,17484.720703125,17162.990234375,17192.94921875,15808338949,0.0,26,17048.716238839286,16905.525911458335,16831.6716796875,225.31961711216354,17282.310913911828,16381.032445463174
2023-01-11,17934.896484375,17934.896484375,17337.994140625,17446.359375,18372283782,0.0,26,17201.81026785714,16929.807877604166,16886.8994140625,334.0903451291098,17555.08010432072,16218.71872380428
2023-01-12,18869.587890625,19030.087890625,17995.203125,18117.59375,34971338710,0.0,30,17492.217633928572,16966.083528645835,16990.53115234375,553.8802517386191,18098.291655820987,15882.77064886651
2023-01-13,19909.57421875,19964.322265625,18753.1640625,18868.90625,29225029694,-0.3,31,17914.73270089286,17035.880989583333,17143.6220703125,854.110013498693,18851.842097309887,15435.402043315114
2023-01-14,20976.298828125,21075.142578125,19907.828125,19910.537109375,38967784639,0.0,46,18489.192801339286,17156.262109375,17350.3376953125,1205.3471743715409,19761.03204405558,14939.643346569419
2023-01-15,20880.798828125,20993.748046875,20606.986328125,20977.484375,19298407543,-0.15,52,19030.57198660714,17297.372591145835,17548.38740234375,1434.5125307174715,20417.41246377869,14679.362340908807
2023-01-16,21169.6328125,21360.875,20715.74609375,20882.224609375,26792494050,0.0,45,19598.15457589286,17443.190625,17771.0103515625,1630.7889691989396,21032.588289960382,14509.432413164623
2023-01-17,21161.51953125,21438.66015625,20978.533203125,21175.833984375,24999983362,0.0,51,20128.901227678572,17589.975390625,18001.45771484375,1769.3118192731513,21540.08135339005,14462.834076297448
2023-01-18,20688.78125,21564.501953125,20541.544921875,21161.05078125,30005625418,0.0,52,20522.313337053572,17731.612109375,18203.7796875,1835.8226329633806,21875.42495342676,14532.134421573237
2023-01-19,21086.79296875,21163.01171875,20685.380859375,20686.74609375,21152848261,0.0,45,20839.05691964286,17870.96171875,18427.9900390625,1902.590873051796,22233.171785166094,14622.808292958909
2023-01-20,22676.552734375,22692.357421875,20919.126953125,21085.373046875,28799154319,0.0,51,21234.33956473214,18066.2623046875,18734.44287109375,2069.9980842429927,22874.439039579735,14594.446702607765
2023-01-21,22777.625,23282.34765625,22511.833984375,22677.427734375,32442278429,-0.3,53,21491.671875,18264.505078125,19042.0701171875,2193.5091951024874,23429.088507392476,14655.051726982525
2023-01-22,22720.416015625,23056.73046875,22387.900390625,22777.986328125,24746386230,0.0,53,21754.47433035714,18461.953841145834,19343.6673828125,2266.341235571813,23876.349853956126,14810.984911668873
2023-01-23,22934.431640625,23126.486328125,22654.3046875,22721.087890625,26518700512,0.0,50,22006.588448660714,18664.843033854166,19656.39609375,2310.519067214923,24277.434228179845,15035.357959320156
2023-01-24,22636.46875,23134.01171875,22549.744140625,22929.626953125,26405069715,-0.15,52,22217.295479910714,18857.992447916666,19945.0576171875,2303.819046805403,24552.695710798307,15337.419523576693
2023-01-25,23117.859375,23722.099609375,22406.076171875,22639.267578125,30685366709,0.0,51,22564.306640625,19064.594270833335,20259.11376953125,2285.8425399318826,24830.798849395014,15687.428689667486
2023-01-26,23032.77734375,23237.078125,22911.373046875,23108.955078125,26357839322,0.0,54,22842.30440848214,19275.114388020833,20563.15419921875,2226.4396408773127,25016.033480973376,16110.274917464123
2023-01-27,23078.728515625,23417.720703125,22654.59375,23030.716796875,25383335641,0.16818181818181818,55,22899.75809151786,19492.6529296875,20869.33671875,2122.790894995127,25114.918508740255,16623.754928759747
2023-01-28,23031.08984375,23165.896484375,22908.845703125,23079.96484375,14712928379,0.0,52,22935.967354910714,19705.611197916667,21166.333984375,1976.8778593582447,25120.08970309149,17212.57826565851
2023-01-29,23774.56640625,23919.890625,22985.0703125,23031.44921875,27423687259,0.0,55,23086.56026785714,19944.677213541665,21495.2345703125,1822.8533465510784,25140.941263414657,17849.52787721034
2023-01-30,22840.138671875,23789.34765625,22657.58203125,23774.6484375,27205595568,0.0,61,23073.08984375,20154.431966145832,21764.92685546875,1574.3545463341338,24913.63594813702,18616.217762800483
2023-01-31,23139.283203125,23225.021484375,22765.568359375,22840.796875,22837828665,0.0,51,23144.920479910714,20371.5720703125,22025.14619140625,1317.0679793953577,24659.282150196967,19391.010232615532
2023-02-01,23723.76953125,23764.5390625,22877.75,23137.8359375,26683255504,0.0,56,23231.479073660714,20606.08203125,22267.8552734375,1140.3672602244742,24548.58979388645,19987.12075298855
2023-02-02,23471.87109375,24167.2109375,23468.595703125,23720.82421875,32066936882,0.0,60,23294.20675223214,20832.482486979166,22445.9701171875,1025.002667185956,24495.97545155941,20395.964782815587
2023-02-03,23449.322265625,23678.103515625,23279.955078125,23469.412109375,27083066007,0.0,60,23347.14871651786,21052.018619791666,22569.6212890625,986.8335453087499,24543.288379679998,20595.954198445
2023-02-04,23331.84765625,23556.94921875,23291.794921875,23446.3203125,15639298538,0.0,58,23390.114118303572,21268.522330729167,22692.17373046875,915.6951397180509,24523.56400990485,20860.783451032647
2023-02-05,22955.666015625,23423.435546875,22841.759765625,23332.248046875,19564262605,0.0,58,23273.128348214286,21468.645572916666,22781.475390625,843.6529529834494,24468.7812965919,21094.1694846581
2023-02-06,22760.109375,23119.279296875,22692.025390625,22954.021484375,23825006542,0.0,56,23261.69559151786,21662.146614583333,22861.4048828125,752.947920277332,24367.300723367167,21355.509042257836
2023-02-07,23264.291015625,23310.974609375,22756.2578125,22757.267578125,27187964471,-0.15,54,23279.553850446428,21867.9181640625,22990.18037109375,556.400182605471,24102.980736304693,21877.380005882806
2023-02-08,22939.3984375,23367.958984375,22731.09765625,23263.416015625,25371367758,0.0625,58,23167.500837053572,22059.3462890625,23082.81064453125,331.6727898571516,23746.156224245555,22419.465064816948
2023-02-09,21819.0390625,22996.4375,21773.974609375,22946.56640625,32572572185,0.0,55,22931.381975446428,22205.1044921875,23039.9349609375,428.3036667583082,23896.542294454113,22183.327627420884
2023-02-10,21651.18359375,21941.185546875,21539.392578125,21819.005859375,27078406594,0.0,48,22674.505022321428,22328.980729166666,22983.612890625,527.2479153404503,24038.108721305904,21929.1170599441
2023-02-11,21870.875,21891.41015625,21618.44921875,21651.841796875,16356226232,0.0,49,22465.79464285714,22429.0236328125,22941.13583984375,581.0446101973139,24103.22506023838,21779.046619449124
2023-02-12,21788.203125,22060.994140625,21682.828125,21870.90234375,17821046406,0.0,50,22299.014229910714,22491.644596354166,22883.8244140625,635.699401402067,24155.223216866634,21612.425611258364
2023-02-13,21808.1015625,21898.4140625,21460.087890625,21787.0,23918742607,0.0,48,22163.013113839286,22519.371354166666,22842.4060546875,678.2270256795211,24198.860106046544,21485.952003328457
2023-02-14,22220.8046875,22293.140625,21632.39453125,21801.822265625,26792596581,0.0,50,22013.94363839286,22564.038216145833,22797.5533203125,688.6342104897399,24174.82174129198,21420.284899333023
2023-02-15,24307.841796875,24307.841796875,22082.76953125,22220.5859375,32483312909,0.0,53,22209.435546875,22668.645182291668,22861.30654296875,766.2099449317423,24393.726432832234,21328.886653105263
2023-02-16,23623.474609375,25134.1171875,23602.5234375,24307.349609375,39316664596,0.0,62,22467.212053571428,22750.7103515625,22888.54384765625,783.8255158434116,24456.19487934307,21320.892815969426
2023-02-17,24565.6015625,24924.041015625,23460.755859375,23621.283203125,41358451255,0.0,61,22883.557477678572,22879.9376953125,22965.26943359375,868.990135417996,24703.24970442974,21227.289162757756
2023-02-18,24641.27734375,24798.8359375,24468.373046875,24565.296875,19625427158,0.0,60,23279.329241071428,22998.4205078125,23008.60498046875,930.8800246659214,24870.365029800592,21146.844931136908
2023-02-19,24327.642578125,25093.0546875,24327.642578125,24640.02734375,25555105670,0.0,60,23642.106305803572,23053.4568359375,23082.98017578125,975.085979460339,25033.152134701926,21132.808216860572
2023-02-20,24829.1484375,25020.458984375,23927.91015625,24336.623046875,28987376573,0.0,58,24073.684430803572,23121.840950520833,23167.4734375,1050.5189700256326,25268.511377551265,21066.435497448736
2023-02-21,24436.353515625,25126.8515625,24200.36328125,24833.048828125,31252098714,0.0,60,24390.19140625,23179.0388671875,23203.10263671875,1081.991695008796,25367.086026736342,21039.11924670116
2023-02-22,24188.84375,24472.33984375,23644.318359375,24437.41796875,30199996781,0.0,59,24373.19168526786,23220.852604166666,23238.95126953125,1103.03793661724,25445.02714276573,21032.87539629677
2023-02-23,23947.4921875,24572.08984375,23693.919921875,24190.71875,30476264066,0.0,56,24419.479910714286,23264.553385416668,23263.859765625,1113.6125830071426,25491.084931639285,21036.634599610712
2023-02-24,23198.126953125,24103.705078125,23007.072265625,23946.0078125,26811744928,0.0,53,24224.126395089286,23267.228971354165,23257.17373046875,1113.5843291313224,25484.342388731395,21030.005072206102
2023-02-25,23175.375,23210.2109375,22861.55859375,23200.125,16100721565,0.0,52,24014.711774553572,23271.9822265625,23268.1591796875,1111.535250096993,25491.229679881486,21045.088679493514
2023-02-26,23561.212890625,23654.3671875,23084.220703125,23174.150390625,16644534842,0.0,51,23905.221819196428,23288.0650390625,23308.21435546875,1106.6873081710146,25521.58897181078,21094.83973912672
2023-02-27,23522.87109375,23857.890625,23205.87890625,23561.451171875,22660763494,0.0,50,23718.610770089286,23304.457747395834,23321.143359375,1107.657182286242,25536.457723947486,21105.828994802516
2023-02-28,23147.353515625,23585.384765625,23077.650390625,23521.837890625,20535363434,0.16818181818181818,53,23534.467912946428,23283.550651041667,23331.54111328125,1104.8575925054781,25541.256298292206,21121.825928270297
2023-03-01,23646.55078125,23880.6328125,23088.626953125,23150.9296875,24662841200,0.16818181818181818,50,23456.997488839286,23310.4310546875,23422.91669921875,1047.2539122518851,25517.42452372252,21328.40887471498
2023-03-02,23475.466796875,23739.138671875,23245.021484375,23647.01953125,20386398516,0.0,51,23389.565290178572,23321.637174479165,23514.130859375,960.6849867973883,25435.500832969778,21592.760885780222
2023-03-03,22362.6796875,23479.34765625,22213.23828125,23476.6328125,26062404610,0.16818181818181818,50,23270.215680803572,23276.267513020834,23538.72109375,921.9217235470044,25382.564540844007,21694.87764665599
2023-03-04,22353.349609375,22405.177734375,22198.98046875,22362.923828125,11166012913,0.16818181818181818,50,23152.78348214286,23238.983463541666,23566.97841796875,872.7957647462954,25312.56994746134,21821.386888476158
2023-03-05,22435.513671875,22613.685546875,22307.142578125,22354.14453125,13317001733,0.13636363636363635,47,22991.969308035714,23205.18984375,23598.3490234375,815.6546893663854,25229.65840217027,21967.039644704728
2023-03-06,22429.7578125,22584.29296875,22331.314453125,22436.81640625,17353192895,0.16818181818181818,48,22835.81026785714,23175.120182291666,23608.7966796875,798.2333395761385,25205.263358839777,22012.330000535225
2023-03-07,22219.76953125,22527.41796875,22011.26171875,22428.322265625,22765452204,0.0,49,22703.298270089286,23150.590299479165,23504.39306640625,837.5742819443082,25179.541630294865,21829.244502517635
2023-03-08,21718.080078125,22268.896484375,21708.05078125,22216.44140625,22536575684,-0.15,50,22427.80245535714,23115.855989583335,23409.12333984375,926.9159429316559,25262.95522570706,21555.29145398044
2023-03-09,20363.021484375,21802.716796875,20210.306640625,21720.080078125,30364664171,0.0,44,21983.167410714286,23019.147005208335,23198.9943359375,1109.3502320281304,25417.694799993762,20980.293871881237
2023-03-10,20187.244140625,20370.595703125,19628.25390625,20367.001953125,39578257695,0.16818181818181818,34,21672.39090401786,22927.408528645832,22976.29267578125,1243.5314565324813,25463.35558884621,20489.229762716288
2023-03-11,20632.41015625,20792.525390625,20068.66015625,20187.876953125,30180288176,0.0,33,21426.542410714286,22887.854231770834,22791.5310546875,1305.1707038695283,25401.872462426556,20181.189646948445
2023-03-12,22163.94921875,22185.03125,20448.806640625,20628.029296875,29279035521,0.0,33,21387.747488839286,22904.946419270833,22658.27109375,1219.4207161561396,25097.11252606228,20219.429661437724
2023-03-13,24197.533203125,24550.837890625,21918.19921875,22156.40625,49466362688,0.0,49,21640.28683035714,22982.501692708334,22646.330078125,1202.1395348145322,25050.609147754065,20242.051008495935
2023-03-14,24746.07421875,26514.716796875,24081.18359375,24201.765625,54622230164,0.0,56,22001.1875,23081.097395833334,22674.1916015625,1245.4485875530618,25165.08877666862,20183.294426456378
2023-03-15,24375.9609375,25240.615234375,23964.91015625,24770.92578125,43655701450,0.0,50,22380.884765625,23166.692708333332,22695.6150390625,1271.907947629578,25239.430934321656,20151.799143803346
2023-03-16,25052.7890625,25190.326171875,24225.111328125,24373.45703125,33866061747,0.0,52,23050.8515625,23261.0921875,22788.34814453125,1373.9878436146998,25536.32383176065,20040.37245730185
2023-03-17,27423.9296875,27787.8125,24955.169921875,25055.123046875,50730261335,-0.3,51,24084.66378348214,23364.961783854167,23000.77587890625,1721.4639562645618,26443.703791435375,19557.847966377125
2023-03-18,26965.87890625,27725.953125,26636.26171875,27448.1171875,35723036817,-0.3,64,24989.44503348214,23476.375260416666,23171.0091796875,1934.910439122661,27040.83005793282,19301.188301442176
2023-03-19,28038.67578125,28440.560546875,26907.716796875,26969.50390625,37769448859,0.16818181818181818,63,25828.69168526786,23592.144401041667,23396.7994140625,2220.531426195418,27837.86226645334,18955.736561671663
2023-03-20,27767.236328125,28527.724609375,27242.880859375,28041.6015625,44774027664,0.0,66,26338.649274553572,23696.343033854166,23627.7935546875,2424.173936168756,28476.141427025013,18779.44568234999
2023-03-21,28175.81640625,28439.5625,27439.646484375,27768.392578125,36102192830,0.0,68,26828.612444196428,23824.615494791666,23854.2568359375,2628.9302792790486,29112.117394495595,18596.396277379405
2023-03-22,27307.4375,28803.3359375,26759.99609375,28158.720703125,33382021890,0.0,62,27247.39481026786,23907.225130208335,24045.85537109375,2737.276678556103,29520.408728205955,18571.30201398154
2023-03-23,28333.97265625,28729.84375,27183.36328125,27301.95703125,24220433689,0.0,57,27716.135323660714,24037.145768229166,24344.42001953125,2866.6231846056794,30077.66638874261,18611.17365031989
2023-03-24,27493.28515625,28388.4375,27039.265625,28324.111328125,25980310960,0.0,61,27726.04324776786,24147.293815104167,24601.416796875,2908.8167658417437,30419.05032855849,18783.783265191512
2023-03-25,27494.70703125,27791.826171875,27196.234375,27487.337890625,13383005987,-0.15,64,27801.59012276786,24265.534309895833,24854.37646484375,2930.4508789843762,30715.278222812503,18993.474706874997
2023-03-26,27994.330078125,28178.14453125,27445.046875,27495.5234375,13878363192,0.0,64,27795.255022321428,24425.407747395835,25132.605078125,2952.212502941533,31037.030084008067,19228.180072241936
2023-03-27,27139.888671875,28037.92578125,26606.689453125,27994.068359375,18188895178,0.0,64,27705.633928571428,24557.558203125,25378.61103515625,2901.268438320181,31181.147911796612,19576.074158515887
2023-03-28,27268.130859375,27460.71875,26677.818359375,27132.888671875,17783600385,0.0,59,27575.96456473214,24681.122135416666,25656.11357421875,2796.2423805761373,31248.598335371025,20063.628813066476
2023-03-29,28348.44140625,28619.54296875,27259.662109375,27267.03125,20684945906,0.0,57,27724.67940848214,24841.974479166667,26055.3845703125,2560.878922771397,31177.142415855295,20933.626724769707
2023-03-30,28033.5625,29159.90234375,27720.16015625,28350.140625,22435349951,0.0625,60,27681.763671875,25004.848111979165,26447.70048828125,2188.532270891503,30824.765030064256,22070.635946498245
2023-03-31,28478.484375,28639.896484375,27583.71484375,28032.26171875,19001327598,0.0,63,27822.506417410714,25165.912565104165,26840.00419921875,1750.6725629457521,30341.349325110255,23338.659073327246
2023-04-01,28411.03515625,28802.45703125,28297.171875,28473.33203125,10876469901,0.0,61,27953.41043526786,25330.431510416667,27152.35849609375,1393.2842303146797,29938.92695672311,24365.790035464393
2023-04-02,28199.30859375,28518.958984375,27884.087890625,28462.845703125,12284641999,-0.15,63,27982.69308035714,25524.985807291665,27352.447265625,1223.6266128020611,29799.700491229123,24905.194040020877
2023-04-03,27790.220703125,28475.623046875,27276.720703125,28183.080078125,19556501327,0.0,63,28075.59765625,25706.21484375,27504.65458984375,1060.8612041707745,29626.3769981853,25382.9321815022
2023-04-04,28168.08984375,28433.7421875,27681.3046875,27795.2734375,15284538859,0.0,62,28204.163225446428,25897.300716145834,27694.26103515625,771.7210322119424,29237.703099580136,26150.818970732365
2023-04-05,28177.984375,28739.23828125,27843.763671875,28169.7265625,17052315986,0.0,62,28179.81222098214,26088.908268229166,27850.52080078125,463.61199065622185,28777.744782093694,26923.296819468807
2023-04-06,28044.140625,28178.384765625,27738.759765625,28175.2265625,13837809380,0.0,63,28181.323381696428,26283.053971354166,27881.53134765625,454.22351660912534,28789.9783808745,26973.084314438
2023-04-07,27925.859375,28111.59375,27794.03125,28038.966796875,10861680497,0.0,64,28102.376953125,26489.979947916665,27929.53037109375,399.83736913046414,28729.20510935468,27129.855632832823
2023-04-08,27947.794921875,28159.86328125,27883.38671875,27920.513671875,9373255556,0.0,61,28036.199776785714,26742.805729166666,27924.986328125,399.04731417380924,28723.08095647262,27126.89169977738
2023-04-09,28333.05078125,28532.830078125,27828.48046875,27952.3671875,12175322951,0.0,61,28055.305803571428,27014.3326171875,27953.27705078125,407.24754244182276,28767.772135664894,27138.781965897604
2023-04-10,29652.98046875,29771.46484375,28189.271484375,28336.02734375,19282400094,0.0,62,28321.41434151786,27315.018294270834,28027.13525390625,556.3758629511537,29139.886979808558,26914.383528003942
2023-04-11,30235.05859375,30509.083984375,29609.30078125,29653.6796875,20121259843,0.13636363636363635,68,28616.69559151786,27584.0552734375,28173.51630859375,718.5489863840917,29610.614281361934,26736.418335825565
2023-04-12,30139.052734375,30462.48046875,29725.57421875,30231.58203125,18651929926,0.16818181818181818,65,28896.848214285714,27782.105924479165,28263.7703125,842.4466801177173,29948.663672735434,26578.876952264567
2023-04-13,30399.06640625,30539.845703125,29878.623046875,29892.740234375,17487721001,0.16818181818181818,61,29233.266183035714,27970.538997395834,28409.059375,946.6916233951818,30302.442621790364,26515.676128209638
2023-04-14,30485.69921875,31005.607421875,30044.498046875,30409.5625,22659995079,0.16818181818181818,68,29598.957589285714,28174.196940104168,28558.608984375,1027.44872288929,30613.506430153582,26503.71153859642
2023-04-15,30318.49609375,30601.740234375,30245.8828125,30490.75,11940685378,0.16818181818181818,68,29937.62918526786,28349.7205078125,28674.81728515625,1089.810974808932,30854.439234774112,26495.195335538385
2023-04-16,30315.35546875,30555.537109375,30157.83203125,30315.9765625,12854816417,0.16818181818181818,68,30220.815569196428,28446.1013671875,28833.590625,1085.7268113917348,31005.04424778347,26662.137002216532
2023-04-17,29445.044921875,30319.197265625,29275.37109375,30317.146484375,17872186762,-0.15,69,30191.110491071428,28528.740234375,28942.436328125,1028.118255744904,30998.67283961481,26886.19981663519
2023-04-18,30397.552734375,30470.302734375,29154.849609375,29449.091796875,19480529496,0.0,58,30214.32393973214,28607.369466145832,29044.89189453125,1067.1680855840862,31179.228065699423,26910.55572336308
2023-04-19,28822.6796875,30411.0546875,28669.8984375,30394.1875,24571565421,0.0,63,30026.270647321428,28642.550911458333,29084.34775390625,1042.1021911407113,31168.552136187674,27000.14337162483
2023-04-20,28245.98828125,29076.400390625,28037.2578125,28823.68359375,21340360360,0.13636363636363635,52,29718.688058035714,28644.889973958332,29072.72294921875,1050.4794897328275,31173.681928684404,26971.763969753098
2023-04-21,27276.91015625,28349.96875,27177.365234375,28249.23046875,20759504330,0.0,50,29260.289620535714,28643.872395833332,29016.01669921875,1116.6075710048744,31249.231841228502,26782.801557209
2023-04-22,27817.5,27872.142578125,27169.5703125,27265.89453125,13125734602,0.0,53,28903.004464285714,28626.656640625,28996.92626953125,1134.4272411438926,31265.780751819035,26728.071787243465
2023-04-23,27591.384765625,27820.244140625,27400.314453125,27816.14453125,12785446832,0.0,56,28513.865792410714,28629.926627604167,28986.98447265625,1146.3674884342665,31279.719449524786,26694.249495787717
2023-04-24,27525.33984375,27979.982421875,27070.849609375,27591.73046875,17703288330,0.13636363636363635,53,28239.622209821428,28630.947721354165,28954.84697265625,1179.0756902197568,31312.998353095765,26596.695592216736
2023-04-25,28307.59765625,28371.078125,27207.931640625,27514.873046875,17733373139,0.0,53,27941.057198660714,28641.389973958332,28961.32763671875,1174.929928121002,31311.187492960755,26611.467780476745
2023-04-26,28422.701171875,29995.837890625,27324.548828125,28300.05859375,31854242019,-0.3,56,27883.917410714286,28684.150390625,28980.2556640625,1162.3584788486587,31304.972621759818,26655.538706365183
2023-04-27,29473.787109375,29871.546875,28402.88671875,28428.46484375,27153445027,0.16818181818181818,59,28059.317243303572,28757.672265625,29057.65205078125,1139.7711029033521,31337.194256587954,26778.109844974544
2023-04-28,29340.26171875,29572.791015625,28929.609375,29481.013671875,17544464887,0.0,64,28354.08175223214,28790.732942708335,29127.275390625,1110.5622654190756,31348.39992146315,26906.15085978685
2023-04-29,29248.48828125,29452.455078125,29088.04296875,29336.56640625,10662634333,-0.15,64,28558.508649553572,28831.23046875,29173.047265625,1094.8593013663212,31362.76586835764,26983.328662892356
2023-04-30,29268.806640625,29952.029296875,29114.021484375,29245.515625,14652199272,0.0,60,28798.14034598214,28857.574544270832,29153.83857421875,1089.3521833472846,31332.542940913318,26975.13420752418
2023-05-01,28091.568359375,29329.935546875,27680.79296875,29227.103515625,18655599976,0.0,63,28879.030133928572,28846.925651041667,29046.6640625,1082.8016576740715,31212.267377848144,26881.060747151856
2023-05-02,28680.537109375,28881.298828125,27924.123046875,28087.17578125,16432924527,0.0,55,28932.307198660714,28862.9666015625,28973.73828125,1054.0923187203114,31081.922918690623,26865.553643809377
2023-05-03,29006.30859375,29259.533203125,28178.388671875,28680.494140625,19122972518,-0.15,64,29015.6796875,28903.502864583334,28904.100390625,999.5686847847654,30903.23776019453,26904.96302105547
2023-05-04,28847.7109375,29353.185546875,28694.0390625,29031.3046875,15548678514,-0.15,64,28926.240234375,28926.156901041668,28822.2009765625,927.6792830915131,30677.559542745526,26966.842410379475
2023-05-05,29534.384765625,29668.908203125,28845.509765625,28851.48046875,17936566518,0.0,61,28953.972098214286,28971.370247395833,28782.99541015625,876.2585936572706,30535.51259747079,27030.47822284171
2023-05-06,28904.623046875,29820.126953125,28468.966796875,29538.859375,15913866714,0.0,60,28904.848493303572,29000.052994791666,28712.4587890625,799.8654811489823,30312.189751360464,27112.727826764538
2023-05-07,28454.978515625,29157.517578125,28441.3671875,28901.623046875,11301355486,0.0,64,28788.587332589286,29017.690299479167,28662.95546875,782.5906049956369,30228.136678741273,27097.774258758724
2023-05-08,27694.2734375,28663.271484375,27310.134765625,28450.45703125,19122903752,0.0,60,28731.830915178572,29009.239583333332,28527.79150390625,695.8767397444079,29919.544983395066,27136.038024417434
2023-05-09,27658.775390625,27821.400390625,27375.6015625,27695.068359375,14128593256,0.0,51,28585.86495535714,28986.763736979166,28469.5962890625,718.2266393927245,29906.04956784795,27033.143010277054
2023-05-10,27621.755859375,28322.6875,26883.669921875,27654.63671875,20656025026,0.0,52,28388.071707589286,28919.05625,28438.38466796875,741.6372411717074,29921.659150312164,26955.110185625334
2023-05-11,27000.7890625,27621.94140625,26781.826171875,27621.0859375,16724343943,0.0,52,28124.225725446428,28811.247265625,28424.57861328125,766.5485219281001,29957.67565713745,26891.48156942505
2023-05-12,26804.990234375,27055.646484375,25878.4296875,26987.662109375,19313599897,0.0,49,27734.31222098214,28700.111848958335,28373.953125,838.783560503368,30051.520246006738,26696.386003993262
2023-05-13,26784.078125,27030.482421875,26710.873046875,26807.76953125,9999171605,0.0,48,27431.37723214286,28579.612239583334,28333.58779296875,895.9059350287129,30125.399663026175,26541.77592291132
2023-05-14,26930.638671875,27150.9765625,26661.35546875,26788.974609375,10014858959,0.0,48,27213.614397321428,28461.110221354167,28303.852734375,933.2348792956051,30170.32249296621,26437.38297578379
2023-05-15,27192.693359375,27646.34765625,26766.09765625,26931.384765625,14413231792,0.0,50,27141.960100446428,28356.916796875,28248.10751953125,965.7320651466241,30179.5716498245,26316.643389238005
2023-05-16,27036.650390625,27299.3046875,26878.947265625,27171.513671875,12732238816,-0.15,54,27053.085100446428,28247.626627604168,28178.80498046875,1001.6097203140423,30182.024421096834,26175.585539840667
2023-05-17,27398.802734375,27465.927734375,26600.14453125,27035.470703125,15140006925,0.0,50,27021.23465401786,28179.4185546875,28075.05576171875,967.2904474987457,30009.636656716244,26140.47486672126
2023-05-18,26832.208984375,27466.52734375,26415.1015625,27401.650390625,15222938600,0.0,51,26997.151785714286,28060.573763020835,27949.653125,957.155076225772,29863.963277451545,26035.342972548457
2023-05-19,26890.12890625,27128.619140625,26700.2109375,26826.75390625,11258983301,0.0,48,27009.314453125,27996.155403645833,27831.73515625,933.705036791741,29699.145229833484,25964.325082666517
2023-05-20,27129.5859375,27155.158203125,26843.27734375,26888.841796875,7044911360,0.0,48,27058.672712053572,27958.9419921875,27724.77412109375,881.4856667261371,29487.745454546024,25961.802787641474
2023-05-21,26753.826171875,27265.91796875,26706.921875,27118.423828125,8647416921,0.0,52,27033.41378348214,27941.505859375,27657.88701171875,902.68741547477,29463.26184266829,25852.512180769212
2023-05-22,26851.27734375,27045.734375,26549.734375,26749.892578125,11056770492,0.0,49,26984.640066964286,27909.2984375,27566.4240234375,886.1371879292399,29338.69839929598,25794.14964757902
2023-05-23,27225.7265625,27434.68359375,26816.1796875,26855.9609375,13697203143,-0.3,50,27011.650948660714,27897.109830729165,27477.394921875,820.9053656067344,29119.205653088466,25835.58419066153
2023-05-24,26334.818359375,27224.603515625,26106.576171875,27224.603515625,16299104428,0.0,50,26859.653180803572,27857.42578125,27351.75029296875,791.9267154223512,28935.603723813452,25767.89686212405
2023-05-25,26476.20703125,26591.51953125,25890.59375,26329.4609375,13851122697,-0.15,51,26808.795758928572,27796.379427083335,27198.84140625,626.2196831008521,28451.280772451704,25946.4020400483
2023-05-26,26719.291015625,26916.669921875,26343.94921875,26474.181640625,12711619225,0.13636363636363635,49,26784.39034598214,27739.599088541665,27089.5748046875,488.41120002411037,28066.397204735724,26112.75240463928
2023-05-27,26868.353515625,26888.8828125,26621.140625,26720.181640625,7892015141,0.0,48,26747.071428571428,27652.751302083332,27010.2435546875,369.28858535755745,27748.820725402613,26271.666383972384
2023-05-28,28085.646484375,28193.44921875,26802.751953125,26871.158203125,14545229578,0.16818181818181818,50,26937.331473214286,27610.930794270833,27029.81220703125,414.98529230382024,27859.78279163889,26199.84162242361
2023-05-29,27745.884765625,28432.0390625,27563.876953125,28075.591796875,15181308984,0.0,52,27065.13253348214,27560.844010416666,27034.16767578125,422.3261949847232,27878.820065750697,26189.5152858118
2023-05-30,27702.349609375,28044.759765625,27588.501953125,27745.123046875,13251081851,0.0,51,27133.221540178572,27508.628776041667,27038.19736328125,428.5662351124254,27895.3298335061,26181.064893056402
2023-05-31,27219.658203125,27831.677734375,26866.453125,27700.529296875,15656371534,0.13636363636363635,51,27259.62723214286,27479.565104166668,27049.1408203125,430.3514359514408,27909.84369221538,26188.437948409617
2023-06-01,26819.97265625,27346.10546875,26671.720703125,27218.412109375,14678970415,0.0,52,27308.73660714286,27417.5462890625,27049.88994140625,429.9168906980292,27909.723722802308,26190.056160010194
2023-06-02,27249.58984375,27303.861328125,26574.64453125,26824.556640625,14837415000,0.0,50,27384.493582589286,27358.988997395834,27073.16552734375,427.3622398216361,27927.89000698702,26218.44104770048
2023-06-03,27075.12890625,27317.052734375,26958.00390625,27252.32421875,8385597470,-0.3,53,27414.03292410714,27299.9029296875,27080.3900390625,426.0452950603012,27932.4806291831,26228.299448941896
2023-06-04,27119.06640625,27407.01953125,26968.224609375,27075.123046875,9360912318,0.0,52,27275.950055803572,27219.392317708334,27076.70869140625,425.34135236683164,27927.391396139912,26226.025986672586
2023-06-05,25760.09765625,27129.982421875,25445.16796875,27123.109375,21513292646,0.0,53,26992.266183035714,27114.5748046875,27012.8810546875,517.4721279493185,28047.825310586137,25977.93679878886
2023-06-06,27238.783203125,27313.8203125,25434.8671875,25732.109375,21929670693,0.0,44,26926.042410714286,27074.0349609375,27004.880078125,512.4033457602836,28029.686769645567,25980.073386604432
2023-06-07,26345.998046875,27332.181640625,26146.98828125,27235.650390625,19530045082,-0.15,53,26801.233816964286,27029.092447916668,26980.56953125,532.1790733875231,28044.927678025044,25916.211384474955
2023-06-08,26508.216796875,26797.513671875,26246.6640625,26347.654296875,11904824295,0.0,50,26756.697265625,26990.740494791666,26961.47392578125,542.3497372756945,28046.17340033264,25876.774451229863
2023-06-09,26480.375,26770.2890625,26339.314453125,26505.923828125,11015551640,0.0625,50,26646.809430803572,26952.694466145833,26929.01337890625,551.115724726363,28031.244828358977,25826.781929453522
2023-06-10,25851.240234375,26531.044921875,25501.8359375,26481.76171875,19872933189,0.0,49,26471.968191964286,26914.376171875,26883.88408203125,600.9209433777222,28085.725968786694,25682.042195275808
2023-06-11,25940.16796875,26203.439453125,25668.986328125,25854.03125,10732609603,0.16818181818181818,47,26303.554129464286,26885.548763020834,26838.32861328125,636.9765967788046,28112.28180683886,25564.37541972364
2023-06-12,25902.5,26087.919921875,25675.197265625,25934.28515625,11677889997,0.0,47,26323.897321428572,26856.162825520834,26772.16728515625,662.8168004265519,28097.800886009354,25446.533684303147
2023-06-13,25918.728515625,26376.3515625,25728.365234375,25902.94140625,14143474486,0.0,45,26135.31808035714,26822.432486979167,26751.36279296875,683.474991656592,28118.312776281935,25384.412809655565
2023-06-14,25124.67578125,26041.80078125,24902.15234375,25920.2578125,14265717766,0.0,46,25960.84347098214,26753.498567708335,26683.78623046875,773.0558407379078,28229.89791194457,25137.674548992934
2023-06-15,25576.39453125,25735.30859375,24797.16796875,25121.673828125,15837384409,0.0,41,25827.726004464286,26704.823372395833,26626.64140625,811.5753521493592,28249.79211054872,25003.490701951283
2023-06-16,26327.462890625,26463.173828125,25245.357421875,25575.283203125,16324646965,0.0,47,25805.881417410714,26669.112044270834,26599.596875,812.1087365324157,28223.814348064832,24975.379401935166
2023-06-17,26510.67578125,26769.39453125,26174.4921875,26328.6796875,11090276850,0.16818181818181818,47,25900.086495535714,26658.394270833334,26520.84833984375,732.9259416417849,27986.700223127318,25054.99645656018
2023-06-18,26336.212890625,26675.92578125,26325.890625,26510.45703125,9565695129,-0.3,49,25956.66434151786,26639.930403645834,26450.36474609375,674.3591713447045,27799.083088783158,25101.646403404342
2023-06-19,26851.029296875,26984.611328125,26312.83203125,26335.44140625,12826986222,0.0,47,26092.168526785714,26630.645182291668,26407.79873046875,615.4704755072518,27638.739681483254,25176.857779454243
2023-06-20,28327.48828125,28388.96875,26668.791015625,26841.6640625,22211859147,0.0,49,26436.27706473214,26683.1005859375,26463.190234375,731.3290717352713,27925.848377845545,25000.532090904457
2023-06-21,30027.296875,30737.330078125,28283.41015625,28311.310546875,33346760979,0.0,59,27136.651506696428,26788.967903645833,26623.5564453125,1081.5003717817478,28786.557188875995,24460.555701749006
2023-06-22,29912.28125,30495.998046875,29679.158203125,29995.935546875,20653160491,0.0,65,27756.063895089286,26878.5197265625,26756.691015625,1303.6893958842252,29364.06980739345,24149.312223856552
2023-06-23,30695.46875,31389.5390625,29845.21484375,29896.3828125,24115570085,0.0,65,28380.06473214286,27023.874739583334,26937.7080078125,1573.6270389953552,30084.96208580321,23790.45392982179
2023-06-24,30548.6953125,30804.1484375,30290.146484375,30708.73828125,12147822496,0.0,62,28956.924665178572,27159.624348958332,27109.189453125,1769.1502542997614,30647.489961724525,23570.888944525475
2023-06-25,30480.26171875,31041.271484375,30327.943359375,30545.150390625,12703464114,0.0,64,29548.931640625,27284.9900390625,27345.19765625,1890.391799104558,31125.981254459115,23564.414058040882
2023-06-26,30271.130859375,30636.029296875,29955.744140625,30480.5234375,16493186997,0.0,55,30037.517578125,27398.415950520834,27496.8150390625,1999.8427094229505,31496.5004579084,23497.1296202166
2023-06-27,30688.1640625,31006.787109375,30236.650390625,30274.3203125,16428827944,0.0,59,30374.756975446428,27485.166536458335,27713.92333984375,2101.4488102601913,31916.820960364133,23511.025719323367
2023-06-28,30086.24609375,30703.279296875,29921.822265625,30696.560546875,14571500779,0.16818181818181818,62,30383.178292410714,27563.178580729167,27892.8248046875,2145.24844885786,32183.32170240322,23602.327906971783
2023-06-29,30445.3515625,30796.25,30057.203125,30086.1875,13180860821,0.0,54,30459.331194196428,27654.611979166668,28091.0736328125,2190.578554685856,32472.230742184212,23709.916523440785
2023-06-30,30477.251953125,31256.86328125,29600.275390625,30441.353515625,26387306197,0.0,56,30428.157366071428,27763.1984375,28322.37421875,2185.852209854788,32694.078638459574,23950.669799040425
2023-07-01,30590.078125,30641.2890625,30328.865234375,30471.84765625,9086606733,-0.15,59,30434.069196428572,27888.868619791665,28554.8697265625,2166.3398546254807,32887.54943581346,24222.19001731154
2023-07-02,30620.76953125,30766.140625,30264.01953125,30587.26953125,10533418042,0.0,63,30454.141741071428,28001.241276041666,28790.783203125,2118.6802299294254,33028.14366298385,24553.42274326615
2023-07-03,31156.439453125,31375.61328125,30586.513671875,30624.515625,15271884873,0.16818181818181818,62,30580.614397321428,28137.2849609375,29052.66875,2068.0942535417366,33188.85725708347,24916.48024291653
2023-07-04,30777.58203125,31325.197265625,30659.35546875,31156.865234375,12810828427,0.0,64,30593.38839285714,28259.235481770833,29335.3140625,1880.8129905195242,33096.94004353905,25573.688081460954
2023-07-05,30514.166015625,30877.330078125,30225.61328125,30778.724609375,12481622280,0.0,61,30654.51981026786,28417.704427083332,29582.20263671875,1674.1506742887964,32930.503985296345,26233.901288141158
2023-07-06,29909.337890625,31460.052734375,29892.2265625,30507.150390625,21129219509,0.0,56,30577.946428571428,28506.722916666666,29761.29638671875,1488.9951461158614,32739.286678950473,26783.306094487027
2023-07-07,30342.265625,30434.64453125,29777.28515625,29907.998046875,13384770155,0.0,55,30558.662667410714,28639.9318359375,29952.87587890625,1280.6651490651177,32514.206177036485,27391.54558077601
2023-07-08,30292.541015625,30374.4375,30080.16015625,30346.921875,7509378699,0.0,58,30516.157366071428,28766.0759765625,30150.69228515625,957.3663402446336,32065.424965645514,28235.959604666983
2023-07-09,30171.234375,30427.58984375,30085.591796875,30291.611328125,7903327692,0.0,55,30451.938058035714,28889.104622395833,30316.7025390625,560.8224192350301,31438.34737753256,29195.05770059244
2023-07-10,30414.470703125,31026.083984375,29985.39453125,30172.423828125,14828209155,0.0,56,30345.942522321428,29041.2123046875,30421.05166015625,308.70906090180995,31038.46978195987,29803.633538352628
2023-07-11,30620.951171875,30788.314453125,30358.09765625,30417.6328125,12151839152,0.0,57,30323.56668526786,29197.238411458333,30450.734375,297.18150701448945,31045.09738902898,29856.37136097102
2023-07-12,30391.646484375,30959.96484375,30228.8359375,30622.24609375,14805659717,0.0,64,30306.063895089286,29346.876627604168,30474.70263671875,269.5112705109877,31013.725177740725,29935.680095696775
2023-07-13,31476.048828125,31814.515625,30268.3515625,30387.48828125,23686079548,0.0,57,30529.879743303572,29532.120638020835,30513.731640625,348.19696702544263,31210.125574675883,29817.337706574115
2023-07-14,30334.068359375,31582.25390625,29966.38671875,31474.720703125,20917902660,-0.15,60,30528.70870535714,29705.767057291665,30503.00029296875,350.36331736136833,31203.72692769149,29802.273658246013
2023-07-15,30295.806640625,30407.78125,30263.462890625,30331.783203125,8011667756,0.13636363636363635,56,30529.175223214286,29863.080794270834,30493.7775390625,353.4078910683763,31200.593321199252,29786.961756925746
2023-07-16,30249.1328125,30437.560546875,30089.669921875,30297.47265625,8516564470,0.16818181818181818,57,30540.303571428572,29993.803125,30492.67763671875,354.17070776037446,31201.0190522395,29784.336221198
2023-07-17,30145.888671875,30336.400390625,29685.783203125,30249.626953125,13240156074,-0.3,54,30501.934709821428,30114.976888020832,30465.5638671875,359.13971976780505,31183.84330672311,29747.284427651888
2023-07-18,29856.5625,30233.65625,29556.427734375,30147.0703125,13138897269,-0.15,56,30392.736328125,30232.321875,30454.0796875,375.2198227503894,31204.51933300078,29703.640041999224
2023-07-19,29913.923828125,30184.181640625,29794.26953125,29862.046875,12128602812,0.0,50,30324.490234375,30334.418359375,30427.50830078125,394.2067179272069,31215.921736635664,29639.094864926836
2023-07-20,29792.015625,30195.53125,29638.095703125,29915.25,14655207121,0.0,56,30083.9140625,30383.2359375,30393.246484375,418.6745288767958,31230.59554212859,29555.897426621406
2023-07-21,29908.744140625,30045.998046875,29733.8515625,29805.111328125,10972789818,0.0,50,30023.153459821428,30379.2841796875,30359.17978515625,429.3978579549009,31217.975501066052,29500.38406924645
2023-07-22,29771.802734375,29991.615234375,29664.12109375,29908.697265625,7873300598,0.0,52,29948.295758928572,30374.6015625,30316.7314453125,443.89503627263724,31204.521517857775,29428.941372767225
2023-07-23,30084.5390625,30330.640625,29741.52734375,29790.111328125,9220145050,0.0,54,29924.782366071428,30354.237239583334,30263.13642578125,399.6820119731319,31062.500449727515,29463.772401834984
2023-07-24,29176.916015625,30093.39453125,28934.294921875,30081.662109375,15395817395,0.0,55,29786.35770089286,30308.511263020835,30183.103125,448.5228631723492,31080.1488513447,29286.057398655303
2023-07-25,29227.390625,29353.16015625,29062.43359375,29178.970703125,10266772793,0.0,50,29696.476004464286,30266.748893229167,30118.76435546875,488.9987954344,31096.76194633755,29140.76676459995
2023-07-26,29354.97265625,29675.552734375,29113.912109375,29225.759765625,13497554655,0.0,51,29616.625837053572,30236.210286458332,30091.04609375,516.436621258141,31123.91933626628,29058.172851233718
2023-07-27,29210.689453125,29560.966796875,29099.3515625,29353.798828125,10770779217,-0.15,51,29533.579241071428,30186.9611328125,30034.46728515625,548.4582324416504,31131.38375003955,28937.55082027295
2023-07-28,29319.24609375,29521.513671875,29125.845703125,29212.1640625,11218474952,0.0,52,29449.365234375,30161.394466145834,29985.8025390625,567.2137058491126,31120.229950760724,28851.375127364277
2023-07-29,29356.91796875,29396.84375,29264.166015625,29319.4453125,6481775959,0.16818181818181818,52,29390.09598214286,30125.113346354166,29945.08671875,582.2303600213963,31109.547438792793,28780.625998707208
2023-07-30,29275.30859375,29443.169921875,29059.501953125,29357.09375,8678454527,0.13636363636363635,52,29274.491629464286,30085.048567708334,29888.12861328125,589.5693587540394,31067.267330789327,28708.98989577317
2023-07-31,29230.111328125,29489.873046875,29131.578125,29278.314453125,11656781982,0.13636363636363635,50,29282.090959821428,30039.716341145835,29818.58662109375,580.5389790840854,30979.66457926192,28657.50866292558
2023-08-01,29675.732421875,29675.732421875,28657.0234375,29230.873046875,18272392391,0.0,53,29346.139787946428,30008.215104166666,29782.79091796875,565.2138713317269,30913.218660632203,28652.363175305294
2023-08-02,29151.958984375,29987.998046875,28946.509765625,29704.146484375,19212655598,0.0,53,29317.137834821428,29941.399088541668,29666.58642578125,418.68368820527076,30503.95380219179,28829.21904937071
2023-08-03,29178.6796875,29375.70703125,28959.48828125,29161.8125,12780357746,-0.3,52,29312.565011160714,29888.10234375,29608.8169921875,401.07744947339893,30410.9718911343,28806.662093240702
2023-08-04,29074.091796875,29302.078125,28885.3359375,29174.3828125,12036639988,0.16818181818181818,54,29277.54296875,29840.099869791666,29547.73125,383.594233843079,30314.91971768616,28780.54278231384
2023-08-05,29042.126953125,29102.46484375,28957.796875,29075.388671875,6598366353,0.16818181818181818,50,29232.572823660714,29811.192838541665,29487.38095703125,361.7628319062938,30210.906620843838,28763.855293218665
2023-08-06,29041.85546875,29160.822265625,28963.833984375,29043.701171875,7269806994,-0.15,49,29199.22237723214,29767.845833333333,29432.179296875,339.54231338112004,30111.26392363724,28753.09467011276
2023-08-07,29180.578125,29244.28125,28724.140625,29038.513671875,13618163710,0.0,49,29192.14620535714,29730.780403645833,29398.380078125,328.5410309855525,30055.462140096104,28741.298016153894
2023-08-08,29765.4921875,30176.796875,29113.814453125,29180.01953125,17570561357,0.0,54,29204.96902901786,29717.2556640625,29390.95849609375,317.7825569778912,30026.52361004953,28755.39338213797
2023-08-09,29561.494140625,30093.435546875,29376.80078125,29766.6953125,18379521213,0.0,50,29263.474051339286,29688.823111979167,29379.432421875,306.4489220374159,29992.330265949833,28766.53457780017
2023-08-10,29429.591796875,29688.564453125,29354.447265625,29563.97265625,11865344789,0.16818181818181818,53,29299.31863839286,29649.1111328125,29355.4748046875,280.52334675409884,29916.521498195696,28794.428111179303
2023-08-11,29397.71484375,29517.7734375,29253.517578125,29424.90234375,10195168197,0.0,51,29345.55050223214,29615.980078125,29336.77041015625,263.2421140694015,29863.254638295053,28810.286182017444
2023-08-12,29415.96484375,29465.11328125,29357.587890625,29399.787109375,6194358008,-0.3,54,29398.955915178572,29547.310611979166,29303.34169921875,197.5369423624581,29698.415583943664,28908.267814493833
2023-08-13,29282.9140625,29441.43359375,29265.806640625,29416.59375,7329897180,0.0,54,29433.39285714286,29512.272135416668,29308.6416015625,195.37657079989003,29699.39474316228,28917.88845996272
2023-08-14,29408.443359375,29660.25390625,29124.10546875,29283.263671875,14013695304,0.0,50,29465.94503348214,29482.693359375,29317.69423828125,195.60805991517833,29708.910358111607,28926.47811845089
2023-08-15,29170.34765625,29439.12109375,29088.853515625,29408.048828125,12640195779,0.0,53,29380.924386160714,29446.733854166665,29308.46298828125,198.0968349372049,29704.65665815566,28912.26931840684
2023-08-16,28701.779296875,29221.9765625,28701.779296875,29169.07421875,14949271904,0.0,52,29258.107979910714,29398.596875,29283.01748046875,239.64455302706747,29762.306586522882,28803.728374414615
2023-08-17,26664.55078125,28745.947265625,25409.111328125,28699.802734375,31120851211,0.0,50,28863.102120535714,29292.196484375,29150.28271484375,632.1994066874098,30414.68152821857,27885.88390146893
2023-08-18,26049.556640625,26808.1953125,25668.921875,26636.078125,24026236529,0.0,37,28384.793805803572,29163.384244791665,28984.9146484375,935.2375948598908,30855.389838157284,27114.43945871772
2023-08-19,26096.205078125,26249.44921875,25802.408203125,26047.83203125,10631443812,-0.15,39,27910.542410714286,29040.190559895833,28825.95947265625,1132.6191629636048,31091.19779858346,26560.72114672904
2023-08-20,26189.583984375,26260.681640625,26004.314453125,26096.861328125,9036580420,-0.15,37,27468.638113839286,28916.2185546875,28673.93310546875,1271.1079680934442,31216.149041655637,26131.717169281863
2023-08-21,26124.140625,26220.201171875,25846.087890625,26188.69140625,13371557893,0.0,38,26999.452008928572,28794.629817708334,28496.353515625,1368.1671080026053,31232.687731630213,25760.019299619787
2023-08-22,26031.65625,26135.5078125,25520.728515625,26130.748046875,14503820706,0.0,37,26551.067522321428,28659.533723958335,28340.33837890625,1464.0219134073486,31268.382205720947,25412.294552091553
2023-08-23,26431.640625,26786.8984375,25804.998046875,26040.474609375,16985265785,-0.15,37,26226.76199776786,28568.024544270833,28202.98642578125,1509.388912272441,31221.764250326134,25184.20860123637
2023-08-24,26162.373046875,26554.91015625,25914.92578125,26431.51953125,12871532023,0.0,41,26155.022321428572,28465.857291666667,28057.40048828125,1560.5028874321367,31178.406263145524,24936.39471341698
2023-08-25,26047.66796875,26248.103515625,25786.8125,26163.6796875,12406045118,0.0,39,26154.752511160714,28355.613802083335,27907.6775390625,1604.093699373731,31115.86493780996,24699.49014031504
2023-08-26,26008.462890625,26107.384765625,25983.87890625,26047.234375,6034817316,0.0,38,26142.217912946428,28248.872916666667,27756.00791015625,1634.3322877528526,31024.672485661955,24487.343334650548
2023-08-27,26089.693359375,26165.373046875,25965.09765625,26008.2421875,6913768611,0.0,38,26127.947823660714,28141.221158854165,27601.463671875,1638.6664019777759,30878.796475830553,24324.130867919448
2023-08-28,26106.150390625,26198.578125,25880.599609375,26089.615234375,11002805166,0.0,39,26125.377790178572,28032.862239583334,27418.49658203125,1587.827500172419,30594.15158237609,24242.84158168641
2023-08-29,27727.392578125,28089.337890625,25912.62890625,26102.486328125,29368391712,0.13636363636363635,39,26367.625837053572,27981.2650390625,27326.79150390625,1508.5285442750248,30343.8485924563,24309.7344153562
2023-08-30,27297.265625,27760.16015625,27069.20703125,27726.083984375,16343655235,0.0,49,26491.286551339286,27916.836848958334,27220.1751953125,1425.1365764506254,30070.44834821375,24369.902042411246
2023-08-31,25931.47265625,27456.078125,25752.9296875,27301.9296875,20181001451,0.0,52,26458.30078125,27792.028190104167,27046.8630859375,1355.4491300276138,29757.761345992727,24335.964825882274
2023-09-01,25800.724609375,26125.869140625,25362.609375,25934.021484375,17202862221,0.0,40,26423.02315848214,27680.320377604166,26866.10107421875,1260.6248326262883,29387.350739471327,24344.851408966173
2023-09-02,25868.798828125,25970.28515625,25753.09375,25800.91015625,10100387473,0.0,39,26403.071149553572,27569.991015625,26695.3953125,1141.677943622008,28978.751199744016,24412.039425255985
2023-09-03,25969.56640625,26087.1484375,25817.03125,25869.47265625,8962524523,0.0,40,26385.91015625,27466.5068359375,26523.45146484375,955.3187997419062,28434.089064327563,24612.813865359938
2023-09-04,25812.416015625,26081.525390625,25657.025390625,25968.169921875,10680635106,0.0,40,26343.948102678572,27358.8498046875,26355.5548828125,735.4115528942257,27826.37798860095,24884.731777024048
2023-09-05,25779.982421875,25858.375,25589.98828125,25814.95703125,11094740040,-0.3,40,26065.746651785714,27250.120703125,26209.4650390625,496.0604111228838,27201.585861308267,25217.34421681673
2023-09-06,25753.236328125,25953.015625,25404.359375,25783.931640625,12752705327,0.0,42,25845.171037946428,27135.8759765625,26163.89931640625,493.908131267046,27151.71557894034,25176.083053872157
2023-09-07,26240.1953125,26409.302734375,25608.201171875,25748.3125,11088307100,0.0,41,25889.274274553572,27018.366080729167,26173.43125,493.4246210685815,27160.280492137164,25186.58200786284
2023-09-08,25905.654296875,26414.005859375,25677.48046875,26245.208984375,10817356400,0.0,46,25904.264229910714,26896.504752604167,26163.9037109375,496.82223930260835,27157.548189542715,25170.259232332282
2023-09-09,25895.677734375,25921.9765625,25810.494140625,25905.42578125,5481314132,0.0,41,25908.104073660714,26778.7076171875,26149.2083984375,500.3567709101582,27149.921940257816,25148.49485661718
2023-09-10,25832.2265625,25978.130859375,25640.26171875,25895.2109375,7899553047,0.13636363636363635,40,25888.48409598214,26659.8580078125,26134.6126953125,505.3591461718945,27145.33098765629,25123.894402968708
2023-09-11,25162.654296875,25883.947265625,24930.296875,25831.71484375,14600006467,-0.3,40,25795.660993303572,26518.080989583334,26091.16259765625,550.0580995488851,27191.27879675402,24991.04639855848
2023-09-12,25833.34375,26451.939453125,25133.078125,25160.658203125,18657279324,0.0625,30,25803.284040178572,26403.0953125,26061.24775390625,546.826329510786,27154.900412927822,24967.595094884677
2023-09-13,26228.32421875,26376.11328125,25781.123046875,25837.5546875,13072077070,0.0,41,25871.153738839286,26297.091341145835,26064.5453125,547.666456342468,27159.878225184933,24969.212399815064
2023-09-14,26539.673828125,26774.623046875,26171.451171875,26228.27734375,13811359124,0.0,45,25913.936383928572,26209.402213541667,26089.14560546875,557.8243061449848,27204.79421775872,24973.496993178782
2023-09-15,26608.693359375,26840.498046875,26240.701171875,26533.818359375,11479735788,0.0,45,26014.370535714286,26139.632682291667,26119.15712890625,569.2838303901592,27257.724789686567,24980.58946812593
2023-09-16,26568.28125,26754.76953125,26473.890625,26606.19921875,7402031417,-0.3,43,26110.45675223214,26136.423697916667,26143.0865234375,577.9723884914025,27299.031300420305,24987.141746454698
2023-09-17,26534.1875,26617.998046875,26445.07421875,26567.927734375,6774210670,0.0,46,26210.736886160714,26152.578059895834,26164.48837890625,584.4216422611655,27333.331663428584,24995.64509438392
2023-09-18,26754.28125,27414.734375,26415.515625,26532.994140625,15615339655,0.0,46,26438.112165178572,26174.513932291666,26115.8328125,478.3339108401372,27072.500634180276,25159.164990819725
2023-09-19,27211.1171875,27488.763671875,26681.60546875,26760.8515625,13807690550,0.0,46,26634.936941964286,26208.5650390625,26111.525390625,467.39798036498604,27046.32135135497,25176.72942989503
2023-09-20,27132.0078125,27379.505859375,26864.08203125,27210.228515625,13281116604,0.16818181818181818,47,26764.034598214286,26242.160611979165,26171.5521484375,517.4663844696772,27206.484917376853,25136.619379498145
2023-09-21,26567.6328125,27152.939453125,26389.30078125,27129.83984375,13371443708,0.13636363636363635,47,26768.028738839286,26260.026497395833,26209.89755859375,516.9555178452417,27243.808594284234,25175.98652290327
2023-09-22,26579.568359375,26726.078125,26495.533203125,26564.056640625,10578746709,-0.3,43,26763.868024553572,26264.957421875,26245.43603515625,516.7033981674135,27278.842831491078,25212.029238821422
2023-09-23,26579.390625,26634.185546875,26520.51953125,26578.556640625,7404700301,0.0,47,26765.455078125,26278.8580078125,26275.92724609375,517.5597076622561,27311.046661418262,25240.807830769238
2023-09-24,26256.826171875,26716.05859375,26221.05078125,26579.373046875,8192867686,0.0,44,26725.83203125,26285.829947916667,26298.14775390625,506.02372213116297,27310.195198168578,25286.100309643924
2023-09-25,26298.48046875,26421.5078125,26011.46875,26253.775390625,11997833257,-0.15,47,26660.717633928572,26295.497200520833,26324.07265625,491.1427559638439,27306.358168177685,25341.787144322312
2023-09-26,26217.25,26389.884765625,26090.712890625,26294.7578125,9985498161,0.0,46,26518.73660714286,26299.749088541666,26347.27333984375,473.39726612823796,27294.067872100226,25400.47880758727
2023-09-27,26352.716796875,26817.841796875,26111.46484375,26209.498046875,11718380997,-0.3,44,26407.409319196428,26307.96796875,26352.8994140625,472.7258765610816,27298.351167184665,25407.447660940335
2023-09-28,27021.546875,27259.5,26327.322265625,26355.8125,14079002707,0.0,46,26472.25418526786,26284.439778645832,26408.69404296875,482.9038126361816,27374.50166824111,25442.886417696387
2023-09-29,26911.720703125,27225.9375,26721.763671875,27024.841796875,10396435377,-0.3,48,26519.704520089286,26271.58828125,26459.49619140625,479.5260091261164,27418.548209658486,25500.444173154017
2023-09-30,26967.916015625,27091.794921875,26888.96875,26911.689453125,5331172801,0.0,47,26575.208147321428,26306.136393229168,26516.2806640625,468.45168704176825,27453.184038146035,25579.377289978962
2023-10-01,27983.75,28047.23828125,26965.09375,26967.396484375,9503917434,0.0,48,26821.911551339286,26378.90390625,26657.33544921875,464.11917369385117,27585.57379660645,25729.09710183105
2023-10-02,27530.78515625,28494.458984375,27347.787109375,27976.798828125,19793041322,0.0625,50,26997.955078125,26434.303450520834,26742.20751953125,460.69811124352884,27663.60374201831,25820.81129704419
2023-10-03,27429.978515625,27667.19140625,27216.001953125,27508.251953125,11407814187,0.0,50,27171.202008928572,26482.983854166665,26802.290234375,468.4445980919827,27739.179430558965,25865.401038191034
2023-10-04,27799.39453125,27826.658203125,27248.10546875,27429.07421875,11143355314,0.0,49,27377.870256696428,26549.216471354168,26865.27626953125,513.7719787932903,27892.82022711783,25837.732311944666
2023-10-05,27415.912109375,28091.861328125,27375.6015625,27798.646484375,11877253670,0.0,48,27434.208147321428,26603.7474609375,26905.63720703125,524.156274933384,27953.94975689802,25857.32465716448
2023-10-06,27946.59765625,28252.537109375,27215.552734375,27412.123046875,13492391599,0.0,50,27582.047712053572,26676.859505208333,26974.55302734375,566.3762009846796,28107.30542931311,25841.80062537439
2023-10-07,27968.83984375,28028.091796875,27870.423828125,27946.78125,6553044316,0.0,49,27725.03683035714,26734.480989583335,27046.28564453125,597.6546762149304,28241.59499696111,25850.97629210139
2023-10-08,27935.08984375,28102.169921875,27740.662109375,27971.677734375,7916875290,0.16818181818181818,50,27718.085379464286,26802.128841145834,27105.32607421875,624.9893480944658,28355.30477040768,25855.347378029815
2023-10-09,27583.677734375,27989.470703125,27302.5625,27934.47265625,12007668568,0.0,50,27725.641462053572,26858.3955078125,27123.9541015625,633.7985111702079,28391.551123902915,25856.357079222085
2023-10-10,27391.01953125,27715.84765625,27301.654296875,27589.201171875,9973350678,0.16818181818181818,50,27720.07589285714,26910.3552734375,27136.9046875,636.6117229612299,28410.12813342246,25863.68124157754
2023-10-11,26873.3203125,27474.115234375,26561.099609375,27392.076171875,13648094333,0.0,47,27587.77957589286,26967.377473958335,27152.1890625,625.8026106788542,28403.79428385771,25900.583841142292
2023-10-12,26756.798828125,26921.439453125,26558.3203125,26873.29296875,9392909295,0.0,45,27493.620535714286,26998.159309895833,27161.0505859375,618.4793609693468,28398.009307876193,25924.09186399881
2023-10-13,26862.375,27092.697265625,26686.322265625,26752.87890625,15165312851,0.13636363636363635,44,27338.731584821428,27019.2943359375,27175.1998046875,607.6136439776654,28390.427092642833,25959.97251673217
2023-10-14,26861.70703125,26969.0,26814.5859375,26866.203125,5388116782,0.0,47,27180.569754464286,27030.028776041665,27205.44384765625,573.59742041641,28352.63868848907,26058.24900682343
2023-10-15,27159.65234375,27289.169921875,26817.89453125,26858.01171875,7098201980,0.0,45,27069.79296875,27048.394075520835,27248.50244140625,532.8028891328102,28314.10821967187,26182.89666314063
2023-10-16,28519.466796875,29448.138671875,27130.47265625,27162.62890625,27833876539,0.0,47,27203.477120535714,27113.43359375,27363.61328125,546.787659193117,28457.188599636233,26270.037962863767
2023-10-17,28415.748046875,28618.751953125,28110.185546875,28522.09765625,14872527508,0.0,52,27349.86690848214,27176.152278645834,27466.76484375,540.6053676283362,28547.97557900667,26385.55410849333
2023-10-18,28328.341796875,28889.009765625,28174.251953125,28413.53125,12724128586,0.13636363636363635,50,27557.727120535714,27228.620963541667,27532.10458984375,562.491602965581,28657.087795774914,26407.12138391259
2023-10-19,28719.806640625,28892.474609375,28177.98828125,28332.416015625,14448058195,0.0,52,27838.156808035714,27278.910611979165,27622.50888671875,601.482402130865,28825.47369098048,26419.54408245702
2023-10-20,29682.94921875,30104.0859375,28601.669921875,28732.8125,21536125230,0.0625,53,28241.09598214286,27363.9419921875,27758.260546875,737.070759713195,29232.40206630139,26284.11902744861
2023-10-21,29918.412109375,30287.482421875,29481.751953125,29683.380859375,11541146996,0.0,63,28677.768136160714,27475.634635416667,27854.99365234375,881.1014696714708,29617.19659168669,26092.79071300081
2023-10-22,29993.896484375,30199.43359375,29720.3125,29918.654296875,10446520040,0.16818181818181818,53,29082.66015625,27589.445572916666,27978.14921875,997.8108802584836,29973.770979266967,25982.527458233035
2023-10-23,33086.234375,34370.4375,30097.828125,30140.685546875,38363572311,0.13636363636363635,53,29735.055524553572,27806.340364583335,28260.96201171875,1506.2900718213277,31273.542155361407,25248.381868076096
2023-10-24,33901.52734375,35150.43359375,32880.76171875,33077.3046875,44934999645,-0.3,66,30518.73828125,28061.163736979168,28566.06865234375,1958.1196311996382,32482.307914743025,24649.829389944476
2023-10-25,34502.8203125,35133.7578125,33709.109375,33916.04296875,25254318008,0.0,72,31400.806640625,28334.641731770833,28920.4140625,2342.5285946550634,33605.47125181013,24235.356873189874
2023-10-26,34156.6484375,34832.91015625,33762.32421875,34504.2890625,19427195376,0.0,71,32177.49832589286,28599.288346354166,29230.9166015625,2603.6710886576225,34438.258778877745,24023.574424247257
2023-10-27,33909.80078125,34238.2109375,33416.88671875,34156.5,16418032871,0.0,70,32781.334263392855,28851.191145833334,29527.9646484375,2784.7075647429288,35097.37977792336,23958.549518951644
2023-10-28,34089.57421875,34399.390625,33874.8046875,33907.72265625,10160330825,0.0,65,33377.214564732145,29086.792057291666,29835.6888671875,2935.396288444354,35706.481444076206,23964.89629029879
2023-10-29,34538.48046875,34743.26171875,33947.56640625,34089.37109375,11160323986,-0.3,72,34026.44084821428,29341.0173828125,30183.42900390625,3063.715551982727,36310.860107871704,24055.997899940798
2023-10-30,34502.36328125,34843.93359375,34110.97265625,34531.7421875,17184860315,-0.15,68,34228.74497767857,29592.165625,30538.99619140625,3134.4250611744933,36807.84631375524,24270.146069057264
2023-10-31,34667.78125,34719.25390625,34083.30859375,34500.078125,15758270810,-0.3,66,34338.20982142857,29814.966666666667,30928.71923828125,3139.223790783621,37207.16681984849,24650.27165671401
2023-11-01,35437.25390625,35527.9296875,34170.69140625,34657.2734375,22446272005,0.0,66,34471.70033482143,30078.515625,31362.7419921875,3132.1276112441788,37626.99721467586,25098.486769699142
2023-11-02,34938.2421875,35919.84375,34401.57421875,35441.578125,20998158544,0.0,72,34583.35658482143,30328.791080729166,31766.5353515625,3040.63844689553,37847.81224535356,25685.25845777144
2023-11-03,34732.32421875,34942.47265625,34133.44140625,34942.47265625,17158456701,0.0,65,34700.85993303572,30559.888736979166,32160.0662109375,2877.365325738023,37914.79686241355,26405.335559461455
2023-11-04,35082.1953125,35256.03125,34616.69140625,34736.32421875,9561294264,-0.15,68,34842.66294642857,30815.431510416667,32556.193359375,2692.1108762053714,37940.41511178574,27171.971606964256
2023-11-05,35049.35546875,35340.33984375,34594.2421875,35090.01171875,12412743996,0.0,70,34915.64508928572,31052.190104166668,32882.68779296875,2569.9731934477136,38022.63417986417,27742.74140607332
2023-11-06,35037.37109375,35286.02734375,34765.36328125,35044.7890625,12693436420,0.0,74,34992.07477678572,31287.8078125,33213.7689453125,2384.0180250162384,37981.80499534497,28445.732895280024
2023-11-07,35443.5625,35892.41796875,34545.81640625,35047.79296875,18834737789,0.0,68,35102.900669642855,31538.090234375,33569.52998046875,2134.4364413312082,37838.40286313117,29300.657097806336
2023-11-08,35655.27734375,35994.41796875,35147.80078125,35419.4765625,17295394918,0.0,66,35134.046875,31807.1435546875,33916.303515625,1849.41025331524,37615.12402225548,30217.483008994517
2023-11-09,36693.125,37926.2578125,35592.1015625,35633.6328125,37762672382,0.16818181818181818,69,35384.744419642855,32117.213736979167,34266.8123046875,1659.3969758429464,37585.60625637339,30948.018353001604
2023-11-10,37313.96875,37493.80078125,36362.75390625,36702.25,22711265155,0.0,70,35753.55078125,32465.2353515625,34636.59013671875,1450.2310775524106,37537.052291823566,31736.127981613925
2023-11-11,37138.05078125,37407.09375,36773.66796875,37310.0703125,13924272142,-0.3,70,36047.244419642855,32811.277083333334,34993.7978515625,1078.7660436917474,37151.32993894599,32836.26576417901
2023-11-12,37054.51953125,37227.69140625,36779.1171875,37133.9921875,11545715999,0.0,73,36333.69642857143,33151.015234375,35192.212109375,1074.376157624731,37340.964424624464,33043.45979412554
2023-11-13,36502.35546875,37405.1171875,36399.60546875,37070.3046875,19057712790,0.0,72,36542.97991071428,33472.37018229167,35322.253515625,1067.3082607166282,37456.87003705826,33187.636994191744
2023-11-14,35537.640625,36753.3515625,34948.5,36491.7890625,23857403554,0.0,69,36556.419642857145,33751.636458333334,35373.99453125,1050.4427568518565,37474.88004495371,33273.10901754629
2023-11-15,37880.58203125,37964.89453125,35383.78125,35548.11328125,27365821679,0.0,60,36874.3203125,34063.6736328125,35560.1912109375,1148.7484044014427,37857.68801974038,33262.69440213461
2023-11-16,36154.76953125,37934.625,35545.47265625,37879.98046875,26007385366,0.0,70,36797.412388392855,34321.641015625,35672.4396484375,1087.0185107086004,37846.4766698547,33498.4026270203
2023-11-17,36596.68359375,36704.484375,35901.234375,36164.82421875,22445028430,0.0,63,36694.943080357145,34597.25240885417,35797.7951171875,1038.3453345252249,37874.48578623795,33721.104448137055
2023-11-18,36585.703125,36839.28125,36233.3125,36625.37109375,11886022717,-0.15,69,36616.03627232143,34859.448958333334,35900.15625,1008.1360929345134,37916.42843586903,33883.88406413097
2023-11-19,37386.546875,37509.35546875,36414.59765625,36585.765625,12915986553,0.0,66,36663.46875,35116.235546875,36044.3654296875,1003.9405364060412,38052.24650249958,34036.48435687542
2023-11-20,37476.95703125,37756.8203125,36882.53125,37374.07421875,20888209068,0.0,69,36802.697544642855,35368.18704427083,36184.82421875,997.7025365347273,38180.22929181946,34189.41914568054
2023-11-21,35813.8125,37631.140625,35813.8125,37469.16015625,25172163756,0.0,71,36842.150669642855,35562.184244791664,36203.6521484375,986.340796803514,38176.333742044524,34230.97055483047
2023-11-22,37432.33984375,37856.98046875,35670.97265625,35756.5546875,24397247860,0.0,62,36778.11607142857,35707.054427083334,36328.35703125,975.5397995271346,38279.43663030427,34377.27743219573
2023-11-23,37289.62109375,37643.91796875,36923.86328125,37420.43359375,14214948217,0.0,66,36940.23772321428,35819.990885416664,36456.221875,921.4290846488682,38299.08004429774,34613.363705702264
2023-11-24,37720.28125,38415.33984375,37261.60546875,37296.31640625,22922957823,0.16818181818181818,66,37100.751674107145,35927.239583333336,36588.126171875,903.0218812144007,38394.169934303805,34782.0824094462
2023-11-25,37796.79296875,37892.4296875,37617.41796875,37721.4140625,9099571165,0.0,73,37273.76450892857,36048.577734375,36725.498046875,864.7835551938181,38455.06515726264,34995.93093648736
2023-11-26,37479.12109375,37820.30078125,37162.75,37796.828125,13744796068,0.0,73,37286.98939732143,36167.555078125,36847.585546875,782.3456391595829,38412.27682519417,35282.894268555836
2023-11-27,37254.16796875,37559.35546875,36750.12890625,37454.19140625,19002925720,-0.3,66,37255.162388392855,36273.04153645833,36938.1158203125,713.0122618188384,38364.14034395018,35512.09129667482
2023-11-28,37831.0859375,38368.48046875,36891.08984375,37247.9921875,21696137014,0.0,68,37543.34430803572,36382.79505208333,37046.90625,671.7752265838894,38390.45670316778,35703.35579683222
2023-11-29,37858.4921875,38366.11328125,37612.6328125,37826.10546875,20728546658,0.0,72,37604.22321428572,36494.666015625,37105.174609375,689.7735583049151,38484.721725984826,35725.62749276517
2023-11-30,37712.74609375,38141.75390625,37531.140625,37861.1171875,18115982627,0.0,74,37664.669642857145,36596.16484375,37125.1134765625,701.7857155318968,38528.684907626295,35721.54204549871
2023-12-01,38688.75,38954.109375,37629.359375,37718.0078125,23512784002,0.0,71,37803.02232142857,36704.548046875,37202.6484375,784.1226750220534,38770.893787544104,35634.403087455896
2023-12-02,39476.33203125,39678.9375,38652.59375,38689.27734375,15534035612,0.0625,74,38042.95647321428,36855.817708333336,37323.7390625,932.9228304114154,39189.58472332283,35457.89340167717
2023-12-03,39978.390625,40135.60546875,39298.1640625,39472.20703125,15769696322,-0.3,73,38399.99497767857,37030.68658854167,37497.5408203125,1083.4865270670716,39664.51387444664,35330.567766178356
2023-12-04,41980.09765625,42371.75,39978.62890625,39978.62890625,39856129827,0.16818181818181818,74,39075.12779017857,37260.61666666667,37819.663671875,1385.6741170432767,40591.01190596155,35048.31543778845
2023-12-05,44080.6484375,44408.6640625,41421.1484375,41986.265625,36312154535,0.16818181818181818,75,39967.92243303572,37561.659765625,38129.6669921875,1970.2516594669469,42070.170311121394,34189.163673253606
2023-12-06,43746.4453125,44265.76953125,43478.08203125,44080.0234375,29909761586,0.0,72,40809.05859375,37851.962239583336,38509.25078125,2277.1432020585326,43063.537185367066,33954.96437713293
2023-12-07,43292.6640625,44042.58984375,42880.6484375,43769.1328125,27635760671,0.0625,72,41606.189732142855,38113.598958333336,38844.0498046875,2465.5901796056514,43775.2301638988,33912.8694454762
2023-12-08,44166.6015625,44705.515625,43125.296875,43293.13671875,24421116687,0.0,72,42388.739955357145,38397.309765625,39223.0947265625,2674.0417877943805,44571.17830215126,33875.01115097374
2023-12-09,43725.984375,44361.2578125,43627.59765625,44180.01953125,17368210171,0.0,73,42995.83314732143,38631.73841145833,39540.0666015625,2816.8027223735194,45173.67204630954,33906.461156815465
2023-12-10,43779.69921875,44034.625,43593.28515625,43728.3828125,13000481418,0.0,74,43538.877232142855,38847.26276041667,39855.2037109375,2924.353366527973,45703.910443993445,34006.49697788156
2023-12-11,41243.83203125,43808.375,40234.578125,43792.01953125,40632672038,0.0,74,43433.69642857143,38984.12213541667,40126.7046875,2777.789728323288,45682.28414414658,34571.125230853424
2023-12-12,41450.22265625,42048.3046875,40667.5625,41238.734375,24779520132,0.0,67,43057.92131696428,39130.64557291667,40327.598828125,2717.3044742364923,45762.207776597985,34892.98987965202
2023-12-13,42890.7421875,43429.78125,40676.8671875,41468.46484375,26797884674,0.0,65,42935.678013392855,39343.591796875,40607.6548828125,2676.0427952601785,45959.74047333286,35255.569292292144
2023-12-14,43023.97265625,43390.859375,41767.08984375,42884.26171875,25578530178,-0.3,72,42897.29352678572,39593.13619791667,40872.839453125,2637.364152244536,46147.56775761407,35598.11114863593
2023-12-15,41929.7578125,43087.82421875,41692.96875,43028.25,19639442462,-0.3,70,42577.744419642855,39728.108723958336,41079.4876953125,2543.9199785050982,46167.327652322696,35991.6477383023
2023-12-16,42240.1171875,42664.9453125,41723.11328125,41937.7421875,14386729590,0.0625,67,42365.47767857143,39930.95364583333,41317.5375,2408.429442887312,46134.39638577462,36500.67861422538
2023-12-17,41364.6640625,42359.49609375,41274.54296875,42236.109375,16678702876,0.0,73,42020.47265625,40089.886328125,41523.0623046875,2210.698333398513,45944.45897148452,37101.66563789047
2023-12-18,42623.5390625,42720.296875,40530.2578125,41348.203125,25224642008,0.0,65,42217.57366071428,40291.14752604167,41762.6849609375,2042.8119752127031,45848.3089113629,37677.061010512094
2023-12-19,42270.52734375,43354.296875,41826.3359375,42641.51171875,23171001281,0.0,73,42334.760044642855,40453.946875,41983.28671875,1825.6997867868192,45634.68629232364,38331.88714517636
2023-12-20,43652.25,44275.5859375,42223.81640625,42261.30078125,27868908174,0.0,74,42443.546875,40659.78997395833,42280.2619140625,1557.907679005167,45396.077272072835,39164.44655605217
2023-12-21,43869.15234375,44240.66796875,43330.05078125,43648.125,22452766169,0.0,70,42564.286830357145,40928.30130208333,42539.28203125,1345.523512601471,45230.32905645294,39848.235006047056
2023-12-22,43997.90234375,44367.95703125,43441.96875,43868.98828125,21028503216,0.0,74,42859.736049107145,41147.15338541667,42765.360546875,1172.534760909877,45110.43006869475,40420.29102505525
2023-12-23,43739.54296875,44015.69921875,43351.35546875,44012.19921875,13507796558,0.0,70,43073.939732142855,41362.15078125,42953.4181640625,989.3228477176417,44932.063859497786,40974.77246862722
2023-12-24,43016.1171875,43945.5234375,42786.91796875,43728.3671875,18830554085,0.0,71,43309.861607142855,41538.67864583333,43005.219140625,962.4351181538826,44930.08937693277,41080.34890431723
2023-12-25,43613.140625,43765.09375,42765.76953125,43010.57421875,21115795370,0.16818181818181818,73,43451.23325892857,41732.556901041666,42981.84375,940.3649335654625,44862.573617130925,41101.113882869075
2023-12-26,42520.40234375,43603.17578125,41676.48828125,43599.84765625,30026850982,0.16818181818181818,71,43486.9296875,41900.599609375,42920.5416015625,927.7758211322719,44776.09324382705,41064.98995929796
2023-12-27,43442.85546875,43683.16015625,42167.58203125,42518.46875,25260941032,0.0,73,43457.01618303572,42106.88919270833,42928.051171875,931.5465434108164,44791.14425869663,41064.95808505337
2023-12-28,42627.85546875,43804.78125,42318.55078125,43468.19921875,22992093014,0.0,73,43279.68805803572,42266.781510416666,42851.1138671875,886.3147742278919,44623.74341564329,41078.48431873172
2023-12-29,42099.40234375,43124.32421875,41424.0625,42614.64453125,26000021055,0.0,65,43008.47377232143,42408.145182291664,42769.784765625,876.383329223837,44522.55142407268,41017.018107177326
2023-12-30,42156.90234375,42584.125,41556.2265625,42091.75390625,16013925945,0.0,68,42782.38225446428,42556.28372395833,42688.644921875,852.764273920406,44394.17346971581,40983.11637403419
2023-12-31,42265.1875,42860.9375,41998.25390625,42152.09765625,16397498810,-0.15,67,42675.10658482143,42675.498307291666,42739.7126953125,789.9568535909988,44319.6264024945,41159.7989881305
2024-01-01,44167.33203125,44175.4375,42214.9765625,42280.234375,18426978443,0.13636363636363635,65,42754.27678571428,42831.864973958334,42875.5681640625,790.1626421482626,44455.89344835902,41295.242879765974
2024-01-02,44957.96875,45899.70703125,44176.94921875,44187.140625,39335274536,0.0,71,43102.50055803572,42997.850911458336,42978.9294921875,917.2405322538682,44813.410556695235,41144.44842767976
2024-01-03,42848.17578125,45503.2421875,40813.53515625,44961.6015625,46342323118,0.13636363636363635,70,43017.54631696428,43026.786848958334,42970.1396484375,917.6284107876882,44805.39647001288,41134.88282686212
2024-01-04,44179.921875,44770.0234375,42675.17578125,42855.81640625,30448091210,0.0,68,43239.27008928572,43030.095963541666,43082.6478515625,921.2923663373874,44925.232584237274,41240.06311888772
2024-01-05,44162.69140625,44353.28515625,42784.71875,44192.98046875,32336029347,0.0,72,43534.025669642855,43043.97083333333,43178.7765625,929.0242317378351,45036.825025975675,41320.72809902433
2024-01-06,43989.1953125,44227.6328125,43475.15625,44178.953125,16092503468,-0.3,70,43795.78180803572,43067.18854166667,43310.003125,840.4259763749235,44990.85507774985,41629.15117225015
2024-01-07,43943.09765625,44495.5703125,43662.23046875,43998.46484375,19330573863,0.0,71,44035.48325892857,43059.73841145833,43375.9810546875,835.4801533384596,45046.94136136442,41705.02074801058
2024-01-08,46970.50390625,47218.0,43244.08203125,43948.70703125,42746192015,-0.15,71,44435.93638392857,43167.8890625,43610.9798828125,1120.5401020279462,45852.06008686839,41369.89967875661
2024-01-09,46139.73046875,47893.69921875,45244.71484375,46987.640625,39821290992,0.0,76,44604.759486607145,43246.55677083333,43735.35390625,1255.3064342598386,46245.96677476967,41224.741037730324
2024-01-10,46627.77734375,47647.22265625,44483.15234375,46121.5390625,50114613298,0.0,73,45144.70256696428,43426.02161458333,43873.28515625,1412.4968814009198,46698.27891905184,41048.29139344816
2024-01-11,46368.5859375,48969.37109375,45678.64453125,46656.07421875,45833734549,0.16818181818181818,76,45457.368861607145,43589.967057291666,43991.8193359375,1518.9641704270496,47029.7476767916,40953.8909950834
2024-01-12,42853.16796875,46498.13671875,41903.76953125,46354.79296875,43332698900,0.0,71,45270.29408482143,43588.714583333334,43947.5005859375,1539.50421630347,47026.50901854444,40868.49215333056
2024-01-13,42842.3828125,43234.66015625,42464.14453125,42799.4453125,20601860469,0.0625,64,45106.46372767857,43582.66158854167,43938.8138671875,1545.5146048950937,47029.84307697769,40847.78465739731
2024-01-14,41796.26953125,43065.59765625,41724.61328125,42842.26171875,17521429522,0.0,60,44799.77399553572,43578.21197916667,43847.9703125,1617.3902733001487,47082.7508591003,40613.189765899704
2024-01-15,42511.96875,43319.72265625,41705.41796875,41715.06640625,22320220558,0.0,52,44162.84040178572,43587.273697916666,43847.5486328125,1617.7556665140642,47083.05996584063,40612.037299784366
2024-01-16,43154.9453125,43566.2734375,42085.99609375,42499.3359375,24062872740,0.0,64,43736.44252232143,43646.94973958333,43833.153125,1622.8193907289924,47078.791906457984,40587.51434354201
2024-01-17,42742.65234375,43189.890625,42189.30859375,43132.1015625,20851232595,0.0,60,43181.42466517857,43650.920182291666,43838.89296875,1618.5292758878345,47075.95152052567,40601.83441697433
2024-01-18,41262.05859375,42876.34765625,40631.171875,42742.3125,25218357242,0.0,63,42451.92075892857,43617.30455729167,43797.02578125,1675.7134200275732,47148.45262130514,40445.598941194854
2024-01-19,41618.40625,42134.16015625,40297.45703125,41278.4609375,25752407154,0.0,51,42275.52622767857,43549.509765625,43770.1009765625,1707.4784906514176,47185.057957865334,40355.14399525966
2024-01-20,41665.5859375,41877.89453125,41446.82421875,41624.58984375,11586690904,0.13636363636363635,52,42107.412388392855,43476.05755208333,43740.1208984375,1740.242209408323,47220.60531725414,40259.63647962085
2024-01-21,41545.78515625,41855.3671875,41497.0078125,41671.48828125,9344043642,0.16818181818181818,56,42071.62890625,43394.3203125,43609.0435546875,1803.9341596876634,47216.911874062826,40001.17523531218
2024-01-22,39507.3671875,41651.20703125,39450.1171875,41553.65234375,31338708143,0.0,55,41642.400111607145,43253.247786458334,43336.5134765625,1991.4037308577952,47319.320938278084,39353.70601484691
2024-01-23,39845.55078125,40127.3515625,38521.89453125,39518.71484375,29244553045,0.0625,50,41169.62946428572,43147.562239583334,43186.3822265625,2137.9484331957865,47462.27909295407,38910.485360170926
2024-01-24,40077.07421875,40483.78515625,39508.796875,39877.59375,22359526178,0.0,48,40788.83258928572,43029.693359375,42981.23984375,2232.3536536814363,47445.94715111287,38516.53253638713
2024-01-25,39933.80859375,40254.48046875,39545.6640625,40075.55078125,18491782013,0.0625,52,40599.08258928572,42943.47356770833,42769.795703125,2313.364954072004,47396.525611269004,38143.06579498099
2024-01-26,41816.87109375,42209.38671875,39825.69140625,39936.81640625,25598119893,0.0,49,40627.43470982143,42889.274088541664,42661.1794921875,2304.0772908509175,47269.33407388933,38053.02491048566
2024-01-27,42120.0546875,42195.6328125,41431.28125,41815.625,11422941934,0.0,55,40692.35881696428,42872.347395833334,42570.02734375,2286.689156535028,47143.405656820054,37996.649030679946
2024-01-28,42035.59375,42797.17578125,41696.91015625,42126.125,16858971687,0.0,54,40762.33147321428,42870.220442708334,42323.2818359375,2039.785296366507,46402.852428670514,38243.71124320449
2024-01-29,43288.24609375,43305.8671875,41818.33203125,42030.9140625,20668476578,0.0,55,41302.45703125,42907.931901041666,42180.7076171875,1849.794935222239,45880.29748763198,38481.117746743024
2024-01-30,42952.609375,43838.9453125,42711.37109375,43300.2265625,23842814518,0.0,61,41746.322544642855,42930.845963541666,41996.94921875,1541.6523079916324,45080.25383473327,38913.64460276673
2024-01-31,42582.60546875,43717.40625,42298.9453125,42946.25,24673628793,0.16818181818181818,60,42104.255580357145,42878.021744791666,41807.6501953125,1162.3987940764207,44132.44778346534,39482.85260715966
2024-02-01,43075.7734375,43243.16796875,41879.19140625,42569.76171875,21423953779,0.0,63,42553.107700892855,42815.281901041664,41818.78046875,1173.94520754417,44166.67088383834,39470.890053661664
2024-02-02,43185.859375,43422.48828125,42584.3359375,43077.640625,18603843039,0.0,63,42748.677455357145,42826.53802083333,41835.954296875,1192.0800888481574,44220.11447457132,39451.79411917869
2024-02-03,42992.25,43359.94140625,42890.80859375,43184.96484375,11169245236,0.0,60,42873.27678571428,42786.948958333334,41895.7533203125,1219.6628143768019,44335.078949066105,39456.42769155889
2024-02-04,42583.58203125,43097.64453125,42374.83203125,42994.94140625,14802225490,0.0,60,42951.560825892855,42734.31197916667,41899.333984375,1221.670570881479,44342.67512613796,39455.99284261204
2024-02-05,42658.66796875,43494.25,42264.81640625,42577.62109375,18715487317,-0.15,60,42861.62109375,42689.96106770833,41874.5201171875,1199.6669367570926,44273.85399070169,39475.18624367331
2024-02-06,43084.671875,43344.1484375,42529.01953125,42657.390625,16798476726,0.0,64,42880.48716517857,42661.346875,41891.62109375,1215.0325806757355,44321.68625510147,39461.55593239853
2024-02-07,44318.22265625,44341.94921875,42775.95703125,43090.01953125,21126587775,-0.3,62,43128.43247767857,42572.9375,42044.429296875,1319.386191674435,44683.20168022387,39405.65691352613
2024-02-08,45301.56640625,45575.83984375,44332.125,44332.125,26154524080,-0.3,66,43446.40290178572,42544.998697916664,42228.5873046875,1501.2973619122938,45231.182028512085,39225.99258086291
2024-02-09,47147.19921875,48152.49609375,45260.82421875,45297.3828125,39316770844,0.0,72,44012.30859375,42562.312760416666,42502.66796875,1852.4144986626238,46207.49696607525,38797.83897142475
2024-02-10,47771.27734375,48146.171875,46905.3203125,47153.52734375,16398681570,0.0,74,44695.02678571428,42609.069140625,42813.942578125,2177.6633107277175,47169.269199580434,38458.61595666957
2024-02-11,48293.91796875,48535.9375,47617.40625,47768.96875,19315867136,0.0,71,45510.7890625,42790.427473958334,43253.2701171875,2354.59962111447,47962.46935941644,38544.07087495856
2024-02-12,49958.22265625,50280.4765625,47745.76171875,48296.38671875,34511985805,0.0,70,46553.58258928572,43027.62213541667,43758.9037109375,2651.4065680738904,49061.71684708528,38456.09057478972
2024-02-13,49742.44140625,50358.390625,48406.49609375,49941.359375,35593051468,0.0,79,47504.69252232143,43292.49453125,44242.1720703125,2820.4615877687797,49883.09524585006,38601.248894774944
2024-02-14,51826.6953125,52021.37109375,49296.83203125,49733.4453125,39105608050,0.0,74,48577.33147321428,43602.98541666667,44836.81640625,3103.7839981253146,51044.384402500626,38629.248409999374
2024-02-15,51938.5546875,52820.06640625,51371.62890625,51836.78515625,38564360533,-0.15,72,49525.47265625,43895.77239583333,45342.9005859375,3396.811353233288,52136.523292404076,38549.27787947093
2024-02-16,52160.203125,52537.96875,51641.3671875,51937.7265625,28180567298,0.0,72,50241.61607142857,44209.690755208336,45844.9080078125,3629.3893151046213,53103.68663802174,38586.129377603254
2024-02-17,51662.99609375,52191.9140625,50669.66796875,52161.67578125,20009091006,0.0,76,50797.575892857145,44556.388671875,46326.278125,3734.48932095243,53795.25676690486,38857.299483095136
2024-02-18,52122.546875,52356.96484375,51233.70703125,51661.96875,17595377311,0.0,72,51344.52287946428,44906.526692708336,46767.9931640625,3876.017004487791,54520.027173038085,39015.959155086915
2024-02-19,51779.14453125,52483.32421875,51711.8203125,52134.8125,21362184346,0.0,75,51604.654575892855,45243.6453125,47209.319921875,3920.967569808362,55051.25506149173,39367.384782258276
2024-02-20,52284.875,52945.05078125,50792.3125,51777.7265625,33353758256,0.16818181818181818,72,51967.859375,45601.614973958334,47694.4333984375,3918.6048672277648,55531.64313289303,39857.22366398197
2024-02-21,51839.1796875,52368.81640625,50671.7578125,52273.53515625,28624907020,0.0,78,51969.642857142855,46012.675390625,48132.6037109375,3864.554549904499,55861.7128107465,40403.4946111285
2024-02-22,51304.97265625,52009.61328125,50926.29296875,51854.64453125,25413900611,0.0,74,51879.131138392855,46394.65611979167,48538.559375,3742.068810662497,56022.696996324994,41054.421753675
2024-02-23,50731.94921875,51497.93359375,50561.77734375,51283.90625,21427078270,0.0,76,51675.09486607143,46749.818619791666,48925.5443359375,3532.6504498415147,55990.84523562053,41860.243436254466
2024-02-24,51571.1015625,51684.1953125,50585.4453125,50736.37109375,15174077879,0.0,72,51661.967075892855,47137.72838541667,49374.9203125,3243.231629208359,55861.38357091672,42888.45705408328
2024-02-25,51733.23828125,51950.02734375,51306.171875,51565.21484375,15413239245,0.0,74,51606.3515625,47468.27395833333,49828.648828125,2867.1341219543897,55562.91707203378,44094.38058421622
2024-02-26,54522.40234375,54938.17578125,50931.03125,51730.5390625,34074411896,0.0,72,51998.24553571428,47881.685546875,50400.5353515625,2577.2048955531504,55554.9451426688,45246.1255604562
2024-02-27,57085.37109375,57537.83984375,54484.19921875,54519.36328125,49756832031,0.0,79,52684.03069196428,48383.34479166667,51038.8927734375,2572.529101823096,56183.950977083696,45893.83456979131
2024-02-28,62504.7890625,63913.1328125,56738.42578125,57071.09765625,83239156760,0.13636363636363635,82,54207.689174107145,49023.896223958334,51899.05390625,3320.5305060827186,58540.11491841544,45257.992894084564
2024-02-29,61198.3828125,63585.64453125,60498.73046875,62499.18359375,65496611844,0.0,80,55621.033482142855,49632.088671875,52601.6130859375,3724.161093178389,60049.93527229427,45153.29089958072
2024-03-01,62440.6328125,63155.1015625,60802.52734375,61168.0625,40186368423,0.0,80,57293.70256696428,50294.02291666667,53335.080859375,4143.687700428288,61622.45626023157,45047.70545851842
2024-03-02,62029.84765625,62458.69921875,61657.2890625,62431.65234375,23888473685,0.0,80,58787.80915178572,50925.825390625,54021.87734375,4394.881386089717,62811.64011592943,45232.114571570564
2024-03-03,63167.37109375,63230.2109375,61435.0234375,62031.578125,26253811450,-0.15,83,60421.25669642857,51591.87578125,54682.334765625,4731.681307660497,64145.69738094599,45218.972150304005
2024-03-04,68330.4140625,68537.03125,62386.51953125,63137.00390625,70670471105,0.0,82,62393.829799107145,52436.48125,55611.7333984375,5477.125819770445,66565.98503797839,44657.48175889661
2024-03-05,63801.19921875,69170.625,59323.91015625,68341.0546875,102802940877,0.13636363636363635,90,63353.23381696428,53143.73515625,56210.45859375,5691.871570777852,67594.2017353057,44826.7154521943
2024-03-06,66106.8046875,67637.9296875,62848.671875,63776.05078125,68750229073,0.0,75,63867.80747767857,53925.33971354167,56918.87109375,6005.27038352792,68929.41186080583,44908.33032669416
2024-03-07,66925.484375,68029.921875,65655.53125,66099.7421875,46989543159,0.0,82,64685.96484375,54720.033463541666,57657.13515625,6290.296985752505,70237.72912775501,45076.54118474499
2024-03-08,68300.09375,70083.0546875,66230.453125,66938.09375,59202881172,0.0,81,65523.03069196428,55519.42916666667,58488.9900390625,6550.580933727139,71590.15190651678,45387.82817160822
2024-03-09,68498.8828125,68673.0546875,68053.125,68299.2578125,21609650379,0.0,84,66447.17857142857,56292.673046875,59307.8068359375,6733.847092563394,72775.5010210643,45840.11265081071
2024-03-10,69019.7890625,70005.203125,68239.9765625,68500.2578125,35683977532,0.16818181818181818,79,67283.23828125,57021.759375,60169.8390625,6822.28966092169,73814.41838434339,46525.25974065662
2024-03-11,72123.90625,72850.7109375,67194.8828125,69020.546875,65716656765,0.0,82,67825.16573660714,57833.513671875,61161.790625,7053.841037045676,75269.47269909135,47054.10855090865
2024-03-12,71481.2890625,72825.65625,68728.8515625,72125.125,62554434520,0.13636363636363635,81,68922.32142857143,58606.426041666666,62143.89609375,7054.924164674584,76253.74442309917,48034.047764400835
2024-03-13,73083.5,73637.4765625,71334.09375,71482.1171875,48212536929,0.16818181818181818,81,69918.9921875,59377.26861979167,63232.8224609375,6974.180216285777,77181.18289350906,49284.462028365946
2024-03-14,71396.59375,73750.0703125,68563.0234375,73079.375,59594605698,0.13636363636363635,88,70557.72209821429,60099.07369791667,64266.0546875,6542.0444143134255,77350.14351612685,51181.96585887315
2024-03-15,69403.7734375,72357.1328125,65630.6953125,71387.875,78320453976,0.0,83,70715.390625,60684.976302083334,65157.68828125,5904.960747033946,76967.60977531789,53347.7667871821
2024-03-16,65315.1171875,70046.2734375,64801.39453125,69392.484375,46842198371,0.0,81,70260.56696428571,61130.86171875,65836.7822265625,4989.927862483756,75816.63795153,55856.926501594986
2024-03-17,68390.625,68845.71875,64545.31640625,65316.34375,44716864318,0.16818181818181818,79,70170.68638392857,61671.87578125,66530.193359375,4242.508953436085,75015.21126624718,58045.17545250283
2024-03-18,67548.59375,68897.1328125,66594.2265625,68371.3046875,49261579492,0.0,77,69517.0703125,62201.395703125,67053.3544921875,3615.29850619039,74283.95150456828,59822.75747980672
2024-03-19,61912.7734375,68106.9296875,61536.1796875,67556.1328125,74215844794,0.0,79,68150.13950892857,62527.736588541666,67023.7537109375,3656.6873452335926,74337.12840140468,59710.37902047031
2024-03-20,67913.671875,68115.2578125,60807.78515625,61930.15625,66792634382,0.13636363636363635,74,67411.59263392857,63065.55416666667,67359.5181640625,3392.391931721373,74144.30202750524,60574.73430061975
2024-03-21,65491.390625,68199.9921875,64580.91796875,67911.5859375,44480350565,0.0,78,66567.9921875,63505.77135416667,67512.0560546875,3223.9828962310603,73960.02184714962,61064.090262225385
2024-03-22,63778.76171875,66623.75,62355.37109375,65489.9296875,41401116964,-0.3,75,65764.41908482143,63903.757421875,67599.5017578125,3088.3242879522663,73776.15033371703,61422.853181907965
2024-03-23,64062.203125,65976.3984375,63038.4921875,63802.72265625,24738964812,0.0,73,65585.43136160714,64328.9984375,67644.243359375,3026.600093727962,73697.44354683092,61591.04317191908
2024-03-24,67234.171875,67622.7578125,63825.8515625,64070.75390625,27206630673,0.0,74,65420.22377232143,64879.072526041666,67589.43125,3023.444319084792,73636.31988816957,61542.54261183041
2024-03-25,69958.8125,71162.59375,66414.8359375,67234.09375,42700139523,-0.15,75,65764.54073660714,65491.99622395833,67897.3119140625,2929.4381622340147,73756.18823853054,62038.435589594475
2024-03-26,69987.8359375,71535.7421875,69335.609375,69931.328125,36010437368,0.0,81,66918.12109375,66100.4828125,68091.3634765625,2933.1302245277825,73957.62392561807,62225.103027506935
2024-03-27,69455.34375,71727.6875,68381.9296875,69991.8984375,40827113309,0.0,83,67138.35993303571,66598.24752604167,68217.8564453125,2934.7551144205336,74087.36667415357,62348.34621647143
2024-03-28,70744.953125,71546.0234375,68895.5078125,69452.7734375,34374900617,0.0,80,67888.86886160714,67053.56692708333,68340.0994140625,2988.7821127884613,74317.66363963942,62362.53518848558
2024-03-29,69892.828125,70913.09375,69076.65625,70744.796875,25230851763,0.13636363636363635,79,68762.30691964286,67299.83489583334,68409.7966796875,3008.8654265108935,74427.52753270928,62392.06582666571
2024-03-30,69645.3046875,70355.4921875,69601.0625,69893.4453125,17130241883,0.0,75,69559.89285714286,67581.39895833333,68441.0724609375,3018.7743921439946,74478.6212452255,62403.523676649515
2024-03-31,71333.6484375,71377.78125,69624.8671875,69647.78125,20050941373,0.0,75,70145.53236607143,67877.8328125,68401.5595703125,2972.855117775873,74347.26980586424,62455.84933476075
2024-04-01,69702.1484375,71342.09375,68110.6953125,71333.484375,34873527352,0.0625,79,70108.86607142857,68133.576171875,68312.6025390625,2901.6149229683906,74115.83238499929,62509.37269312572
2024-04-02,65446.97265625,69708.3828125,64586.59375,69705.0234375,50705240709,0.0,79,69460.17131696429,68209.562890625,67930.776171875,2738.6373735429756,73408.05091896094,62453.50142478904
2024-04-03,65980.8125,66914.3203125,64559.8984375,65446.671875,34488018367,0.0,71,68963.80970982143,68131.24283854167,67659.987109375,2644.0249533116707,72948.03701599834,62371.93720275166
2024-04-04,68508.84375,69291.2578125,65113.796875,65975.6953125,34439527442,0.0,70,68644.36551339286,68288.16432291667,67615.240625,2620.427978321781,72856.09658164356,62374.38466835644
2024-04-05,67837.640625,68725.7578125,66011.4765625,68515.7578125,33748230056,0.0,79,68350.76729910714,68345.85885416667,67741.366796875,2563.9910369073787,72869.34887068975,62613.38472306024
2024-04-06,68896.109375,69629.6015625,67491.71875,67840.5703125,19967785809,0.0,75,68243.73939732143,68411.54635416667,67766.641015625,2573.2026859254734,72913.04638747596,62620.23564377406
2024-04-07,69362.5546875,70284.4296875,68851.6328125,68897.109375,21204930369,0.0,78,67962.15457589286,68446.96171875,67857.3390625,2596.9713363851906,73051.28173527039,62663.39638972962
2024-04-08,71631.359375,72715.359375,69064.2421875,69362.5546875,37261432669,0.0,76,68237.75613839286,68551.37760416667,68343.268359375,2320.659678627256,72984.58771662951,63701.949002120484
2024-04-09,69139.015625,71742.5078125,68212.921875,71632.5,36426900409,-0.3,80,68765.19084821429,68555.35182291667,68404.535546875,2324.8922186924783,73054.31998425996,63754.75110949005
2024-04-10,70587.8828125,71093.4296875,67503.5625,69140.2421875,38318601774,0.0,78,69423.34375,68504.15104166667,68659.36015625,2267.380044500737,73194.12024525147,64124.600067248524
2024-04-11,70060.609375,71256.234375,69571.8125,70575.734375,30153382941,0.0,76,69645.02455357143,68456.79505208334,68973.4525390625,1971.4997073281681,72916.45195371885,65030.45312440617
2024-04-12,67195.8671875,71222.7421875,65254.8359375,70061.3828125,44129299406,-0.3,79,69553.34263392857,68260.540625,69130.1357421875,1660.657085804733,72451.44991379697,65808.82157057803
2024-04-13,63821.47265625,67931.4296875,60919.10546875,67188.375,52869738185,0.0,72,68828.39453125,68008.03658854167,68959.50078125,2005.2924206297614,72970.08562250952,64948.915939990475
2024-04-14,65738.7265625,65824.4296875,62205.8515625,63836.23046875,49084320047,0.0,72,68310.70479910714,67885.868359375,68748.496484375,2113.702943618987,72975.90237161297,64521.09059713703
2024-04-15,63426.2109375,66878.6484375,62332.0703125,65739.6484375,43595917654,0.0,74,67138.54073660714,67822.90481770833,68420.415234375,2400.932686903366,73222.28060818174,63618.54986056827
2024-04-16,63811.86328125,64355.66796875,61716.40234375,63419.296875,42847528078,0.0,65,66377.51897321429,67670.27942708334,68138.2412109375,2596.559546135495,73331.3603032085,62945.122118666506
2024-04-17,61276.69140625,64486.36328125,59768.5859375,63831.84765625,41915247049,0.0,67,65047.34877232143,67461.216015625,67664.828125,2937.0933337899596,73539.01479257992,61790.64145742008
2024-04-18,63512.75390625,64125.6875,60833.48046875,61275.31640625,36006307335,0.0,57,64111.94084821428,67514.54869791666,67345.8244140625,3027.455912518714,73400.73623909993,61290.91258902507
2024-04-19,63843.5703125,65481.59765625,59651.390625,63510.75,49920425401,0.13636363636363635,66,63633.041294642855,67378.87864583333,67055.7376953125,3073.1388455687293,73202.01538644996,60909.460004175045
2024-04-20,64994.44140625,65442.45703125,63172.40234375,63851.1015625,23097485495,0.0,66,63800.60825892857,67362.313671875,66738.77734375,2932.383705260369,72603.54475427074,60874.00993322926
2024-04-21,64926.64453125,65723.2421875,64277.72265625,64992.81640625,20506644853,0.0,72,63684.59654017857,67400.57643229167,66500.0021484375,2872.1951527633646,72244.39245396423,60755.611842910774
2024-04-22,66837.6796875,67233.9609375,64548.1796875,64935.6328125,28282686673,0.0,73,64171.94921875,67493.09231770833,66569.5375,2862.1766342034366,72293.89076840688,60845.184231593135
2024-04-23,66407.2734375,67199.2421875,65864.8671875,66839.890625,24310975583,0.0,71,64542.72209821428,67465.52903645833,66590.860546875,2859.1467781031556,72309.15410308131,60872.56699066869
2024-04-24,64276.8984375,67075.3671875,63589.87109375,66408.71875,30276655120,0.0,72,64971.32310267857,67276.13190104166,66379.26328125,2866.319652866535,72111.90258698307,60646.62397551692
2024-04-25,64481.70703125,65275.20703125,62783.6328125,64275.01953125,32155786816,0.0,72,65109.74497767857,67092.59427083333,66211.4666015625,2874.6690374869568,71960.80467653641,60462.12852658858
2024-04-26,63755.3203125,64789.65625,63322.3984375,64485.37109375,24139372950,0.0,70,65097.13783482143,66902.59348958333,65954.4271484375,2851.7278381036126,71657.88282464474,60250.97147223028
2024-04-27,63419.140625,63898.36328125,62424.71875,63750.98828125,19530783039,0.0,67,64872.09486607143,66658.39973958333,65657.2564453125,2786.818762516619,71230.89397034573,60083.61892027926
2024-04-28,63113.23046875,64321.484375,62793.59765625,63423.515625,17334827993,0.13636363636363635,65,64613.03571428572,66432.41315104166,65231.35,2457.159826420569,70145.66965284114,60317.03034715886
2024-04-29,63841.12109375,64174.87890625,61795.45703125,63106.36328125,26635912073,-0.15,67,64184.95591517857,66238.94036458334,64966.4552734375,2293.8654493037698,69554.18617204504,60378.724374829966
2024-04-30,60636.85546875,64703.33203125,59120.06640625,63839.41796875,37840840057,0.0,67,63360.61049107143,65882.38059895833,64468.90390625,2079.5798528434966,68628.06361193699,60309.74420056301
2024-05-01,58254.01171875,60780.5,56555.29296875,60609.49609375,48439780271,-0.3,54,62500.19810267857,65500.776041666664,63878.5740234375,2084.4830529776646,68047.54012939283,59709.607917482164
2024-05-02,59123.43359375,59602.296875,56937.203125,58253.703125,32711813559,0.0,43,61734.73046875,65289.99140625,63474.95234375,2187.3444573669967,67849.641258484,59100.263429016006
2024-05-03,62889.8359375,63320.50390625,58848.3125,59122.30078125,33172023048,0.0,48,61611.08984375,65186.95885416667,63428.3705078125,2189.495583118464,67807.36167404943,59049.37934157557
2024-05-04,63891.47265625,64494.95703125,62599.3515625,62891.03125,20620477992,0.0,67,61678.56584821428,65033.046484375,63336.0078125,2124.915210842893,67585.83823418578,59086.17739081421
2024-05-05,64031.1328125,64610.890625,62955.3046875,63892.453125,18296164805,0.0,69,61809.69475446428,64906.162890625,63366.25390625,2130.56446746274,67627.38284117548,59105.12497132452
2024-05-06,63161.94921875,65494.90234375,62746.23828125,64038.3125,28697928697,-0.15,71,61712.670200892855,64715.02421875,63333.758203125,2128.3654133988393,67590.48902992268,59077.02737632732
2024-05-07,62334.81640625,64390.45703125,62285.98046875,63162.76171875,25930730982,0.0625,68,61955.236049107145,64480.766276041664,63386.664453125,2087.2952380766646,67561.25492927832,59212.07397697167
2024-05-08,61187.94140625,62986.0859375,60877.12890625,62332.640625,26088172222,-0.15,64,62374.368861607145,64132.65234375,63270.423828125,2143.8709902725877,67558.16580867018,58982.68184757982
2024-05-09,63049.9609375,63404.9140625,60648.07421875,61191.19921875,25453338161,0.0,55,62935.30133928572,63929.683854166666,63230.743359375,2140.0453738094566,67510.83410699392,58950.652611756086
2024-05-10,60792.77734375,63446.7421875,60208.78125,63055.19140625,27804954694,0.0625,66,62635.72154017857,63603.180338541664,63020.66015625,2163.8955890438892,67348.45133433778,58692.86897816222
2024-05-11,60793.7109375,61451.15234375,60492.625,60793.35546875,13842272968,0.0,53,62193.18415178572,63294.28372395833,62814.0134765625,2169.6338238952744,67153.28112435305,58474.74582877195
2024-05-12,61448.39453125,61818.15625,60632.6015625,60793.50390625,13800459405,0.16818181818181818,56,61824.22154017857,63102.70130208333,62544.54921875,1968.9927062494307,66482.53463124885,58606.563806251135
2024-05-13,62901.44921875,63422.66015625,60769.83984375,61451.21875,27889181179,0.0,57,61787.00725446428,63072.033854166664,62369.2580078125,1750.9983966335083,65871.25480107951,58867.261214545484
2024-05-14,61552.7890625,63092.125,61123.765625,62900.7734375,28186271527,0.16818181818181818,66,61675.2890625,62932.502604166664,62233.0525390625,1700.0062422576184,65633.06502357773,58833.04005454726
2024-05-15,66267.4921875,66454.453125,61330.41015625,61553.98828125,39815167074,0.0,64,62400.939174107145,63027.21197916667,62322.341796875,1863.3756588093138,66049.09311449363,58595.590479256374
2024-05-16,65231.58203125,66712.4296875,64613.0546875,66256.109375,31573077994,-0.3,70,62712.599330357145,63074.5359375,62396.1548828125,1950.3372441569522,66296.82937112641,58495.4803944986
2024-05-17,67051.875,67459.4609375,65119.31640625,65231.296875,28031279310,0.0625,74,63606.756138392855,63267.04205729167,62577.7916015625,2203.3692380183907,66984.53007759928,58171.05312552572
2024-05-18,66940.8046875,67387.328125,66663.5,67066.2109375,16712277406,0.0,73,64484.912388392855,63381.31041666667,62769.1703125,2408.958676203147,67587.0876649063,57951.252960093705
2024-05-19,66278.3671875,67694.296875,65937.1796875,66937.9296875,19249094538,0.0,72,65174.908482142855,63462.4703125,62891.0326171875,2524.896370707709,67940.82535860292,57841.23987577208
2024-05-20,71448.1953125,71483.5625,66086.171875,66278.7421875,43850655717,0.0,70,66395.87220982143,63677.595442708334,63431.599609375,3107.0920343635544,69645.7836781021,57217.41554064789
2024-05-21,70136.53125,71946.4609375,69191.125,71443.0625,46932005990,0.0,76,67622.12109375,63851.25833333333,64025.7255859375,3199.633002885144,70424.99159170779,57626.45958016721
2024-05-22,69122.3359375,70623.6953125,68977.6953125,70135.3203125,32802561717,0.0,76,68029.95591517857,63927.41354166667,64525.670703125,3174.399600130627,70874.46990338626,58176.871502863745
2024-05-23,67929.5625,70041.2734375,66356.953125,69121.3046875,41895680979,0.0,76,68415.38169642857,63978.156510416666,64777.65703125,3237.120434145196,71251.89789954039,58303.416162959606
2024-05-24,68526.1015625,69220.296875,66622.671875,67928.1328125,29197308153,0.0,74,68625.98549107143,64119.796614583334,65009.3884765625,3334.757545045176,71678.90356665285,58339.87338647214
2024-05-25,69265.9453125,69579.3203125,68515.8203125,68526.921875,15473071741,0.0,76,68958.1484375,64279.271223958334,65271.1291015625,3457.12596377142,72185.38102910534,58356.87717401966
2024-05-26,68518.09375,69506.2265625,68183.890625,69264.2890625,15628433737,0.0625,75,69278.109375,64438.03033854167,65538.936328125,3492.4158739551694,72523.76807603534,58554.104580214655
2024-05-27,69394.5546875,70597.8828125,68232.5,68512.1796875,25870990717,-0.15,74,68984.73214285714,64637.21080729167,65891.9232421875,3508.25955744615,72908.44235707981,58875.4041272952
2024-05-28,68296.21875,69514.640625,67227.15625,69392.1953125,32722265965,0.0,72,68721.83035714286,64809.97708333333,66247.337109375,3363.7121470975985,72974.7614035702,59519.91281517981
2024-05-29,67578.09375,68852.4609375,67101.4921875,68296.3515625,26707072906,0.16818181818181818,72,68501.22433035714,64934.54283854167,66473.74375,3288.7297841969507,73051.20331839389,59896.28418160609
2024-05-30,68364.9921875,69500.5390625,67118.078125,67576.0859375,29509712534,0.0,73,68563.42857142857,65192.14739583333,66852.3544921875,3025.6417130327204,72903.63791825293,60801.07106612206
2024-05-31,67491.4140625,68999.5625,66633.421875,68362.515625,27387283769,0.13636363636363635,73,68415.61607142857,65500.060807291666,67187.2396484375,2669.456102608757,72526.15185365501,61848.32744321999
2024-06-01,67706.9375,67839.765625,67386.1953125,67489.609375,11641495604,0.0,72,68192.90066964286,65786.17760416666,67500.166796875,2302.986577704044,72106.13995228309,62894.19364146691
2024-06-02,67751.6015625,68409.1640625,67315.5234375,67710.2734375,17110588415,0.0,73,68083.40178571429,65948.23645833334,67742.6744140625,2032.7582189147556,71808.19085189201,63677.157976232986
2024-06-03,68804.78125,70230.8203125,67589.8359375,67753.8984375,32401285324,0.0,73,67999.1484375,66112.01341145833,68105.2740234375,1427.0660790554477,70959.40618154839,65251.1418653266
2024-06-04,70567.765625,71047.40625,68564.640625,68804.5703125,33149696545,0.0,73,68323.65513392857,66329.901171875,68320.2876953125,1459.192991009676,71238.67367733184,65401.90171329314
2024-06-05,71082.8203125,71735.4140625,70390.7109375,70568.3515625,32810771409,0.0,75,68824.33035714286,66593.93020833333,68612.849609375,1392.3715820184377,71397.59277341187,65828.10644533813
2024-06-06,70757.1640625,71625.734375,70119.125,71082.84375,25223152007,0.16818181818181818,78,69166.06919642857,66874.67513020833,68798.1140625,1419.9751335252508,71638.0643295505,65958.1637954495
2024-06-07,69342.5859375,71907.8515625,68507.2578125,70759.1875,36188381096,0.0,77,69430.52232142857,67146.49661458333,68918.203125,1354.6932468145003,71627.589618629,66208.816631371
2024-06-08,69305.7734375,69533.3203125,69210.7421875,69324.1796875,14262185861,0.0,72,69658.92745535714,67355.02369791667,69069.5734375,1205.074787074692,71479.72301164939,66659.42386335062
2024-06-09,69647.9921875,69817.5234375,69160.84375,69297.4921875,13534028500,0.0,75,69929.84040178571,67650.19752604167,68979.56328125,1078.6587497047894,71136.88078065957,66822.24578184042
2024-06-10,69512.28125,70146.0703125,69232.421875,69644.3125,20597699541,0.0,72,70030.91183035714,67940.81653645834,68948.35078125,1052.123627375903,71052.59803600181,66844.10352649819
2024-06-11,67332.03125,69549.4140625,66123.6015625,69508.078125,37116136345,0.0,74,69568.6640625,68136.93776041667,68858.835546875,1111.0515850256143,71080.93871692622,66636.73237682377
2024-06-12,68241.1875,69977.890625,66902.453125,67321.375,34497940694,0.13636363636363635,72,69162.71651785714,68314.92903645833,68874.416796875,1099.4582894436205,71073.33337576223,66675.50021798776
2024-06-13,66756.3984375,68365.78125,66304.5625,68243.1015625,28955204146,-0.3,70,68591.17857142857,68488.38268229166,68785.931640625,1195.9459564651104,71177.82355355522,66394.03972769478
2024-06-14,66011.09375,67294.6484375,65056.89453125,66747.5703125,27403884779,0.0625,74,68115.25111607143,68479.83606770834,68623.1890625,1339.9736278686435,71303.13631823729,65943.2418067627
2024-06-15,66191.0,66402.1875,65871.7734375,66006.7421875,14121265576,0.0,74,67670.28348214286,68511.81666666667,68506.834375,1446.3891062929667,71399.61258758594,65614.05616241407
2024-06-16,66639.046875,66894.84375,66018.25,66189.359375,13281140541,-0.3,71,67240.43415178571,68498.05572916666,68369.058984375,1488.0175634919544,71345.09411135892,65393.0238573911
2024-06-17,66490.296875,67188.3203125,65094.96484375,66636.515625,30006354476,0.0625,71,66808.72209821429,68483.03880208333,68278.762890625,1546.3216590024101,71371.40620862982,65186.119572620184
2024-06-18,65140.74609375,66556.703125,64066.95703125,66490.9765625,39481285950,0.0,74,66495.68136160714,68445.11809895834,68156.8955078125,1693.4903505680281,71543.87620894855,64769.91480667645
2024-06-19,64960.296875,65695.3515625,64693.30078125,65146.66015625,21103423504,0.13636363636363635,64,66026.98270089286,68228.85481770833,67986.6607421875,1836.553162635278,71659.76706745804,64313.55441691694
2024-06-20,64828.65625,66438.9609375,64547.84765625,64960.296875,25641109124,0.0,60,65751.59095982143,68051.92565104166,67853.5228515625,1966.2793077423728,71786.08146704725,63920.96423607776
2024-06-21,64096.19921875,65007.546875,63378.89453125,64837.98828125,26188171739,0.0,63,65478.03459821428,67884.38776041666,67672.9859375,2138.6537092621606,71950.29335602431,63395.67851897567
2024-06-22,64252.578125,64475.46875,63929.7578125,64113.86328125,9858198793,0.13636363636363635,53,65201.1171875,67761.82161458333,67498.034765625,2270.912232784361,72039.85923119371,62956.21030005627
2024-06-23,63180.796875,64491.703125,63180.796875,64248.96484375,11170471802,0.0,55,64707.08147321428,67583.64479166667,67216.835546875,2442.3166485994293,72101.46884407385,62332.202249676135
2024-06-24,60277.4140625,63292.52734375,58601.69921875,63173.3515625,43152133651,0.0,51,63819.52678571428,67284.02708333333,66702.31796875,2762.2032873645544,72226.7245434791,61177.911394020884
2024-06-25,61804.640625,62258.26171875,60239.75,60266.28125,29201215431,0.16818181818181818,30,63342.94029017857,67060.2453125,66238.408984375,2766.907685657208,71772.22435568941,60704.593613060584
2024-06-26,60811.27734375,62434.13671875,60695.1875,61789.67578125,22506003064,0.0,46,62750.22321428572,66774.13606770833,65741.1146484375,2805.5242678790937,71352.1631841957,60130.06611267932
2024-06-27,61604.80078125,62293.86328125,60585.33203125,60811.2265625,21231745045,0.0,40,62289.67243303572,66551.08880208334,65354.225390625,2816.2422980131,70986.7099866512,59721.740794598794
2024-06-28,60320.13671875,62126.09765625,59985.40234375,61612.8046875,24952866877,0.0,47,61750.23493303572,66309.15690104167,64904.9435546875,2868.920816436907,70642.78518756131,59167.101921813686
2024-06-29,60887.37890625,61097.62109375,60300.96484375,60319.875,12652903396,0.13636363636363635,30,61269.4921875,66059.903125,64466.912890625,2773.8470766360497,70014.6070438971,58919.2187373529
2024-06-30,62678.29296875,62892.828125,60632.94921875,60888.4453125,17333226409,0.0,47,61197.70591517857,65899.46575520834,64125.2134765625,2529.8072949120838,69184.82806638668,59065.598886738335
2024-07-01,62851.98046875,63777.2265625,62495.51171875,62673.60546875,25468379421,0.0,53,61565.50111607143,65737.63385416666,63901.2109375,2427.175891403935,68755.56272030788,59046.85915469213
2024-07-02,62029.015625,63203.359375,61752.74609375,62844.41015625,20151616992,0.0625,51,61597.5546875,65546.88098958334,63590.60234375,2232.2120030341857,68055.02634981836,59126.178337681624
2024-07-03,60173.921875,62187.703125,59419.38671875,62034.33203125,29756701685,0.0,50,61506.50390625,65259.18567708333,63261.478515625,2226.132222119909,67713.74295986482,58809.214071385184
2024-07-04,56977.703125,60399.67578125,56777.8046875,60147.13671875,41149609230,-0.15,44,60845.489955357145,64806.18359375,62809.808984375,2534.010454121827,67877.82989261865,57741.78807613134
2024-07-05,56662.375,57497.15234375,53717.375,57022.80859375,55417544033,0.0625,29,60322.95256696428,64325.50208333333,62333.377734375,2751.2841770894224,67835.94608855384,56830.80938019615
2024-07-06,58303.5390625,58472.546875,56038.9609375,56659.07421875,20610320577,0.0,26,59953.83258928572,63910.38125,61916.60234375,2695.498257691558,67307.59885913311,56525.60582836688
2024-07-07,55849.109375,58371.12109375,55793.32421875,58239.4296875,20553359505,0.13636363636363635,29,58978.23493303572,63460.59869791667,61384.54296875,2793.625751762329,66971.79447227466,55797.29146522534
2024-07-08,56705.09765625,58131.3359375,54321.01953125,55849.57421875,39766159899,0.0,28,58100.10881696428,63040.576171875,60962.760546875,2833.1931981762104,66629.14694322742,55296.37415052258
2024-07-09,58009.2265625,58239.1953125,56316.875,56704.59765625,27849512607,0.0,27,57525.853236607145,62652.61731770833,60615.20703125,2741.8768796820077,66098.96079061402,55131.453271885985
2024-07-10,57742.49609375,59359.43359375,57178.4140625,58033.8828125,26175260526,0.0,28,57178.50669642857,62260.29114583333,60260.8990234375,2624.0639249956325,65509.02687342877,55012.771173446235
2024-07-11,57344.9140625,59299.43359375,57120.37890625,57729.890625,28707803842,0.0,29,57230.96540178572,61927.38723958333,59923.334765625,2537.538864706322,64998.41249503764,54848.25703621235
2024-07-12,57899.46484375,58532.5546875,56590.17578125,57341.1953125,25604805221,0.16818181818181818,25,57407.69252232143,61582.66315104167,59605.6791015625,2358.3955885055243,64322.47027857355,54888.88792455145
2024-07-13,59231.953125,59787.078125,57796.44140625,57908.73828125,17080061806,0.0,25,57540.32310267857,61331.848307291664,59408.2369140625,2203.550973330825,63815.33886072415,55001.13496740085
2024-07-14,60787.79296875,61329.52734375,59225.25,59225.25,22223416061,0.0,33,58245.849330357145,61157.73828125,59433.755859375,2217.0604365921226,63867.87673255925,54999.63498619075
2024-07-15,64870.15234375,64870.15234375,60704.9296875,60815.45703125,38094526099,0.0,52,59412.28571428572,61113.71002604167,59587.0314453125,2479.974815970406,64546.98107725332,54627.08181337169
2024-07-16,65097.1484375,65354.33984375,62487.96875,64784.41796875,41617346768,0.0625,65,60424.845982142855,61062.31341145833,59801.325,2760.6197184236676,65322.56443684733,54280.085563152665
2024-07-17,64118.79296875,66066.734375,63896.0859375,65091.83203125,32525071311,0.13636363636363635,69,61335.74553571428,60983.26328125,59927.024609375,2900.7385656336073,65728.50174064221,54125.54747810779
2024-07-18,63974.06640625,65104.66015625,63246.1640625,64104.73828125,27239305337,0.0,61,62282.767299107145,60944.37395833333,60109.72109375,3038.59256169681,66186.90621714362,54032.53597035638
2024-07-19,66710.15625,67442.640625,63329.34375,63972.32421875,37003855410,0.13636363636363635,60,63541.4375,61002.70260416667,60400.8599609375,3377.1180967050236,67155.09615434754,53646.62376752745
2024-07-20,67163.6484375,67610.734375,66299.6171875,66709.921875,19029581250,0.0,74,64674.536830357145,61080.53567708333,60625.127734375,3672.3453880417524,67969.8185104585,53280.436958291495
2024-07-21,68154.5234375,68372.90625,65842.296875,67164.9140625,26652190004,0.0,74,65726.92689732143,61215.813151041664,60890.2548828125,4016.8288801073886,68923.91264302727,52856.59712259773
2024-07-22,67585.25,68480.0625,66611.296875,68152.9765625,42649109453,0.0,70,66114.79799107143,61326.90221354167,61168.0666015625,4283.050851652306,69734.16830486711,52601.964898257895
2024-07-23,65927.671875,67779.015625,65484.4609375,67584.8046875,35605668666,0.0,71,66233.44419642857,61418.46471354167,61455.7541015625,4404.281433878967,70264.31696932044,52647.191233804566
2024-07-24,65372.1328125,67113.984375,65146.99609375,65927.859375,27470942309,-0.3,69,66412.49274553571,61588.288671875,61875.4755859375,4354.779365957902,70585.03431785331,53165.91685402169
2024-07-25,65777.2265625,66112.421875,63473.47265625,65375.875,38315761670,0.0,68,66670.08705357143,61720.708203125,62331.2181640625,4256.333857422404,70843.88587890731,53818.55044921769
2024-07-26,67912.0625,68207.6015625,65743.765625,65771.8125,30488630457,0.0,68,66841.78794642857,61957.401041666664,62811.6443359375,4319.591955846844,71450.82824763119,54172.46042424381
2024-07-27,67813.3359375,69398.5078125,66705.21875,67911.8125,34691905492,0.0,72,66934.60044642857,62164.352213541664,63409.8556640625,4128.855509627469,71667.56668331745,55152.144644807566
2024-07-28,68255.8671875,68301.8515625,67085.828125,67808.65625,18043166945,0.0,71,66949.078125,62428.8765625,63987.394140625,3945.4206798048376,71878.23550023467,56096.55278101533
2024-07-29,66819.9140625,69987.5390625,66532.59375,68259.0546875,40780682628,0.0,74,66839.74441964286,62626.627734375,64427.928515625,3728.7207717261763,71885.37005907735,56970.48697217264
2024-07-30,66201.015625,66987.671875,65323.19140625,66819.0546875,31380492109,0.0625,67,66878.79352678571,62744.05182291667,64850.8544921875,3395.3165643705397,71641.48762092859,58060.22136344642
2024-07-31,64619.25,66810.2109375,64532.046875,66201.2734375,31292785994,-0.3,61,66771.23883928571,62802.96080729167,65214.5712890625,2902.84812603519,71020.26754113288,59408.87503699212
2024-08-01,65357.5,65593.2421875,62248.94140625,64625.83984375,40975554494,0.0,52,66711.27790178571,62913.91028645833,65587.473046875,2337.706360204368,70262.88576728375,60912.06032646627
2024-08-02,61415.06640625,65523.22265625,61184.89453125,65353.5,43060875727,0.0,57,65783.13560267857,62955.28177083333,65696.6287109375,2059.7725222090635,69816.17375535563,61577.08366651937
2024-08-03,60680.09375,62148.37109375,59836.52734375,61414.80859375,31753030589,0.0,37,64764.10100446428,63078.69479166667,65691.24375,2073.377218784888,69837.99818756977,61544.48931243022
2024-08-04,58116.9765625,61062.98828125,57210.8046875,60676.09375,31758917219,0.0,34,63315.68805803572,63127.18151041667,65353.5849609375,2676.3489654235013,70706.2828917845,60000.8870300905
2024-08-05,53991.45703125,58268.828125,49121.23828125,58110.296875,108991085584,0.13636363636363635,26,61483.05133928572,62983.44544270833,64798.300390625,3691.8074608319507,72181.9153122889,57414.6854689611
2024-08-06,56034.31640625,57059.91796875,53973.2734375,53991.34765625,49300484106,-0.3,17,60030.665736607145,62989.61901041667,64394.0765625,4180.387485859933,72754.85153421987,56033.30159078013
2024-08-07,55027.4609375,57726.8828125,54620.5078125,56040.6328125,41637562185,0.0,29,58660.41015625,62933.69778645833,63946.7462890625,4676.886860268101,73300.52000959871,54592.9725685263
2024-08-08,61710.13671875,62673.765625,54766.7265625,55030.02734375,45298472567,0.0,20,58139.35825892857,63057.06145833333,63696.7453125,4654.981041079492,73006.70739465898,54386.78323034102
2024-08-09,60880.11328125,61751.86328125,59587.859375,61728.20703125,33425553115,0.0,48,58062.93638392857,63161.648697916666,63382.5685546875,4620.594512794793,72623.75758027709,54141.37952909792
2024-08-10,60945.8125,61464.51171875,60287.56640625,60881.23046875,15745822278,0.0,40,58100.896205357145,63281.67864583333,63022.1330078125,4508.564542122227,72039.26209205696,54005.003923568045
2024-08-11,58719.484375,61778.66015625,58348.82421875,60944.890625,22759754812,0.0,39,58186.96875,63309.01263020833,62578.8447265625,4471.998193121372,71522.84111280524,53634.84834031975
2024-08-12,59354.515625,60680.33203125,57688.8984375,58719.39453125,37078637820,0.0,25,58953.11997767857,63313.098046875,62250.1869140625,4454.4355462431795,71159.05800654886,53341.315821576136
2024-08-13,60609.56640625,61572.3984375,58506.25390625,59356.20703125,30327698167,0.13636363636363635,31,59606.72712053572,63307.15716145833,62012.05859375,4405.791118374756,70823.64083049951,53200.47635700049
2024-08-14,58737.26953125,61687.7578125,58472.875,60611.05078125,29961696180,0.0,30,60136.69977678572,63102.727734375,61660.0607421875,4370.225912606469,70400.51256740044,52919.60891697457
2024-08-15,57560.09765625,59838.6484375,56161.59375,58733.26171875,35682112440,0.0,29,59543.83705357143,62851.49270833333,61142.4625,4200.5176907587775,69543.49788151756,52741.42711848245
2024-08-16,58894.10546875,59847.359375,57110.01953125,57560.2734375,29350938673,-0.3,27,59260.12165178572,62677.33645833333,60696.5009765625,3919.0462846964365,68534.59354595537,52858.40840716963
2024-08-17,59478.97265625,59694.66796875,58814.83203125,58893.53125,13589684021,0.13636363636363635,25,59050.57310267857,62527.5,60257.65625,3496.6616836583985,67250.9796173168,53264.3328826832
2024-08-18,58483.96484375,60262.71875,58445.40234375,59468.1328125,17740625837,0.0,31,59016.927455357145,62253.293619791664,59840.8587890625,3153.231982780273,66147.32275462305,53534.39482350195
2024-08-19,59493.453125,59612.66015625,57864.7109375,58480.7109375,25911207712,0.0,28,59036.775669642855,61997.620442708336,59505.4806640625,2775.210687027769,65055.90203811804,53955.05929000697
2024-08-20,59012.79296875,61396.328125,58610.8828125,59493.453125,31613400008,0.0,30,58808.66517857143,61692.89609375,59225.1578125,2501.10059050058,64227.35899350116,54222.95663149884
2024-08-21,61175.19140625,61834.3515625,58823.4453125,59014.98828125,32731154072,0.13636363636363635,26,59156.939732142855,61479.22747395833,59016.0423828125,2104.8440893097063,63225.73056143191,54806.354204193085
2024-08-22,60381.9140625,61408.109375,59815.25390625,61168.31640625,27625734377,0.13636363636363635,39,59560.056361607145,61294.368880208334,58964.384765625,2054.954515539794,63074.29379670459,54854.47573454541
2024-08-23,64094.35546875,64947.0625,60372.05078125,60380.953125,42530509233,0.16818181818181818,34,60302.94921875,61251.77630208333,59135.0978515625,2328.5867195571427,63792.271290676785,54477.92441244822
2024-08-24,64178.9921875,64513.7890625,63619.91796875,64103.87109375,21430585163,0.0,56,60974.380580357145,61198.50182291667,59438.1986328125,2571.001274748736,64580.20118230997,54296.19608331503
2024-08-25,64333.54296875,64996.421875,63833.51953125,64176.3671875,18827683555,0.0,54,61810.03459821428,61079.21783854167,59955.3029296875,2455.288262170631,64865.87945402876,55044.72640534624
2024-08-26,62880.66015625,64489.70703125,62849.55859375,64342.2265625,27682040631,0.0,55,62293.92131696428,60914.7953125,60297.6201171875,2355.0653919356714,65007.75090105884,55587.48933331616
2024-08-27,59504.1328125,63210.796875,58116.75,62879.70703125,39103882198,0.0,48,62364.11272321428,60623.07083333333,60521.4537109375,2016.162871647711,64553.77945423292,56489.12796764208
2024-08-28,59027.625,60236.44921875,57890.67578125,59507.92578125,40289564698,0.0,30,62057.31752232143,60363.327864583334,60387.328125,2022.1419759060295,64431.61207681206,56343.04417318794
2024-08-29,59388.1796875,61184.08203125,58786.2265625,59027.46875,32224990582,0.0,29,61915.35546875,60136.23333333333,60312.7314453125,2030.507744917539,64373.74693514758,56251.71595547742
2024-08-30,59119.4765625,59896.88671875,57768.53125,59388.6015625,32292756405,-0.15,34,61204.658482142855,59952.907552083336,60221.4146484375,2041.575279132753,64304.56520670301,56138.26409017199
2024-08-31,58969.8984375,59432.59375,58768.78515625,59117.48046875,12403470760,0.0,29,60460.502232142855,59739.9875,60233.9353515625,2032.6276189207588,64299.19058940402,56168.68011372098
2024-09-01,57325.48828125,59062.0703125,57217.82421875,58969.80078125,24592449997,0.16818181818181818,26,59459.3515625,59603.668229166666,60132.483984375,2127.263666309967,64387.01131699493,55877.95665175507
2024-09-02,59112.48046875,59403.0703125,57136.02734375,57326.96875,27036454524,0.0,26,58921.04017857143,59551.414453125,60057.6296875,2135.91468922703,64329.459065954055,55785.80030904594
2024-09-03,57431.0234375,59815.05859375,57425.16796875,59106.19140625,26666961053,0.0,26,58624.88169642857,59528.54934895833,59992.3173828125,2197.4973222056014,64387.3120272237,55597.3227384013
2024-09-04,57971.5390625,58511.5703125,55673.1640625,57430.34765625,35627680312,0.0,27,58474.01227678572,59661.21875,60012.889453125,2175.343689251272,64363.57683162754,55662.20207462245
2024-09-05,56160.48828125,58300.58203125,55712.453125,57971.703125,31030280656,0.0,29,58012.91350446428,59665.424479166664,59876.20859375,2329.738715866309,64535.68602548262,55216.731162017386
2024-09-06,53948.75390625,56976.109375,52598.69921875,56160.19140625,49361693566,0.0,22,57274.23883928572,59629.467578125,59599.69765625,2681.0614935438057,64961.82064333761,54237.574669162386
2024-09-07,54139.6875,54838.14453125,53740.0703125,53949.0859375,19061486526,0.0,23,56584.208705357145,59377.11927083333,59382.4837890625,2939.7183702077095,65261.92052947792,53503.04704864708
2024-09-08,54841.56640625,55300.859375,53653.7578125,54147.93359375,18268287531,0.0,29,56229.36272321428,59175.834375,59149.889453125,3109.5993294821697,65369.08811208934,52930.690794160655
2024-09-09,57019.53515625,58041.125,54598.43359375,54851.88671875,34618096173,-0.3,26,55930.37053571428,59044.95846354167,59050.2265625,3145.9540596006173,65342.13468170124,52758.31844329876
2024-09-10,57648.7109375,58029.9765625,56419.4140625,57020.09765625,28857630507,0.0625,33,55961.46875,59009.266015625,58873.9025390625,3119.298834778474,65112.50020861945,52635.304869505555
2024-09-11,57343.171875,57991.3203125,55567.33984375,57650.2890625,37049062672,0.0,37,55871.70200892857,58942.22122395833,58721.9654296875,3115.9844190824983,64953.9342678525,52489.996591522504
2024-09-12,58127.01171875,58534.359375,57330.1015625,57343.171875,33835707949,0.0,31,56152.63392857143,58859.469401041664,58423.5982421875,2848.7185920223333,64121.03542623217,52726.16105814283
2024-09-13,60571.30078125,60648.0234375,57650.11328125,58130.32421875,32490528356,0.0,32,57098.71205357143,58920.603776041666,58243.213671875,2565.213129347507,63373.63993057001,53112.78741317998
2024-09-14,60005.12109375,60656.72265625,59517.8828125,60569.1171875,16428405496,0.13636363636363635,50,57936.631138392855,59002.10455729167,58026.792578125,2177.6556032752446,62382.10378467549,53671.48137157451
2024-09-15,59182.8359375,60381.91796875,58696.30859375,60000.7265625,18120960867,0.0,51,58556.8125,59011.72890625,57841.9013671875,1880.5682957999238,61603.03795878735,54080.76477558765
2024-09-16,58192.5078125,59205.51171875,57501.33984375,59185.2265625,32032822113,0.0,39,58724.38002232143,58968.84674479167,57776.3201171875,1842.0254681773622,61460.37105354222,54092.26918083277
2024-09-17,60308.5390625,61316.08984375,57628.0703125,58192.5078125,38075570118,0.0,33,59104.35546875,59029.66588541667,57840.3658203125,1908.8771915825848,61658.12020347767,54022.61143714733
2024-09-18,61649.6796875,61664.06640625,59218.25390625,60309.0,40990702891,0.0,45,59719.57087053572,59101.54010416667,57953.4408203125,2065.9120042544355,62085.26482882137,53821.61681180363
2024-09-19,62940.45703125,63872.44140625,61609.8671875,61651.15625,42710252573,0.13636363636363635,49,60407.20591517857,59232.462239583336,58144.48984375,2338.1566347748903,62820.803113299786,53468.17657420022
2024-09-20,63192.9765625,64119.53125,62364.60546875,62941.42578125,35177164222,0.0,54,60781.73102678572,59299.72174479167,58355.64375,2593.379748578055,63542.403247156115,53168.88425284389
2024-09-21,63394.83984375,63543.359375,62783.10546875,63184.33984375,14408616220,0.0,54,61265.9765625,59400.152604166666,58659.111328125,2812.352241249577,64283.81581062415,53034.40684562585
2024-09-22,63648.7109375,63993.421875,62440.7265625,63396.8046875,20183348802,0.0,52,61903.958705357145,59385.29778645833,58885.9228515625,3025.6697282915015,64937.2623081455,52834.5833949795
2024-09-23,63329.80078125,64733.55859375,62628.078125,63643.1015625,31400285425,0.16818181818181818,50,62637.857700892855,59356.99140625,59180.86171875,3160.8660441375923,65502.59380702519,52859.12963047481
2024-09-24,64301.96875,64695.21484375,62737.41796875,63326.83984375,29938335243,0.0,54,63208.34765625,59355.93893229167,59497.383203125,3344.9881422796484,66187.3594876843,52807.4069185657
2024-09-25,63143.14453125,64804.50390625,62945.375,64302.58984375,25078377700,0.0,59,63421.69977678572,59364.68841145833,59846.516015625,3342.7754092305304,66532.06683408606,53160.96519716394
2024-09-26,65181.01953125,65790.796875,62669.26953125,63138.546875,36873129847,0.0,50,63741.78013392857,59553.91796875,60408.129296875,3241.782660987281,66891.69461884956,53924.56397490043
2024-09-27,65790.6640625,66480.6953125,64852.9921875,65180.6640625,32058813449,0.0,61,64112.87834821428,59779.35260416667,60990.678125,3099.787741458512,67190.25360791702,54791.10264208297
2024-09-28,65887.6484375,66255.53125,65458.03515625,65792.1796875,15243637984,0.0,64,64468.993861607145,59996.0015625,61542.9822265625,2925.6842987187088,67394.35082399992,55691.61362912508
2024-09-29,65635.3046875,66069.34375,65450.015625,65888.8984375,14788214575,0.0,63,64752.79296875,60213.19583333333,61973.770703125,2858.108494821152,67689.9876927673,56257.5537134827
2024-09-30,63329.5,65635.0546875,62873.6171875,65634.65625,37112957475,0.0,61,64752.75,60358.515885416666,62257.81015625,2682.5477964717493,67622.9057491935,56892.7145633065
2024-10-01,60837.0078125,64110.98046875,60189.27734375,63335.60546875,50220923500,-0.15,50,64257.755580357145,60475.56653645833,62432.501953125,2449.2733220211103,67331.04859716722,57533.95530908278
2024-10-02,60632.78515625,62357.6875,59996.94921875,60836.32421875,40762722398,0.0,42,63899.1328125,60526.243359375,62557.790625,2275.3559082849047,67108.50244156981,58007.07880843019
2024-10-03,60759.40234375,61469.0390625,59878.8046875,60632.484375,36106447279,0.0,37,63267.47321428572,60637.18932291667,62567.195703125,2267.0864107100588,67101.36852454512,58033.02288170488
2024-10-04,62067.4765625,62465.9921875,60459.94140625,60754.625,29585472513,0.16818181818181818,41,62735.58928571428,60773.72057291667,62670.3134765625,2190.0103639556105,67050.33420447372,58290.29274865128
2024-10-05,62089.94921875,62371.0234375,61689.58203125,62067.609375,13305410749,0.0,49,62193.060825892855,60971.36927083333,62815.669140625,2037.5232668378521,66890.7156743007,58740.6226069493
2024-10-06,62818.953125,62959.5703125,61833.1484375,62084.98828125,14776233667,0.0,50,61790.724888392855,61267.042578125,63046.99140625,1723.4407216900527,66493.8728496301,59600.1099628699
2024-10-07,62236.66015625,64443.70703125,62152.55078125,62819.109375,34253562610,0.0,50,61634.60491071428,61536.941666666666,63143.3974609375,1612.5550737317042,66368.5076084009,59918.287313474095
2024-10-08,62131.96875,63174.3046875,61843.5625,62221.64453125,28134475157,0.0,49,61819.599330357145,61779.955078125,63167.5119140625,1592.523792504652,66352.55949907181,59982.4643290532
2024-10-09,60582.1015625,62508.8359375,60314.61328125,62131.7265625,27670982363,0.0,49,61812.35881696428,61898.707291666666,63049.594140625,1694.2815478526147,66438.15723633023,59661.03104491977
2024-10-10,60274.5,61236.72265625,58895.20703125,60581.9296875,30452813570,-0.15,39,61743.08705357143,61986.23359375,62903.6703125,1803.4458683691707,66510.56204923835,59296.77857576166
2024-10-11,62445.08984375,63400.87109375,60046.125,60275.4609375,30327141594,0.13636363636363635,32,61797.03180803572,62156.297526041664,62856.1828125,1802.3357693980931,66460.85435129619,59251.511273703814
2024-10-12,63193.0234375,63448.78515625,62443.26953125,62444.6171875,16744110886,0.13636363636363635,49,61954.61383928572,62325.16458333333,62833.3984375,1794.6535878934249,66422.70561328685,59244.09126171315
2024-10-13,62851.375,63272.65234375,62035.63671875,63192.9453125,18177529690,0.0,50,61959.24553571428,62401.16705729167,62809.4771484375,1790.8732333218832,66391.22361508127,59227.730681793735
2024-10-14,66046.125,66482.4921875,62442.15234375,62848.3984375,43706958056,0.0,48,62503.454799107145,62602.533854166664,62896.6849609375,1906.133671540315,66708.95230401812,59084.41761785687
2024-10-15,67041.109375,67881.6796875,64809.1953125,66050.3671875,48863870879,0.13636363636363635,65,63204.76060267857,62864.476302083334,63091.583203125,2119.9475019534925,67331.47820703199,58851.68819921802
2024-10-16,67612.71875,68375.2890625,66758.7265625,67042.4609375,38195189534,0.0,73,64209.134486607145,63178.48333333333,63213.1681640625,2307.523566842564,67828.21529774764,58598.12103037738
2024-10-17,67399.8359375,67912.2109375,66647.390625,67617.078125,32790898511,0.0,71,65227.03962053572,63414.85989583333,63293.6267578125,2427.0825615568738,68147.79188092625,58439.461634698746
2024-10-18,68418.7890625,68969.75,67177.8203125,67419.109375,36857165014,0.0,73,66080.42522321429,63640.496875,63420.1837890625,2627.204557812057,68674.59290468662,58165.77467343839
2024-10-19,68362.734375,68668.0078125,68024.640625,68418.9765625,14443497908,0.16818181818181818,72,66818.95535714286,63821.239453125,63556.5552734375,2812.490692831608,69181.53665910072,57931.573887774284
2024-10-20,69001.703125,69359.0078125,68105.71875,68364.1796875,18975847518,-0.15,73,67697.57366071429,64014.863671875,63840.1654296875,3063.205756802404,69966.57694329231,57713.75391608269
2024-10-21,67367.8515625,69462.734375,66829.8515625,69002.0,37498611780,0.0,72,67886.39174107143,64147.29739583333,64166.7076171875,3074.293914956737,70315.29544710097,58018.11978727403
2024-10-22,67361.40625,67801.578125,66581.3671875,67360.703125,31808472566,0.0,70,67932.1484375,64271.05390625,64503.138671875,3035.128998721058,70573.39666931711,58432.88067443288
2024-10-23,66432.1953125,67402.7421875,65188.03515625,67362.375,32263980353,0.16818181818181818,71,67763.50223214286,64374.467057291666,64786.7783203125,2930.1052753098484,70646.9888709322,58926.5677696928
2024-10-24,68161.0546875,68798.9609375,66454.1015625,66653.703125,31414428647,-0.3,69,67872.24776785714,64503.103255208334,65091.4572265625,2949.213773885266,70989.88477433304,59193.02967879197
2024-10-25,66642.4140625,68722.15625,65521.79296875,68165.296875,41469984306,0.13636363636363635,72,67618.47991071429,64619.74557291667,65319.08046875,2880.2370678718376,71079.55460449368,59558.606333006326
2024-10-27,67929.296875,68221.3125,66847.2265625,67023.4765625,16721307878,0.0,74,67556.56026785714,64711.354817708336,65574.59765625,2873.4387803690606,71321.47521698812,59827.720095511875
2024-10-28,69907.7578125,70212.265625,67535.1328125,67922.671875,38799856657,0.0,72,67685.99665178571,64848.59127604167,65958.1525390625,2916.094371526004,71790.34128211452,60125.963796010496
2024-10-29,72720.4921875,73577.2109375,69729.9140625,69910.046875,58541874402,0.0,72,68450.65959821429,65076.352734375,66487.5787109375,3137.6511076473057,72762.8809262321,60212.27649564288
2024-10-30,72339.5390625,72905.296875,71411.734375,72715.3671875,40646637831,0.0,77,69161.82142857143,65299.82721354167,67075.4505859375,3073.752616234048,73222.95581840561,60927.94535346941
2024-10-31,70215.1875,72662.3125,69590.5,72335.046875,40627912076,0.0,77,69702.24888392857,65529.35013020833,67572.4849609375,2696.735876738051,72965.9567144136,62179.013207461394
2024-11-01,69482.46875,71559.015625,68779.703125,70216.8984375,49989795365,0.0,75,69891.02232142857,65817.53216145834,67924.35390625,2439.336899565478,72803.02770538096,63045.68010711905
2024-11-02,69289.2734375,69867.3515625,69033.71875,69486.0234375,18184612091,0.0,72,70269.14508928571,66106.08177083333,68229.16640625,2184.589926606635,72598.34625946327,63859.98655303674
2024-11-03,68741.1171875,69361.65625,67482.5234375,69296.3828125,34868307655,0.0,74,70385.11941964286,66372.13893229167,68523.653515625,1781.2359671501458,72086.1254499253,64961.18158132471
2024-11-04,67811.5078125,69433.1796875,66803.6484375,68742.1328125,41184819348,0.0625,70,70085.65513392857,66563.606640625,68611.92265625,1693.5854985290146,71999.09365330802,65224.75165919197
2024-11-05,69359.5625,70522.7890625,67458.8671875,67811.171875,46046889204,0.0,70,69605.52232142857,66805.92708333333,68727.8453125,1659.409449528378,72046.66421155675,65409.02641344324
2024-11-06,75639.078125,76460.15625,69322.03125,69358.5,118592653963,0.0,70,70076.88504464286,67233.26458333334,69129.16328125,2243.3488148870524,73615.86091102411,64642.4656514759
2024-11-07,75904.859375,76943.1171875,74480.421875,75637.0859375,63467654989,-0.15,77,70889.6953125,67688.87122395834,69554.414453125,2664.8035131402057,74884.02147940542,64224.80742684459
2024-11-08,76545.4765625,77252.75,75648.7421875,75902.8359375,55176858003,0.0,75,71898.69642857143,68169.321484375,69960.748828125,3071.134964320934,76103.01875676686,63818.47889948313
2024-11-09,76778.8671875,76932.765625,75773.7890625,76556.1875,29009480361,0.0,75,72968.63839285714,68709.213671875,70381.55546875,3399.667573583163,77180.89061591632,63582.22032158367
2024-11-10,80474.1875,81474.421875,76565.4296875,76775.546875,82570594495,0.13636363636363635,78,74644.79129464286,69382.53658854167,70955.1796875,4058.606103393219,79072.39189428644,62837.96748071356
2024-11-11,88701.484375,89604.5,80283.25,80471.4140625,117966845037,0.0,76,77629.07366071429,70257.74973958333,72021.861328125,5583.243723687167,83188.34877549934,60855.37388075067
2024-11-12,87955.8125,89956.8828125,85155.109375,88705.5625,133673285375,0.0625,80,80285.68080357143,71083.17604166667,73051.581640625,6502.000012371589,86055.58166536817,60047.58161588182
2024-11-13,90584.1640625,93434.3515625,86256.9296875,87929.96875,123559027869,0.0,84,82420.69308035714,72007.60234375,74259.180078125,7390.083577444006,89039.34723301302,59479.012923236995
2024-11-14,87250.4296875,91765.21875,86682.8125,90574.8828125,87616705248,0.0,88,84041.48883928571,72714.4125,75213.648828125,7783.310727005681,90780.27028213636,59647.02737411365
2024-11-15,91066.0078125,91868.7421875,87124.8984375,87284.1796875,78243109518,0.0,80,86115.85044642857,73515.24244791667,76434.828515625,8268.596950186686,92972.02241599838,59897.634615251634
2024-11-16,90558.4765625,91763.9453125,90094.2265625,91064.3671875,44333192814,0.0,86,88084.36607142857,74280.10104166667,77566.2875,8585.647730105835,94737.58296021167,60394.99203978834
2024-11-17,89845.8515625,91433.0390625,88741.6640625,90558.4609375,46350159305,0.0,90,89423.17522321429,75028.3015625,78563.1921875,8804.34052473847,96171.87323697694,60954.51113802305
2024-11-18,90542.640625,92596.7890625,89393.59375,89843.71875,75535775084,0.0,83,89686.19754464286,75765.76328125,79454.299609375,9079.474892843678,97613.24939506236,61295.34982368764
2024-11-19,92343.7890625,94002.8671875,90426.984375,90536.8125,74521048295,-0.15,90,90313.05133928571,76565.13177083334,80454.512109375,9352.20503716277,99158.92218370055,61750.102035049465
2024-11-20,94339.4921875,94902.0234375,91619.5,92341.890625,71730956426,0.0,83,90849.52678571429,77409.72473958334,81660.72734375,9516.3594364943,100693.4462167386,62628.0084707614
2024-11-21,98504.7265625,99014.21875,94132.6015625,94334.640625,106024505582,0.0625,82,92457.28348214286,78447.62057291667,83111.840234375,9770.946720399344,102653.73367517369,63569.94679357632
2024-11-22,98997.6640625,99655.5,97222.6640625,98496.4296875,78473580551,0.16818181818181818,94,93590.37723214286,79502.1625,84597.259765625,9817.072182823424,104231.40413127185,64963.11539997815
2024-11-23,97777.28125,99014.6796875,97232.890625,99006.7421875,44414644677,0.0,93,94621.63504464286,80546.99869791667,86049.06796875,9490.338539549964,105029.74504784992,67068.39088965007
2024-11-24,98013.8203125,98647.1796875,95788.078125,97778.09375,51712020623,0.16818181818181818,80,95788.48772321429,81542.09088541666,87559.18359375,8814.46687789045,105188.1173495309,69930.2498379691
2024-11-25,93102.296875,98935.03125,92642.9140625,98033.4453125,80909462490,0.0,82,96154.15290178571,82424.08697916666,88746.3203125,7771.458325517117,104289.23696353423,73203.40366146577
2024-11-26,91985.3203125,94991.75,90770.8125,93087.28125,91656519855,-0.3,79,96102.94308035714,83225.95442708333,89563.632421875,7155.590626824728,103874.81367552445,75252.45116822554
2024-11-27,95962.53125,97361.1796875,91778.6640625,91978.140625,71133452438,-0.3,75,96334.80580357143,84094.446875,90566.516015625,6517.649649704689,103601.81531503439,77531.21671621563
2024-11-28,95652.46875,96650.203125,94677.3515625,95954.9453125,52260008261,0.0,77,95927.34040178571,84858.84609375,91521.865625,5703.825551501038,102929.51672800208,80114.21452199793
2024-11-29,97461.5234375,98693.171875,95407.8828125,95653.953125,54968682476,0.0,78,95707.89174107143,85696.24557291667,92555.9984375,4671.716753314833,101899.43194412967,83212.56493087034
2024-11-30,96449.0546875,97499.34375,96144.21875,97468.8125,31634227866,0.0,84,95518.14508928571,86570.7078125,93354.741796875,3777.354430607017,100909.45065808903,85800.03293566096
2024-12-01,97279.7890625,97888.125,95770.1875,96461.3359375,36590695296,0.0,81,95413.28348214286,87497.28515625,93783.65703125,3707.5566449282346,101198.77032110647,86368.54374139353
2024-12-02,95865.3046875,98152.6015625,94482.8671875,97276.0078125,72680784305,0.0,80,95807.99888392857,88383.15286458333,94179.131640625,3467.2530533461263,101113.63774731725,87244.62553393275
2024-12-03,96002.1640625,96297.203125,93629.5625,95854.59375,67067810961,0.0,76,96381.83370535714,89291.85442708334,94450.031640625,3382.2053697975466,101214.4423802201,87685.6209010299
2024-12-04,98768.53125,99207.328125,94660.5234375,95988.53125,77199817112,0.13636363636363635,78,96782.69084821429,90323.75520833333,95025.93671875,3056.7336154342274,101139.40394961846,88912.46948788155
2024-12-05,96593.5703125,103900.46875,91998.78125,98741.5390625,149218945580,0.16818181818181818,84,96917.13392857143,91231.55546875,95302.31484375,2926.984511682135,101156.28386711428,89448.34582038573
2024-12-06,99920.7109375,102039.8828125,96514.875,97074.2265625,94534772658,0.0625,72,97268.44642857143,92040.94322916666,95770.4265625,2876.589149051769,101523.60486060353,90017.24826439646
2024-12-07,99923.3359375,100563.3828125,99030.8828125,99916.7109375,44177510897,0.0,75,97764.77232142857,92841.55911458333,96274.30078125,2658.5395703609433,101591.3799219719,90957.2216405281
2024-12-08,101236.015625,101399.9921875,98771.515625,99921.9140625,44125751925,0.0,79,98329.94754464286,93664.57708333334,96808.96953125,2516.66124788732,101842.29202702464,91775.64703547535
2024-12-09,97432.71875,101272.5078125,94355.9140625,101237.0625,110676473908,0.0,78,98553.86383928571,94353.03880208333,97063.416015625,2288.351039238632,101640.11809410226,92486.71393714774
2024-12-10,96675.4296875,98270.15625,94321.2578125,97441.234375,104823780634,0.0,78,98650.04464285714,94893.08020833334,97180.212890625,2199.909104176033,101580.03109897707,92780.39468227293
2024-12-11,101173.03125,101913.359375,95747.2265625,96656.0625,85391409936,0.13636363636363635,74,98993.54464285714,95308.7984375,97313.628125,2359.57925280186,102032.78663060372,92594.46961939629
2024-12-12,100043.0,102524.9140625,99339.953125,101167.8046875,72073983533,0.0,83,99486.3203125,95711.7046875,97365.894921875,2409.8867432106335,102185.66840829627,92546.12143545374
2024-12-13,101459.2578125,101888.8046875,99233.28125,100046.6484375,56894751583,0.0,76,99706.11272321429,96074.2078125,97549.99375,2577.7597542295084,102705.51325845902,92394.47424154097
2024-12-14,101372.96875,102618.8828125,100634.0546875,101451.4375,40422968793,0.0,83,99913.203125,96544.95911458334,97717.951171875,2715.335304672997,103148.621781221,92287.280562529
2024-12-15,104298.6953125,105047.5390625,101227.03125,101373.53125,51145914137,0.0,80,100350.72879464286,96986.04869791666,98277.77109375,2863.764843301048,104005.30078035209,92550.2414071479
2024-12-16,106029.71875,107780.578125,103322.984375,104293.578125,91020417816,0.0,83,101578.87165178571,97501.75677083334,98979.991015625,2959.883814700884,104899.75864502677,93060.22338622322
2024-12-17,106140.6015625,108268.4453125,105291.734375,106030.6875,68589364868,0.16818181818181818,87,102931.0390625,98044.91510416666,99488.89453125,3272.2674895212645,106033.42951029252,92944.35955220748
2024-12-18,100041.5390625,106470.609375,100041.5390625,106147.296875,93865656139,0.13636363636363635,81,102769.39732142857,98361.54505208334,99708.348046875,3146.18408994849,106000.71622677198,93415.97986697803
2024-12-19,97490.953125,102748.1484375,95587.6796875,100070.6875,97221662392,0.0,75,102404.81919642857,98533.1171875,99709.81953125,3145.084622223548,105999.9887756971,93419.6502868029
2024-12-20,97755.9296875,98098.9140625,92175.1796875,97484.6953125,105634083408,0.0,74,101875.77232142857,98646.9984375,99775.16328125,3086.8080122044807,105948.77930565896,93601.54725684105
2024-12-21,97224.7265625,99507.1015625,96426.5234375,97756.1953125,51765334294,-0.15,73,101283.16629464286,98604.33177083333,99772.41015625,3089.174423444304,105950.7590031386,93594.0613093614
2024-12-22,95104.9375,97360.265625,94202.1875,97218.3203125,43147981314,0.0,73,99969.77232142857,98474.57421875,99734.391796875,3143.982503723754,106022.35680432251,93446.4267894275
2024-12-23,94686.2421875,96416.2109375,92403.1328125,95099.390625,65239002919,0.0,70,98349.27566964286,98371.53958333333,99668.595703125,3238.547447212135,106145.69059754927,93191.50080870073
2024-12-24,98676.09375,99404.0625,93448.015625,94684.34375,47114953674,0.0,73,97282.91741071429,98393.61536458334,99663.973828125,3239.9652261100773,106143.90428034516,93184.04337590485
2024-12-25,99299.1953125,99478.75,97593.46875,98675.9140625,33700394629,0.0,73,97176.86830357143,98600.17864583334,99799.255078125,3160.5278035756164,106120.31068527623,93478.19947097378
2024-12-26,95795.515625,99884.5703125,95137.8828125,99297.6953125,47054980873,0.0,79,96934.66294642857,98727.18515625,99592.9953125,3284.365677848341,106161.72666819669,93024.26395680332
2024-12-27,94164.859375,97294.84375,93310.7421875,95704.9765625,52419934565,0.0,74,96421.65290178571,98667.26276041666,99305.071484375,3499.2603159897026,106303.59211635441,92306.5508523956
2024-12-28,95163.9296875,95525.8984375,94014.2890625,94160.1875,24107436185,0.0,72,96127.25334821429,98650.978125,99001.4671875,3585.26686335634,106172.00091421268,91830.93346078733
2024-12-29,93530.2265625,95174.875,92881.7890625,95174.0546875,29635885267,-0.3,73,95902.29464285714,98519.93489583333,98806.342578125,3776.246125459824,106358.83482904464,91253.85032720535
2024-12-30,92643.2109375,94903.3203125,91317.1328125,93527.1953125,56188003691,-0.3,65,95610.43303571429,98393.0734375,98604.731640625,3997.1774493536477,106599.0865393323,90610.3767419177
2024-12-31,93429.203125,96090.6015625,91914.03125,92643.25,43625106843,0.0,64,94860.87723214286,98264.72057291666,98217.540234375,4108.8012882608145,106435.14281089664,89999.93765785337
2025-01-01,94419.7578125,94929.8671875,92788.125,93425.1015625,24519888919,-0.15,66,94163.81473214286,98216.53567708333,97936.378125,4169.264215251039,106274.90655550208,89597.84969449793
2025-01-02,96886.875,97739.8203125,94201.5703125,94416.2890625,46009564411,0.0625,70,94319.72321428571,98246.02604166667,97707.758984375,4090.5408156306644,105888.84061563633,89526.67735311367
2025-01-03,98107.4296875,98956.9140625,96034.6171875,96881.7265625,35611391163,0.0,74,94882.94754464286,98223.98932291666,97544.48203125,4000.7285250967625,105545.93908144352,89543.02498105647
2025-01-04,98236.2265625,98734.4296875,97562.9765625,98106.9921875,22342608078,-0.3,73,95321.84709821429,98278.74453125,97241.35859375,3678.759680707617,104598.87795516524,89883.83923233477
2025-01-05,98314.9609375,98813.3046875,97291.765625,98233.90625,20525254825,0.0,72,96005.38058035714,98225.21953125,96855.620703125,3061.4208631980996,102978.4624295212,90732.77897672879
2025-01-06,102078.0859375,102482.875,97926.1484375,98314.953125,51823432705,0.0,76,97353.21986607143,98297.04453125,96652.494921875,2495.382348469339,101643.25961881368,91661.73022493631
2025-01-07,96922.703125,102712.484375,96132.875,102248.8515625,58685738547,0.0,78,97852.29129464286,98153.26744791666,96496.553125,2366.573846431681,101229.70081786337,91763.40543213664
2025-01-08,95043.5234375,97258.3203125,92525.84375,96924.1640625,63875859171,0.0625,70,97941.40066964286,98073.62760416667,96374.181640625,2375.707450874461,101125.59654237393,91622.76673887607
2025-01-09,92484.0390625,95349.71875,91220.84375,95043.484375,62777261693,0.16818181818181818,69,97312.42410714286,97933.91458333333,96110.587109375,2503.3669119982856,101117.32093337158,91103.85328537843
2025-01-10,94701.453125,95770.609375,92250.09375,92494.4921875,62058693684,-0.15,50,96825.85602678571,97718.1953125,95984.4234375,2507.8411605933766,101000.10575868675,90968.74111631323
2025-01-11,94566.59375,94977.6875,93840.046875,94700.8359375,18860894100,0.0,69,96301.62276785714,97535.6484375,95957.50625,2520.6341438676677,100998.77453773534,90916.23796226467
2025-01-12,94488.4375,95367.5390625,93712.5078125,94565.7265625,20885130965,-0.15,62,95754.9765625,97303.28776041667,95947.616015625,2526.2665150719426,101000.14904576888,90895.08298548112
2025-01-13,94516.5234375,95837.0,89260.1015625,94488.890625,72978998252,0.16818181818181818,61,94674.75334821429,97074.73958333333,95739.6375,2460.175021151461,100659.98754230292,90819.28745769708
2025-01-14,96534.046875,97352.6640625,94322.15625,94519.0078125,53769675818,-0.3,63,94619.23102678571,96815.91796875,95601.380078125,2323.507938891472,100248.39595590795,90954.36420034205
2025-01-15,100504.4921875,100697.234375,96501.640625,96534.046875,57805923627,0.0,70,95399.36941964286,96631.74375,95836.82890625,2569.7551637724923,100976.33923379498,90697.31857870502
2025-01-16,99756.90625,100781.5859375,97364.4453125,100505.296875,54103781805,0.13636363636363635,75,96438.35044642857,96418.95390625,96116.43125,2680.1135609081925,101476.65837181637,90756.20412818361
2025-01-17,104462.0390625,105884.2265625,99948.90625,100025.765625,71888972663,0.0,75,97832.71986607143,96566.30390625,96581.33671875,3251.6905232747213,103084.71776529944,90077.95567220055
2025-01-18,104408.0703125,104913.203125,102226.6171875,104124.953125,50445655726,0.0,77,99238.64508928571,96796.87447916667,97125.22890625,3605.02898195102,104335.28687015205,89915.17094234796
2025-01-19,101089.609375,106299.796875,99570.53125,104411.2890625,76789928525,0.0,77,100181.66964285714,96907.99713541666,97547.548828125,3546.600969898296,104640.75076792159,90454.34688832841
2025-01-20,102016.6640625,109114.8828125,99471.359375,101083.75,126279678351,0.0,76,101253.11830357143,97067.72838541666,97976.921875,3541.5888921128585,105060.09965922571,90893.74409077429
2025-01-21,106146.265625,107180.921875,100103.953125,102052.578125,88733878242,0.0,76,102626.29241071429,97435.77265625,98563.247265625,3876.5380485706087,106316.32336276623,90810.17116848378
2025-01-22,103653.0703125,106294.34375,103360.265625,106136.3828125,53878181052,0.0,84,103076.08928571429,97734.66692708334,98901.55703125,4015.302324093185,106932.16167943638,90870.95238306363
2025-01-23,103960.171875,106820.328125,101257.8046875,103657.671875,104104515428,-0.3,75,103676.55580357143,97910.80286458334,99194.194140625,4164.869484700149,107523.93311002529,90864.4551712247
2025-01-24,104819.484375,107098.546875,102772.125,103965.671875,52388229265,0.0,75,103727.61941964286,98094.8125,99523.35703125,4341.572858551236,108206.50274835246,90840.21131414753
2025-01-25,104714.6484375,105243.7890625,104120.375,104824.03125,23888996502,0.0,75,103771.41629464286,98392.11692708333,99843.34140625,4481.407956484432,108806.15731921885,90880.52549328114
2025-01-26,102682.5,105438.6484375,102507.7109375,104713.2109375,22543395879,0.13636363636363635,73,103998.97209821429,98676.03828125,99873.562109375,4499.273630025201,108872.1093694254,90875.0148493246
2025-01-27,102087.6875,103214.109375,97795.9375,102680.3046875,89006608428,0.16818181818181818,71,104009.11830357143,98906.83020833334,100131.811328125,4469.1146543394825,109070.04063680395,91193.58201944604
2025-01-28,101332.4765625,103730.8203125,100238.1875,102095.4140625,47180685494,0.0,72,103321.43415178571,99166.90520833334,100446.258984375,4310.69726229344,109067.65350896188,91824.86445978812
2025-01-29,103703.2109375,104750.8046875,101283.8203125,101317.5234375,47432049818,0.0,72,103328.59709821429,99535.571875,101007.217578125,3933.509253622612,108874.23608537023,93140.19907087977
2025-01-30,104735.3046875,106418.765625,103321.6484375,103709.3359375,41915744521,0.16818181818181818,70,103439.33035714286,99912.44192708333,101508.91015625,3721.060016038423,108951.03018832684,94066.79012417316
2025-01-31,102405.0234375,106026.3515625,101543.8828125,104737.5625,45732764360,0.0,76,103094.40736607143,100178.61744791667,101900.831640625,3345.1825388498078,108591.19671832462,95210.46656292537
2025-02-01,100655.90625,102755.7265625,100297.7109375,102402.796875,27757944848,0.0,68,102514.58705357143,100304.25182291666,102209.205078125,2877.4901978837693,107964.18547389253,96454.22468235747
2025-02-02,97688.9765625,101430.6640625,96216.078125,100661.5390625,63091816853,0.0625,60,101801.2265625,100290.30338541667,102367.827734375,2492.8417414180817,107353.51121721115,97382.14425153883
2025-02-03,101405.421875,102514.171875,91242.890625,97681.1015625,115400897748,0.0625,44,101703.76004464286,100395.94322916666,102611.396484375,2099.845235033786,106811.08695444257,98411.70601430743
2025-02-04,97871.8203125,101745.6171875,96208.109375,101398.71875,73002130211,0.0,72,101209.38058035714,100381.171875,102479.762890625,2310.794335100655,107101.35156082631,97858.1742204237
2025-02-05,96615.4453125,99113.2109375,96174.828125,97878.0078125,49125911241,0.16818181818181818,54,100196.84263392857,100199.08385416666,102322.68984375,2594.918843210718,107512.52753017144,97132.85215732857
2025-02-06,96593.296875,99168.609375,95707.3515625,96610.640625,45302471947,0.13636363636363635,49,99033.69866071429,100188.10364583334,101929.252734375,2838.5665932694424,107606.38592091388,96252.11954783612
2025-02-07,96529.0859375,100154.140625,95653.8828125,96581.3203125,55741290456,0.13636363636363635,44,98194.27901785714,100237.62239583333,101535.303515625,3017.5372573765508,107570.3780303781,95500.2290008719
2025-02-08,96482.453125,96877.8046875,95702.4921875,96533.2578125,22447526395,0.0,44,97598.07142857143,100370.90286458333,101304.945703125,3222.261793579757,107749.46929028453,94860.42211596548
2025-02-09,96500.09375,97325.28125,94745.2578125,96481.3125,27732901800,0.0,46,97428.23102678571,100430.85755208334,101029.1171875,3389.88341771787,107808.88402293574,94249.35035206426
2025-02-10,97437.5546875,98333.21875,95320.84375,96499.4609375,40078962391,0.0,43,96861.39285714286,100526.55625,100593.681640625,3254.607364782271,107102.89637018954,94084.46691106046
2025-02-11,95747.4296875,98492.8984375,94875.0390625,97438.1328125,37488783272,0.0,47,96557.90848214286,100568.52265625,100198.399609375,3342.3774562584854,106883.15452189198,93513.64469685803
2025-02-12,97885.859375,98151.0234375,94101.203125,95745.6953125,49340445530,0.0,46,96739.39620535714,100680.83385416666,99894.683984375,3257.463513402232,106409.61101117947,93379.75695757054
2025-02-13,96623.8671875,98111.0859375,95269.7109375,97888.75,37147280860,0.0,50,96743.76339285714,100683.82786458333,99484.903125,3117.830545164103,105720.56421532821,93249.24203467178
2025-02-14,97508.96875,98819.46875,96342.8046875,96623.3671875,32697987277,0.0,48,96883.74665178571,100583.97708333333,99124.619140625,2889.67734942262,104903.97383947024,93345.26444177976
2025-02-15,97580.3515625,97975.0390625,97240.1953125,97508.3828125,17047266288,0.0,50,97040.58928571429,100511.42526041667,98869.51171875,2782.266386854467,104434.04449245894,93304.97894504106
2025-02-16,96175.03125,97725.59375,96060.9765625,97580.4921875,16536755396,0.0,54,96994.15178571429,100235.19166666667,98573.87890625,2736.0624140878704,104046.00373442574,93101.75407807426
2025-02-17,95773.3828125,97032.234375,95243.546875,96179.0078125,27336550690,0.0,51,96756.41294642857,99947.36875,98295.92421875,2723.4116985664136,103742.74761588284,92849.10082161718
2025-02-18,95539.546875,96695.375,93388.8359375,95773.8125,37325720482,0.0,47,96726.71540178571,99762.36666666667,97887.741015625,2470.340378997242,102828.42177361948,92947.06025763051
2025-02-19,96635.609375,96855.59375,95011.96875,95532.53125,28990872862,-0.15,44,96548.10825892857,99582.99817708334,97482.75625,1882.7122424742533,101248.18073494852,93717.3317650515
2025-02-20,98333.9375,98767.1953125,96442.671875,96632.6796875,31668022771,0.0,49,96792.40401785714,99322.58723958333,97279.201953125,1504.635129594254,100288.4722123135,94269.9316939365
2025-02-21,96125.546875,99497.96875,94852.9609375,98340.671875,49608706470,0.13636363636363635,55,96594.77232142857,99071.66979166666,97052.683984375,1296.0911054395417,99644.86619525409,94460.50177349593
2025-02-22,96577.7578125,96950.15625,95765.34375,96134.203125,18353824477,0.0,49,96451.54464285714,98825.58932291667,96997.123046875,1291.1874825468492,99579.4980119687,94414.7480817813
2025-02-23,96273.921875,96671.875,95270.453125,96577.8046875,16999478976,0.0,50,96465.671875,98540.73723958334,96740.548046875,776.2746377505817,98293.09732237617,95187.99877137384
2025-02-24,91418.171875,96503.453125,91371.7421875,96277.9609375,44046480529,0.0,49,95843.49888392857,98097.52135416666,96417.865625,1384.4032767207866,99186.67217844159,93649.05907155843
2025-02-25,88736.171875,92511.078125,86008.234375,91437.1171875,92139104128,0.0,25,94871.58816964286,97632.64375,96023.901953125,2203.8257388846882,100431.55343089438,91616.25047535561
2025-02-26,84347.0234375,89286.25,82131.8984375,88638.890625,64597492134,0.0,21,93116.07589285714,97041.28828125,95411.58828125,3409.019233062032,102229.62674737407,88593.54981512594
2025-02-27,84704.2265625,87000.78125,83144.9609375,84076.859375,52659591954,0.0,10,91168.97433035714,96487.01328125,94820.3453125,4149.916039092673,103120.17739068533,86520.51323431465
2025-02-28,84373.0078125,85036.3203125,78248.9140625,84705.625,83610570576,0.0,16,89490.04017857143,95842.67317708333,94214.873046875,4736.568737346556,103688.01052156811,84741.73557218189
2025-03-01,86031.9140625,86522.3046875,83794.234375,84373.8671875,29190628396,0.0,20,87983.49107142857,95219.22682291667,93691.4640625,5039.455011512185,103770.37408552437,83612.55403947564
2025-03-02,94248.3515625,95043.4375,85040.2109375,86036.2578125,58398341092,0.0,26,87694.12388392857,94947.33776041666,93532.00390625,4964.581963301158,103461.16783285231,83602.83997964769
2025-03-03,86065.671875,94429.75,85081.3046875,94248.421875,70072228536,0.0,33,86929.48102678571,94460.99661458333,93047.916015625,5203.468419328423,103454.85285428184,82640.97917696816
2025-03-04,87222.1953125,88911.2734375,81529.2421875,86064.0703125,68095241474,0.0,15,86713.19866071429,94112.10390625,92514.7328125,5227.927170134719,102970.58715276944,82058.87847223057
2025-03-05,90623.5625,90998.2421875,86379.7734375,87222.953125,50498988027,0.0,20,87609.84709821429,93752.70859375,92214.717578125,5151.313498569574,102517.34457526414,81912.09058098585
2025-03-06,89961.7265625,92804.9375,87852.140625,90622.359375,47749810486,0.0,25,88360.91852678571,93489.03880208333,91837.35546875,5017.775845427229,101872.90715960445,81801.80377789555
2025-03-07,86742.671875,91191.046875,84717.6796875,89963.28125,65945677657,0.0,34,88699.44196428571,93159.94635416666,91295.471484375,4949.664773344503,101194.80103106401,81396.14193768598
2025-03-08,86154.59375,86847.265625,85247.484375,86742.65625,18206118081,0.0,28,88716.96763392857,92811.98958333333,90794.449609375,4936.877918120977,100668.20544561696,80920.69377313305
2025-03-09,80601.0390625,86471.1328125,80052.484375,86154.3046875,30899345977,0.0,27,86767.3515625,92281.0546875,90035.832421875,5284.975476628536,100605.78337513207,79465.88146861794
2025-03-10,78532.0,83955.9296875,77420.59375,80597.1484375,54061099422,0.0,20,85691.11272321429,91682.70625,89185.455078125,5704.443351488643,100594.34178110228,77776.56837514772
2025-03-11,82862.2109375,83577.7578125,76624.25,78523.875,54702837196,0.0,24,85068.2578125,91228.11015625,88496.78515625,5587.89150162778,99672.56815950556,77321.00215299444
2025-03-12,83722.359375,84358.578125,80635.25,82857.375,40353484454,0.0,34,84082.37165178571,90770.93697916667,87766.20625,5173.905995660424,98114.01824132085,77418.39425867915
2025-03-13,81066.703125,84301.6953125,79931.8515625,83724.921875,31412940153,0.0625,45,82811.65401785714,90281.57942708333,87013.2640625,4985.679964550326,96984.62399160066,77041.90413339935
2025-03-14,83969.1015625,85263.2890625,80797.5625,81066.9921875,29588112414,0.13636363636363635,27,82415.4296875,89817.6875,86382.83125,4484.602684276254,95352.0366185525,77413.6258814475
2025-03-15,84343.109375,84672.671875,83639.59375,83968.40625,13650491277,0.0,46,82156.64620535714,89408.32890625,85786.290625,3847.9737710454574,93482.23816709091,78090.34308290908
2025-03-16,82579.6875,85051.6015625,82017.90625,84333.3203125,21330270174,-0.3,30,82439.31026785714,88910.68619791667,85344.36640625,3670.5758733275047,92685.51815290502,78003.21465959499
2025-03-17,84075.6875,84725.328125,82492.15625,82576.3359375,25092785558,-0.15,32,83231.265625,88460.53072916667,85111.3421875,3590.9873564835266,92293.31690046706,77929.36747453295
2025-03-18,82718.5,84075.71875,81179.9921875,84075.71875,24095774594,0.0,34,83210.73549107143,88011.9796875,85029.916015625,3627.508350655414,92284.93271693583,77774.89931431417
2025-03-19,86854.2265625,87021.1875,82569.7265625,82718.8046875,34931960257,0.16818181818181818,32,83658.14508928571,87714.67447916667,85137.416015625,3649.14142893469,92435.69887349437,77839.13315775563
2025-03-20,84167.1953125,87443.265625,83647.1953125,86872.953125,29028988961,0.0,49,84101.07254464286,87335.59609375,85127.125390625,3651.6998246057847,92430.52503983658,77823.72574141344
2025-03-21,84043.2421875,84782.2734375,83171.0703125,84164.5390625,19030452299,0.0,31,84111.6640625,86915.85052083334,85027.691796875,3652.8412880461256,92333.37437296726,77722.00922078275
2025-03-22,83832.484375,84513.875,83674.78125,84046.2578125,9863214091,0.0,32,84038.71763392857,86432.46875,84506.8984375,2942.476399243041,90391.85123598608,78621.94563901392
2025-03-23,86054.375,86094.78125,83794.9140625,83831.8984375,12594615537,0.0,30,84535.1015625,86096.76302083333,84506.33359375,2942.1624927665707,90390.65857928313,78622.00860821686
2025-03-24,87498.9140625,88758.7265625,85541.1953125,86070.9296875,34582604933,0.0,45,85024.13392857143,85794.13489583334,84520.16953125,2956.2234698152856,90432.61647088056,78607.72259161943
2025-03-25,87471.703125,88542.3984375,86346.078125,87512.8203125,30005840049,0.16818181818181818,46,85703.16294642857,85500.72760416666,84362.5765625,2685.3336636186455,89733.24388973729,78991.90923526272
2025-03-26,86900.8828125,88292.15625,85861.453125,87460.234375,26704046038,0.0,47,85709.828125,85350.15130208334,84209.534375,2423.9311316374274,89057.39663827486,79361.67211172514
2025-03-27,87177.1015625,87786.7265625,85837.9375,86896.2578125,24413471941,0.0,40,86139.81473214286,85298.18229166667,84231.255859375,2449.6362076659484,89130.5282747069,79331.9834440431
2025-03-28,84353.1484375,87489.859375,83557.640625,87185.234375,34198619509,0.0,44,86184.08705357143,85298.38645833333,84141.18359375,2407.958322189634,88957.10023812926,79325.26694937074
2025-03-29,82597.5859375,84567.3359375,81634.140625,84352.0703125,16969396135,0.13636363636363635,26,86007.67299107143,85228.16510416666,84241.0109375,2292.0659813879415,88825.14290027588,79656.87897472412
2025-03-30,82334.5234375,83505.0,81573.25,82596.984375,14763760943,0.0,32,85476.265625,85160.215625,84431.137109375,1921.3029060099857,88273.74292139498,80588.53129735503
2025-03-31,82548.9140625,83870.125,81293.890625,82336.0625,29004228247,0.0,34,84769.12276785714,85044.115625,84415.472265625,1935.9890549250854,88287.45037547516,80543.49415577482
2025-04-01,85169.171875,85487.3671875,82429.359375,82551.921875,28175650319,0.16818181818181818,34,84440.18973214286,84741.47630208333,84487.812890625,1935.7578836278258,88359.32865788066,80616.29712336935
2025-04-02,82485.7109375,88466.953125,82343.5390625,85180.609375,47584398470,-0.15,44,83809.45089285714,84622.14427083333,84558.76328125,1826.698980476064,88212.16124220213,80905.36532029786
2025-04-03,83102.828125,83909.296875,81282.1015625,82487.4765625,36852112080,0.0,25,83227.41183035714,84484.83203125,84515.449609375,1851.5182801575406,88218.48616969009,80812.41304905992
2025-04-04,83843.8046875,84696.1484375,81670.75,83100.25,45157640207,0.0,28,83154.6484375,84258.84010416667,84490.484375,1857.3214921598835,88205.12735931977,80775.84139068023
2025-04-05,83504.796875,84207.015625,82377.734375,83844.703125,14380803631,0.0,30,83284.25,84043.60911458333,84536.73984375,1818.340237427385,88173.42031860477,80900.05936889522
2025-04-06,78214.484375,83704.71875,77097.7421875,83504.5078125,36294853736,0.0,34,82695.67299107143,83759.33619791667,84243.6796875,2304.018491870452,88851.71667124091,79635.64270375909
2025-04-07,79235.3359375,81119.0625,74436.6796875,78221.3359375,91262424987,0.0,23,82222.3046875,83528.69427083334,84069.521484375,2544.4701180509073,89158.46172047681,78980.58124827319
2025-04-08,76271.953125,80823.890625,76198.0234375,79218.4765625,48314590749,0.0,24,80951.2734375,83384.39140625,83540.4078125,2995.263803891217,89530.93542028243,77549.88020471756
2025-04-09,82573.953125,83541.0,74589.671875,76273.5625,84213627038,0.0,18,80963.87946428571,83519.12317708334,83460.745703125,2998.9011224512665,89458.54794802752,77462.94345822246
2025-04-10,79626.140625,82700.9296875,78456.1328125,82565.9765625,44718000633,0.0625,39,80467.20982142857,83411.25416666667,83239.890625,3114.178995825309,89468.24861665061,77011.53263334939
2025-04-11,83404.8359375,84247.4765625,78936.3203125,79625.046875,41656778779,0.0,25,80404.5,83400.67005208334,83218.508203125,3111.362884543845,89441.23397221269,76995.78243403732
2025-04-12,85287.109375,85856.1875,82769.375,83404.515625,24258059104,0.0625,43,80659.11607142857,83541.35026041667,83180.144921875,3079.119290339898,89338.3835025548,77021.90634119521
2025-04-13,83684.9765625,86015.1875,83027.0078125,85279.46875,28796984817,0.0,45,81440.61495535714,83531.87942708333,82989.448046875,2911.0887691123453,88811.62558509968,77167.27050865031
2025-04-14,84542.390625,85785.0,83690.640625,83694.5234375,34090769777,-0.15,31,82198.765625,83538.52213541667,82842.982421875,2742.5141662622395,88328.01075439948,77357.95408935052
2025-04-15,83668.9921875,86429.3515625,83598.8203125,84539.6953125,28040322885,0.0,38,83255.48549107143,83574.83229166667,82681.387890625,2581.3070515464783,87844.00199371796,77518.77378753205
2025-04-16,84033.8671875,85428.28125,83100.6171875,83674.5078125,29617804112,0.0,29,83464.04464285714,83573.43828125,82524.226171875,2381.104769076861,87286.43571002872,77762.01663372127
2025-04-17,84895.75,85449.0703125,83749.75,84030.671875,21276866029,0.0,30,84216.84598214286,83646.01328125,82551.35625,2406.0011188689614,87363.35848773792,77739.35401226208
2025-04-18,84450.8046875,85095.046875,84298.8828125,84900.1875,12728372364,0.0,33,84366.27008928571,83565.89921875,82644.0171875,2443.2725303309066,87530.5622481618,77757.47212683818
2025-04-19,85063.4140625,85597.703125,84353.4609375,84450.8671875,15259300427,0.0,32,84334.31361607143,83595.77317708333,82780.46171875,2500.603981222726,87781.66968119545,77779.25375630455
2025-04-20,85174.3046875,85306.3828125,83976.84375,85066.0703125,14664050812,0.0,37,84547.07477678571,83633.47526041667,82911.73125,2556.1033377559884,88023.93792551197,77799.52457448802
2025-04-21,87518.90625,88460.09375,85143.8359375,85171.5390625,41396190190,0.0,39,84972.29129464286,83756.35598958333,83029.21796875,2714.4213487847524,88458.0606663195,77600.3752711805
2025-04-22,93441.890625,93817.3828125,87084.53125,87521.875,55899038456,-0.3,47,86368.41964285714,84002.60651041666,83577.026953125,3569.7562956917563,90716.5395445085,76437.51436174149
2025-04-23,93699.109375,94535.734375,91962.9609375,93427.5859375,41719568821,0.0,72,87749.16852678571,84209.2796875,84106.841015625,4222.356970948103,92551.5549575212,75662.1270737288
2025-04-24,93943.796875,94016.1953125,91696.7109375,93692.3984375,31483175315,0.16818181818181818,63,89041.74665178571,84425.01614583333,84611.840625,4759.11142619671,94130.06347739341,75093.61777260658
2025-04-25,94720.5,95768.390625,92898.59375,93954.25,40915232364,0.0,60,90508.84598214286,84685.67005208334,85172.62578125,5256.592544696003,95685.810870642,74659.44069185799
2025-04-26,94646.9296875,95251.359375,93927.25,94714.6484375,17612825123,0.13636363636363635,65,91877.91964285714,84934.66432291667,85994.248046875,5394.192677360551,96782.6334015961,75205.8626921539
2025-04-27,93754.84375,95301.203125,93665.3984375,94660.90625,18090367764,0.0,61,93103.7109375,85248.05416666667,86720.2234375,5413.686970023075,97547.59737754615,75892.84949745385
2025-04-28,94978.75,95598.4921875,92860.8046875,93755.3046875,32363449569,0.0,54,94169.40290178571,85660.75963541666,87655.56328125,5121.635334913602,97898.8339510772,77412.29261142279
2025-04-29,94284.7890625,95485.4140625,93796.6328125,94981.859375,25806129921,0.0,60,94289.81696428571,86059.10182291667,88241.105078125,5179.201880872381,98599.50883986976,77882.70131638023
2025-04-30,94207.3125,95249.3203125,92979.640625,94286.46875,28344679831,0.0,56,94362.41741071429,86447.71510416667,88970.163671875,4922.590247461297,98815.34416679759,79124.9831769524
2025-05-01,96492.3359375,97437.9609375,94153.6328125,94212.859375,32875889623,-0.15,53,94726.49441964286,86825.15390625,89624.538671875,5012.889019600808,99650.31671107661,79598.76063267338
2025-05-02,96910.0703125,97905.8984375,96375.9453125,96494.96875,26421924677,0.16818181818181818,67,95039.29017857143,87305.96588541666,90205.68671875,5155.288993212783,100516.26470517556,79895.10873232444
2025-05-03,95891.796875,96943.8828125,95821.2890625,96904.6328125,15775154889,0.0,65,95217.12834821429,87732.26484375,90816.027734375,5064.452753350027,100944.93324107506,80687.12222767495
2025-05-04,94315.9765625,96318.921875,94173.4296875,95877.1875,18198688416,0.0,64,95297.29017857143,88081.33723958333,91304.70703125,4895.969998203454,101096.6470276569,81512.7670348431
2025-05-05,94748.0546875,95193.1875,93566.265625,94319.5625,25816260327,0.0,52,95264.33370535714,88456.1125,91858.66015625,4604.660927317067,101067.98201088414,82649.33830161586
2025-05-06,96802.4765625,96889.1796875,93399.859375,94748.3828125,26551275827,0.13636363636363635,59,95624.00334821429,89075.71223958333,92497.090625,4340.247441660602,101177.58550832121,83816.59574167879
2025-05-07,97032.3203125,97625.8046875,95829.3359375,96800.1953125,76983822462,-0.15,67,96027.57589285714,89668.94505208333,93103.919140625,4060.9845922774193,101225.88832517984,84981.94995607017
2025-05-08,103241.4609375,103969.5390625,96913.875,97034.25,69895404397,-0.3,65,96991.73660714286,90567.92864583334,94043.451953125,4126.801024017445,102297.0540011599,85789.8499050901
2025-05-09,102970.8515625,104297.4921875,102343.09375,103239.125,58198593958,0.0,73,97857.5625,91247.82526041666,94938.823828125,4017.0872828481192,102972.99839382124,86904.64926242875
2025-05-10,104696.328125,104961.765625,102830.484375,102973.7109375,42276713994,0.0,70,99115.35267857143,92083.49817708334,95914.925,3889.326830020068,103693.57866004013,88136.27133995987
2025-05-11,104106.359375,104937.9921875,103364.7421875,104701.0703125,46285517406,0.0,70,100513.97879464286,92773.54895833334,96744.29765625,3771.497586359804,104287.2928289696,89201.3024835304
2025-05-12,102812.953125,105747.453125,100814.40625,104106.9609375,63250475404,0.0,70,101666.10714285714,93357.74375,97212.85078125,3918.858139371397,105050.5670599928,89375.13450250721
2025-05-13,104169.8125,104997.421875,101515.09375,102812.4921875,52608876410,-0.15,70,102718.58370535714,94040.57161458333,97736.3859375,4119.035973721295,105974.45788494259,89498.31399005742
2025-05-14,103539.4140625,104303.5625,102618.296875,104167.328125,45956071155,0.0625,73,103648.16852678571,94673.80572916666,98216.166796875,4211.827331052932,106639.82145898086,89792.51213476913
2025-05-15,103744.640625,104153.6171875,101440.8125,103538.828125,50408241840,0.0,70,103720.05133928571,95342.99401041666,98667.373828125,4300.078828396076,107267.53148491716,90067.21617133284
2025-05-16,103489.2890625,104533.484375,103137.4765625,103735.65625,44386499364,0.0,71,103794.11383928571,95991.50807291667,99109.491796875,4319.4810248196345,107748.45384651427,90470.52974723572
2025-05-17,103191.0859375,103716.9453125,102659.1796875,103489.2890625,37898552742,0.0,74,103579.07924107143,96601.35260416666,99581.30390625,4217.978012991928,108017.25993223386,91145.34788026614
2025-05-18,106446.0078125,106597.171875,103142.6015625,103186.953125,49887082058,0.16818181818181818,74,103913.31473214286,97334.52604166667,100154.666796875,4337.117579181211,108828.90195523742,91480.43163851257
2025-05-19,105606.1796875,107068.71875,102112.6875,106430.53125,61761126647,0.0,74,104312.34709821429,98019.28489583333,100720.736328125,4268.957859472918,109258.65204707083,92182.82060917917
2025-05-20,106791.0859375,107307.1171875,104206.515625,105605.40625,36515726122,0.0,71,104686.81473214286,98739.84427083333,101349.925,4184.953685413661,109719.83237082732,92980.01762917268
2025-05-21,109678.078125,110724.4609375,106127.234375,106791.3125,78086364051,-0.15,70,105563.76674107143,99478.48333333334,102009.212109375,4411.895897240447,110833.00390385589,93185.42031489412
2025-05-22,111673.28125,111970.171875,109285.0703125,109673.4921875,70157575642,0.0,72,106696.4296875,100086.19635416666,102747.37265625,4736.904653243836,112221.18196273767,93273.56334976232
2025-05-23,107287.796875,111798.90625,106841.3046875,111679.359375,67548133399,0.13636363636363635,78,107239.07366071429,100539.15260416667,103317.17265625,4550.593600251147,112418.35985675229,94215.98545574771
2025-05-24,107791.15625,109454.5234375,106895.2890625,107278.5078125,45903627163,0.0,66,107896.2265625,101000.73125,103990.931640625,4125.441698053731,112241.81503673246,95740.04824451754
2025-05-25,109035.390625,109313.3046875,106683.375,107802.2734375,47518041841,0.13636363636363635,74,108266.13839285714,101477.89427083333,104705.2984375,3650.346115829292,112005.99066915858,97404.60620584141
2025-05-26,109440.3671875,110376.8828125,108735.640625,109023.78125,45950461571,0.16818181818181818,73,108813.87946428571,101971.00885416666,105337.19296875,3285.982806185782,111909.15858112156,98765.22735637843
2025-05-27,108994.640625,110744.2109375,107609.5546875,109440.40625,57450176272,0.0,74,109128.67299107143,102479.00208333334,105935.308984375,2737.720288730048,111410.74956183511,100459.8684069149
2025-05-28,107802.328125,109298.2890625,106812.9296875,108992.171875,49155377493,0.0,71,108860.70870535714,102906.4546875,106163.35234375,2691.076901479612,111545.50614670922,100781.19854079078
2025-05-29,105641.7578125,108910.046875,105374.3984375,107795.5703125,56022752042,0.0,74,107999.0625,103285.0203125,106296.89765625,2588.6321882089564,111474.16203266791,101119.6332798321
2025-05-30,103998.5703125,106308.9453125,103685.7890625,105646.2109375,57655287183,-0.3,60,107529.17299107143,103611.39557291666,106262.009765625,2615.8973298621263,111493.80442534926,101030.21510590074
2025-05-31,104638.09375,104927.1015625,103136.1171875,103994.71875,38997843858,0.0,50,107078.73549107143,103882.92083333334,106288.596484375,2595.4575249658983,111479.51153430679,101097.6814344432
2025-06-01,105652.1015625,105884.546875,103826.953125,104637.296875,37397056873,0.0,56,106595.40848214286,104174.321875,106430.55390625,2469.962564660241,111370.47903557049,101490.62877692952
2025-06-02,105881.53125,105958.3125,103727.546875,105649.8125,45819706290,0.0,64,106087.00334821429,104507.31302083333,106516.13984375,2416.582639997672,111349.30512374535,101682.97456375466
2025-06-03,105432.46875,106813.578125,104920.84375,105888.4765625,46196508367,0.0,64,105578.12165178571,104877.86276041667,106610.792578125,2329.3530310616034,111269.4986402482,101952.08651600179
2025-06-04,104731.984375,105997.6953125,104232.703125,105434.3671875,44544857105,0.16818181818181818,62,105139.50111607143,105210.66041666667,106660.159765625,2275.246385555638,111210.65253673628,102109.66699451371
2025-06-05,101575.953125,105936.6875,100436.8828125,104750.78125,57479298400,0.16818181818181818,57,104558.671875,105369.77630208334,106564.49296875,2449.1660193114553,111462.82500737291,101666.16093012708
2025-06-06,104390.34375,105376.7734375,101169.5703125,101574.3671875,48856653697,0.0,45,104614.63950892857,105615.04375,106624.455859375,2375.8102050138446,111376.07626940269,101872.8354493473
2025-06-07,105615.625,105972.7578125,103987.3125,104390.6484375,38365033776,0.0,52,104754.28683035714,105694.18255208334,106582.93671875,2386.3253813887122,111355.58748152743,101810.28595597258
2025-06-08,105793.6484375,106497.0625,105075.328125,105617.5078125,36626232328,0.16818181818181818,62,104774.5078125,105788.27578125,106592.31015625,2382.6521286555603,111357.61441356111,101827.00589893888
2025-06-09,110294.1015625,110561.421875,105400.234375,105793.0234375,55903193732,0.0,62,105404.875,105974.86822916666,106767.4609375,2522.6738533618545,111812.80864422371,101722.11323077629
2025-06-10,110257.234375,110380.125,108367.7109375,110295.6875,54700101509,0.16818181818181818,71,106094.12723214286,106179.89739583334,106796.41875,2560.8781303653777,111918.17501073075,101674.66248926925
2025-06-11,108686.625,110384.21875,108086.328125,110261.796875,50842662052,0.0,72,106659.07589285714,106375.68645833334,106647.0859375,2338.9935444538587,111325.07302640771,101969.09884859229
2025-06-12,105929.0546875,108780.6953125,105785.6875,108685.9140625,54843867968,0.0,71,107280.94754464286,106434.32786458333,106579.148828125,2339.136981800178,111257.42279172536,101900.87486452465
2025-06-13,106090.96875,106182.546875,102822.0234375,105924.59375,69550440846,0.0,61,107523.89397321429,106519.3796875,106494.139453125,2323.614476743644,111141.36840661228,101846.91049963771
2025-06-14,105472.40625,106203.7578125,104379.3671875,106108.0859375,38007870453,0.0,63,107503.43415178571,106576.971875,106315.990234375,2254.0692889820393,110824.12881233908,101807.85165641092
2025-06-15,105552.0234375,106157.1015625,104519.8828125,105464.84375,36744307742,0.0,60,107468.91629464286,106645.7296875,106121.573046875,2134.943508394852,110391.46006366471,101851.68603008529
2025-06-16,106796.7578125,108915.375,104997.625,105555.59375,50366626945,0.0,61,106969.29575892857,106765.91875,106011.67890625,2033.4248347514372,110078.52857575288,101944.82923674713
2025-06-17,104601.1171875,107750.1953125,103396.53125,106794.1171875,55964092176,0.0,68,106161.27901785714,106704.42239583333,105851.618359375,2010.9226316291674,109873.46362263334,101829.77309611667
2025-06-18,104883.328125,105581.8515625,103602.265625,104602.0703125,47318089133,0.16818181818181818,52,105617.95089285714,106680.32734375,105813.696875,2022.2078935095788,109858.11266201915,101769.28108798084
2025-06-19,104684.2890625,105250.890625,103940.7734375,104886.7734375,37333806920,0.0625,57,105440.12723214286,106610.10078125,105847.9828125,1995.449264619167,109838.88134173834,101857.08428326168
2025-06-20,103309.6015625,106539.3828125,102372.2109375,104681.03125,50951862476,0.0,54,105042.7890625,106397.81822916666,105781.558203125,2058.945065061698,109899.4483332484,101663.6680730016
2025-06-21,102257.40625,104015.78125,100973.0625,103315.078125,38360555118,-0.15,49,104583.50334821429,106083.95572916667,105611.8234375,2204.929059505381,110021.68155651077,101201.96531848924
2025-06-22,100987.140625,103351.6328125,98286.203125,102212.03125,65536997201,-0.3,42,103931.37723214286,105873.93385416667,105367.10390625,2433.210212479543,110233.52433120909,100500.68348129092
2025-06-23,105577.7734375,106116.859375,99705.75,100987.4765625,65237759656,0.0,47,103757.23660714286,105800.15442708334,105374.369140625,2433.632548488265,110241.63423760152,100507.10404364848
2025-06-24,106045.6328125,106316.828125,104740.2421875,105571.515625,48822986421,0.0,65,103963.59598214286,105700.49583333333,105440.0515625,2433.1096992096427,110306.27096091928,100573.83216408071
2025-06-25,107361.2578125,108168.3984375,105881.390625,106047.40625,51624120283,0.0,66,104317.5859375,105631.1921875,105729.316796875,2289.1819104484102,110307.68061777182,101150.95297597819
2025-06-26,106960.0,108305.546875,106666.3515625,107375.0703125,43891990613,0.0,74,104642.6875,105563.37083333333,105857.799609375,2282.176918131575,110422.15344563815,101293.44577311185
2025-06-27,107088.4296875,107772.46875,106449.9921875,106954.921875,45353692675,0.0,65,105182.52008928571,105539.57421875,105931.43984375,2297.6606225598675,110526.76108886974,101336.11859863027
2025-06-28,107327.703125,107567.8828125,106883.9765625,107090.546875,30037708335,0.13636363636363635,65,105906.84821428571,105595.77239583334,106008.142578125,2318.331306445948,110644.8051910169,101371.4799652331
2025-06-29,108385.5703125,108526.3046875,107230.109375,107327.8203125,35534874438,0.0,68,106963.76674107143,105742.00572916666,105912.716015625,2166.9665254053552,110246.64906643571,101578.7829648143
2025-06-30,107135.3359375,108798.7890625,106759.6484375,108383.4375,42064804590,0.16818181818181818,66,107186.27566964286,105825.24713541666,105756.62109375,1937.8743336590592,109632.36976106811,101880.87242643189
2025-07-01,105698.28125,107550.6796875,105270.2265625,107144.3828125,44110692247,0.16818181818181818,64,107136.65401785714,105826.78645833333,105607.20390625,1811.1315517385829,109229.46700972716,101984.94080277284
2025-07-02,108859.3203125,109763.65625,105157.3984375,105703.1015625,56248657737,0.0,63,107350.66294642857,105926.04609375,105753.7171875,1951.6134056765625,109656.94399885314,101850.49037614687
2025-07-03,109647.9765625,110541.4609375,108605.796875,108845.015625,50494742270,0.0,73,107734.65959821429,106066.56302083333,105931.567578125,2137.214185921398,110205.9959499678,101657.13920628221
2025-07-04,108034.3359375,109751.984375,107296.3828125,109635.65625,42616442656,-0.15,73,107869.7890625,106176.64140625,106059.6640625,2184.4984552081314,110428.66097291626,101690.66715208374
2025-07-05,108231.1796875,108381.34375,107842.2734375,108015.8359375,30615537520,0.13636363636363635,67,107998.85714285714,106398.48229166666,106193.621875,2233.3303396049587,110660.28255420992,101726.96119579008
2025-07-06,109232.0703125,109731.625,107847.015625,108231.1875,36746020463,0.0,66,108119.78571428571,106559.87317708334,106315.3875,2332.148121027263,110979.68374205452,101651.09125794547
2025-07-07,108299.8515625,109710.25,107527.0546875,109235.328125,45415696597,0.0,73,108286.14508928571,106649.34739583333,106500.32421875,2335.703719292313,111171.73165733463,101828.91678016537
2025-07-08,108950.2734375,109198.96875,107499.5546875,108298.2265625,44282204127,0.0,65,108750.71540178571,106754.56822916666,106703.671484375,2364.377051822472,111432.42558801993,101974.91738073005
2025-07-09,111326.5546875,111925.375,108357.6796875,108950.2734375,57927418065,0.0,66,109103.17745535714,106788.98333333334,107035.784765625,2526.7251233752,112089.2350123754,101982.33451887459
2025-07-10,115987.203125,116608.78125,110660.75,111329.1953125,95911605728,-0.3,71,110008.78125,106979.98229166666,107669.66484375,3073.741312311861,113817.14746837372,101522.18221912628
2025-07-11,117516.9921875,118856.4765625,115245.6875,115986.234375,86928361085,0.0,71,111363.44642857143,107274.32786458333,108432.644140625,3520.9477792909624,115474.53969920691,101390.74858204307
2025-07-12,117435.2265625,118219.8984375,116977.0234375,117530.7109375,45524560304,0.0625,79,112678.31026785714,107657.86692708333,109255.0484375,3610.134733864775,116475.31790522955,102034.77896977044
2025-07-13,119116.1171875,119449.5703125,117265.4375,117432.203125,49021091807,0.0,74,114090.31696428571,108092.03854166667,109931.965625,4117.883788577904,118167.73320215581,101696.19804784418
2025-07-14,119849.703125,123091.609375,118959.1953125,119115.7890625,181746419401,0.0,74,115740.29575892857,108571.28177083333,110622.169140625,4564.812139780082,119751.79342018516,101492.54486106485
2025-07-15,117777.1875,119935.5625,115765.6875,119853.8515625,98321661181,0.16818181818181818,73,117001.28348214286,108978.78723958334,111142.965625,4763.064322297586,120669.09426959517,101616.83698040483
2025-07-16,118738.5078125,120065.515625,117064.8203125,117777.1875,72162029070,0.0,70,118060.13392857143,109376.84557291666,111731.891015625,4943.402037677896,121618.6950909808,101845.08694026922
2025-07-17,119289.84375,120999.609375,117508.21875,118738.5078125,72363841798,-0.15,74,118531.93973214286,109866.46979166666,112341.96171875,5090.881640061886,122523.72499887377,102160.19843862622
2025-07-18,118003.2265625,120851.9140625,116925.984375,119284.109375,77945799785,0.0,73,118601.40178571429,110303.79973958334,112875.737890625,5097.126290176272,123069.99047097754,102681.48531027244
2025-07-19,117939.9765625,118541.3984375,117388.4140625,117998.125,47564562765,0.13636363636363635,74,118673.50892857143,110745.65598958333,113353.458203125,5101.876880896418,123557.21196491783,103149.70444133217
2025-07-20,117300.7890625,118865.03125,116550.1328125,117944.109375,57515447231,0.0,72,118414.17633928571,111212.02890625,113861.730859375,4954.016769992461,123769.76439935993,103953.69731939008
2025-07-21,117439.5390625,119671.5625,116584.3984375,117306.46875,69820091744,0.0,71,118069.8671875,111718.1,114448.79375,4620.146421993492,123689.08659398698,105208.50090601301
2025-07-22,119995.4140625,120269.96875,116233.2265625,117426.5,79217583118,0.13636363636363635,72,118386.75669642857,112351.70911458334,115005.5984375,4581.952357000372,124169.50315150074,105841.69372349925
2025-07-23,118754.9609375,120113.3515625,117391.390625,119997.4453125,66608604537,0.0,74,118389.10714285714,112790.94869791667,115460.94765625,4472.71382010852,124406.37529646704,106515.52001603297
2025-07-24,118368.0,119535.453125,117247.96875,118770.984375,72627318560,0.0,71,118257.41517857143,113201.69427083334,115977.630859375,4155.246338100158,124288.12353557532,107667.13818317468
2025-07-25,117635.8828125,118486.9765625,114759.8203125,118368.0,104857024569,0.0,70,118204.9375,113544.18177083334,116447.866015625,3744.2956066804863,123936.45722898596,108959.27480226403
2025-07-26,117947.3671875,118335.6875,117181.2265625,117644.84375,48508954046,0.16818181818181818,72,118205.99330357143,113910.42734375,116883.630859375,3346.3115465757346,123576.25395252647,110191.00776622353
2025-07-27,119448.4921875,119815.59375,117859.6875,117944.7265625,54683390892,0.0,73,118512.80803571429,114322.42942708333,117441.062890625,2709.0574744146415,122859.17783945429,112022.94794179572
2025-07-28,117924.4765625,119819.7890625,117441.4375,119457.5234375,64822943193,-0.3,75,118582.08482142857,114675.65520833334,117889.773046875,1828.9229322252997,121547.6189113256,114231.92718242439
2025-07-29,117922.1484375,119273.8671875,116987.3671875,117938.5859375,68463107433,-0.15,73,118285.90401785714,114993.54114583334,118219.552734375,981.5225239579789,120182.59778229096,116256.50768645904
2025-07-30,117831.1875,118780.7265625,115800.828125,117921.9921875,68896148592,0.0,74,118153.93638392857,115350.06953125,118311.751953125,836.7157504424774,119985.18345400995,116638.32045224005
2025-07-31,115758.203125,118919.984375,115505.21875,117833.6328125,69370346018,-0.15,72,117781.10825892857,115685.40026041666,118223.8125,1000.9488466338745,120225.71019326775,116221.91480673225
2025-08-01,113320.0859375,116060.7734375,112724.4453125,115738.953125,91294530181,-0.3,65,117164.56584821429,115834.09244791667,118018.05546875,1479.9363531610666,120977.92817507213,115058.18276242787
2025-08-02,112526.9140625,114021.6015625,112005.765625,113320.390625,56870866000,-0.3,55,116390.21540178571,115930.05703125,117688.5953125,1897.228381403706,121483.05207530741,113894.13854969258
2025-08-03,114217.671875,114747.421875,111943.8046875,112525.8046875,48099615826,0.0,53,115642.95535714286,116136.16822916667,117406.99375,1975.9204227605378,121358.83459552107,113455.15290447892
2025-08-04,115071.8828125,115729.46875,114130.40625,114223.921875,35783028986,0.0,64,115235.44196428571,116364.19166666667,117271.728515625,2040.778164661766,121353.28484494853,113190.17218630147
2025-08-05,114141.4453125,115117.4375,112701.109375,115072.1875,61039182286,0.0,60,114695.34151785714,116527.8375,117041.875390625,2124.0640920356054,121290.00357469622,112793.74720655379
2025-08-06,115028.0,115737.8359375,113372.25,114140.9140625,56379133510,0.0,54,114294.88616071429,116752.10911458333,116828.783203125,2100.319321726928,121029.42184657886,112628.14455967114
2025-08-07,117496.8984375,117676.90625,114279.7109375,115030.0546875,64051649681,0.0,62,114543.27120535714,117036.99661458333,116803.466796875,2088.4359063623306,120980.33860959965,112626.59498415035
2025-08-08,116688.7265625,117689.203125,115917.4609375,117505.5,59713005166,0.0,74,115024.50558035714,117215.73567708333,116740.904296875,2071.2690708150303,120883.44243850507,112598.36615524493
2025-08-09,116500.359375,117906.609375,116363.8359375,116678.2734375,54004312429,0.0625,67,115592.140625,117232.84088541666,116700.8828125,2067.611286828783,120836.10538615756,112565.66023884244
2025-08-10,119306.7578125,119320.7109375,116485.1640625,116497.71875,64755458694,0.0,69,116319.15290178571,117292.49973958333,116794.24375,2143.4841092060315,121081.21196841206,112507.27553158793
2025-08-11,118731.4453125,122321.09375,118159.03125,119306.8125,90528784177,-0.3,70,116841.94754464286,117335.70703125,116731.0453125,2061.186884400003,120853.41908130002,112608.6715437
2025-08-12,120172.90625,120302.46875,118228.71875,118717.6640625,72803657984,-0.15,68,117703.58482142857,117370.93333333333,116801.942578125,2156.6418813874816,121115.22634089997,112488.65881535003
2025-08-13,123344.0625,123682.453125,118939.6328125,120168.9765625,90904808795,0.0,73,118891.59375,117487.41197916666,117050.745703125,2590.2623034207,122231.27030996639,111870.2210962836
2025-08-14,118359.578125,124457.1171875,117254.8828125,123339.3984375,104055627395,0.0,75,119014.83370535714,117506.825,117086.93046875,2603.8856323057753,122294.70173336155,111879.15920413844
2025-08-15,117398.3515625,119332.3125,116864.5703125,118365.78125,68665353159,-0.3,60,119116.20870535714,117462.153125,117059.4796875,2597.2226884974757,122253.92506449495,111865.03431050506
2025-08-16,117491.3515625,117996.0625,117271.953125,117398.421875,48036922378,-0.15,56,119257.77901785714,117402.20338541667,116961.62265625,2538.683463190216,122038.98958263043,111884.25572986956
2025-08-17,117453.0625,118595.7734375,117279.5234375,117492.7890625,45852169525,-0.15,64,118992.96540178571,117383.86458333333,116938.051953125,2531.4513697789844,122000.95469268298,111875.14921356703
2025-08-18,116252.3125,117614.171875,114723.6796875,117453.90625,72787808090,0.13636363636363635,60,118638.80357142857,117327.60911458333,116854.56015625,2524.81421742448,121904.18859109895,111804.93172140104
2025-08-19,112831.1796875,116764.5,112730.3984375,116241.859375,71657600353,0.0,56,117589.98549107143,117178.62213541666,116604.559765625,2666.58499661403,121937.72975885306,111271.38977239694
2025-08-20,114274.7421875,114625.796875,112387.9609375,112828.0234375,67993811526,0.0,44,116294.36830357143,117073.12890625,116530.38671875,2711.6176266083603,121953.62197196673,111107.15146553327
2025-08-21,112419.03125,114802.6484375,111986.234375,114275.6875,57817883700,0.13636363636363635,50,115445.71875,116820.5828125,116485.333984375,2774.5189304450705,122034.37184526514,110936.29612348486
2025-08-22,116874.0859375,117377.3984375,111678.9453125,112433.734375,82528088240,0.0,50,115370.82366071429,116757.88697916667,116702.692578125,2613.711771350067,121930.11612082514,111475.26903542486
2025-08-23,115374.328125,116996.25,114536.109375,116866.3671875,55377142586,0.16818181818181818,60,115068.39174107143,116658.09791666667,116760.525390625,2568.2333349428004,121896.9920605106,111624.0587207394
2025-08-24,113458.4296875,115615.0859375,111060.546875,115387.390625,73961489632,-0.15,53,114497.72991071429,116518.84947916666,116679.852734375,2648.1650799049185,121976.18289418484,111383.52257456517
2025-08-25,110124.3515625,113637.84375,109324.28125,113456.8984375,85706860190,0.0,47,113622.30691964286,116258.08229166667,116478.998046875,2982.1135103474544,122443.2250675699,110514.7710261801
2025-08-26,111802.65625,112397.015625,108762.0390625,110124.1015625,69396320317,0.0,48,113475.375,116003.22109375,116317.730859375,3147.3435242842174,122612.41790794344,110023.04381080657
2025-08-27,111222.0625,112619.4140625,110398.265625,111795.7109375,62137056409,0.0,51,113039.27790178571,115779.80729166667,116003.9890625,3331.005660430108,122666.00038336021,109341.97774163978
2025-08-28,112544.8046875,113450.078125,110900.921875,111219.0546875,58860155962,0.0625,48,113057.24553571429,115600.5625,115796.79296875,3414.0180229349203,122624.82901461984,108968.75692288016
2025-08-29,108410.8359375,112619.0546875,107559.625,112550.5234375,77843379644,0.0,50,111848.20982142857,115286.55078125,115392.316796875,3785.291466666468,122962.89973020794,107821.73386354207
2025-08-30,108808.0703125,108929.3515625,107444.4453125,108409.40625,51486264208,0.0,39,110910.17299107143,115054.8796875,114867.382421875,3938.7316259626486,122744.84567380029,106989.9191699497
2025-08-31,108236.7109375,109491.0,108104.65625,108818.4609375,47986191770,0.16818181818181818,48,110164.21316964286,114885.43385416667,114342.645703125,4092.91029796596,122528.46629905692,106156.82510719309
2025-09-01,109250.59375,109890.5859375,107271.1796875,108228.75,66870372995,0.0,46,110039.390625,114776.22317708333,113796.530078125,4001.7008815871864,121799.93184129937,105793.12831495062
2025-09-02,111200.5859375,111748.015625,108454.03125,109243.0703125,74776999491,0.0,49,109953.38058035714,114675.65364583333,113189.35625,3344.035841311267,119877.42793262254,106501.28456737746
2025-09-03,111723.2109375,112600.2265625,110582.9609375,111190.6953125,61119643565,0.13636363636363635,55,110024.97321428571,114564.03125,112857.537890625,3126.165111811035,119109.86811424707,106605.20766700292
2025-09-04,110723.6015625,112208.328125,109347.2265625,111718.1484375,60131132901,0.0,51,109764.80133928571,114450.103125,112523.800390625,2968.1851525049615,118460.17069563492,106587.43008561507
2025-09-05,110650.984375,113357.4921875,110233.3984375,110723.015625,60241647677,0.0,48,110084.82254464286,114304.20260416667,112181.78203125,2751.876708067295,117685.53544738458,106678.02861511541
2025-09-06,110224.6953125,111275.015625,110024.0859375,110650.5703125,21500719036,0.16818181818181818,48,110287.19754464286,114061.79583333334,111820.363671875,2484.848919968255,116790.06151181151,106850.6658319385
2025-09-07,111167.6171875,111591.078125,110211.625,110221.328125,24618007520,0.0,44,110705.8984375,113877.75885416666,111566.12890625,2257.224776986338,116080.57846022268,107051.67935227732
2025-09-08,112071.4296875,112869.234375,110630.609375,111163.015625,40212813407,0.0,51,111108.875,113730.12786458334,111528.14140625,2241.150134479185,116010.44167520836,107045.84113729163
2025-09-09,111530.546875,113225.4375,110776.703125,112077.578125,45984480722,0.0,48,111156.01227678571,113470.92083333334,111390.931640625,2146.134641865714,115683.20092435642,107098.66235689358
2025-09-10,113955.359375,114275.25,110940.078125,111531.25,56377473784,0.0,49,111474.890625,113311.71796875,111467.748046875,2211.3733493245704,115890.49474552413,107045.00134822587
2025-09-11,115507.5390625,115522.546875,113453.8359375,113961.4296875,45685065332,-0.3,54,112158.31026785714,113156.20572916667,111399.420703125,2050.8190822743954,115501.05886767378,107297.78253857621
2025-09-12,116101.578125,116769.3828125,114794.484375,115507.7890625,54785725894,0.0,57,112936.96651785714,112914.78958333333,111435.783203125,2129.9279705598037,115695.6391442446,107175.9272620054
2025-09-13,115950.5078125,116334.6328125,115248.2734375,116093.5625,34549454947,0.0,52,113754.93973214286,112834.48723958334,111560.387109375,2318.987833475869,116198.36277632674,106922.41144242327
2025-09-14,115407.65625,116181.5,115222.3984375,115950.2890625,32798036057,0.16818181818181818,55,114360.65959821429,112768.13072916666,111824.55234375,2444.3275169454832,116713.20737764097,106935.89730985902
2025-09-15,115444.875,116747.8828125,114461.0625,115399.6328125,52937859416,0.13636363636363635,53,114842.58035714286,112699.91484375,112006.66328125,2574.806809483942,117156.27690021788,106857.04966228212
2025-09-16,116843.1875,117005.2734375,114813.09375,115423.7578125,45781744593,0.0,52,115601.52901785714,112679.58567708333,112287.71953125,2783.026446500164,117853.77242425033,106721.66663824966
2025-09-17,116468.5078125,117328.609375,114794.9765625,116840.5078125,60528025996,0.0625,53,115960.55022321429,112686.7921875,112483.9046875,2936.1863324717383,118356.27735244349,106611.53202255652
2025-09-18,117137.203125,117911.7890625,116188.796875,116461.265625,49457272032,0.0,52,116193.359375,112830.32630208334,112920.223046875,2947.420250182578,118815.06354724016,107025.38254650985
2025-09-19,115688.859375,117479.7578125,115141.8203125,117137.671875,38828473971,0.0,53,116134.39955357143,112877.46354166667,113264.2625,2841.855589065868,118947.97367813173,107580.55132186826
2025-09-20,115721.9609375,116191.1484375,115473.5234375,115691.125,22864449614,0.16818181818181818,48,116101.75,112987.56119791667,113638.525,2629.8817174818464,118898.28843496369,108378.7615650363
2025-09-21,115306.09375,115901.0859375,115252.578125,115730.2265625,22495852193,0.0,49,116087.24107142857,112935.29479166666,113941.3,2439.8303433220885,118820.96068664418,109061.63931335583
2025-09-22,112748.5078125,115431.3125,112037.6484375,115309.21875,70684158591,0.0,45,115702.04575892857,112847.76744791666,114018.69609375,2371.9202358929247,118762.53656553585,109274.85562196415
2025-09-23,112014.5,113351.9140625,111535.5703125,112757.4765625,47211853279,0.0,43,115012.23325892857,112799.63645833333,114033.260546875,2357.9363626637883,118749.13327220257,109317.38782154743
2025-09-24,113328.6328125,113986.2734375,111229.640625,112007.6640625,48044595085,0.16818181818181818,44,114563.6796875,112906.44583333333,114163.512109375,2234.19315681938,118631.89842301377,109695.12579573624
2025-09-25,109049.2890625,113541.0859375,108713.3984375,113330.1640625,75528654284,0.0625,44,113408.26339285714,112814.66692708334,114083.42734375,2390.000187979759,118863.4277197095,109303.42696779048
2025-09-26,109712.828125,110359.1953125,108728.9765625,109041.296875,57738288949,0.0,28,112554.54464285714,112764.35911458333,114057.833984375,2435.7981650178695,118929.43031441074,109186.23765433926
2025-09-27,109681.9453125,109778.5,109144.296875,109707.140625,26308042910,0.0,33,111691.68526785714,112668.93046875,113983.550390625,2548.6201509535317,119080.79069253206,108886.31008871793
2025-09-28,112122.640625,112375.484375,109236.9453125,109681.9453125,33371048505,0.0,37,111236.90625,112792.65729166666,113986.1109375,2546.6229159785516,119079.3567694571,108892.86510554289
2025-09-29,114400.3828125,114473.5703125,111589.953125,112117.875,60000147466,0.0,50,111472.88839285714,112979.06770833333,114129.602734375,2480.9856451091996,119091.5740245934,109167.6314441566
2025-09-30,114056.0859375,114836.6171875,112740.5625,114396.5234375,58986330258,0.0,50,111764.54352678571,113173.046875,114134.6390625,2480.715541220836,119096.07014494168,109173.20798005833
2025-10-01,118648.9296875,118648.9296875,113981.3984375,114057.59375,71328680132,0.16818181818181818,49,112524.5859375,113486.32473958333,114291.70859375,2664.8352473677505,119621.3790884855,108962.03809901449
2025-10-02,120681.2578125,121086.40625,118383.15625,118652.3828125,71415163912,0.16818181818181818,64,114186.29575892857,113802.34713541667,114520.692578125,3003.7487912110278,120528.19016054706,108513.19499570294
2025-10-03,122266.53125,123944.703125,119344.3125,120656.984375,83941392228,0.0,63,115979.68191964286,114153.79114583334,114836.49375,3459.4391600255058,121755.372070051,107917.61542994899
2025-10-04,122425.4296875,122857.640625,121577.5703125,122267.46875,36769171735,0.0,71,117800.1796875,114543.85208333333,115187.382421875,3853.8424543599003,122895.0673305948,107479.69751315519
2025-10-05,123513.4765625,125559.2109375,122191.9609375,122419.671875,73689317763,0.0,74,119427.44196428571,114972.60182291667,115590.8125,4280.8776538016455,124152.5678076033,107029.0571923967
2025-10-06,124752.53125,126198.0703125,123196.046875,123510.453125,72568881188,0.13636363636363635,71,120906.3203125,115456.86302083333,115986.2796875,4743.045422040448,125472.3705315809,106500.1888434191
2025-10-07,121451.3828125,125184.0234375,120681.96875,124752.140625,76149412513,-0.3,70,121962.79129464286,115799.65520833334,116235.4234375,4898.047267584239,126031.51797266847,106439.32890233152
2025-10-08,123354.8671875,124167.09375,121119.1796875,121448.3515625,65354305286,0.0,60,122635.06808035714,116175.76979166667,116546.306640625,5149.17867267361,126844.66398597222,106247.94929527778
2025-10-09,121705.5859375,123739.34375,119812.03125,123337.0703125,74653009425,0.0,70,122781.40066964286,116514.93776041667,116847.14296875,5270.771820953825,127388.68661065766,106305.59932684235
2025-10-10,113214.3671875,122509.6640625,104582.4140625,121704.7421875,153125018868,0.0,64,121488.234375,116490.23802083333,116721.76328125,5328.455390563577,127378.67406237715,106064.85250012284
2025-10-11,110807.8828125,113429.7265625,109760.5625,113236.4296875,110236934340,0.0,27,119828.58482142857,116333.5828125,116496.852734375,5484.017289649591,127464.88731367419,105528.81815507582
2025-10-12,115169.765625,115805.0625,109715.5390625,110811.515625,93710414091,0.0,24,118636.62611607143,116302.52239583334,116617.915625,5423.304552446394,127464.52472989279,105771.3065201072
2025-10-13,115271.078125,116020.484375,113821.1875,115161.6796875,71582026739,0.0,38,117282.1328125,116279.87473958333,116780.74453125,5325.829235576122,127432.40300240225,106129.08606009776
2025-10-14,113118.6640625,115502.8828125,110029.484375,115264.8828125,92212917403,0.0,38,116091.74441964286,116203.575,116770.24609375,5333.194152914269,127436.63439957854,106103.85778792146
2025-10-15,110783.1640625,113622.3828125,110235.8359375,113113.96875,72574132855,0.0,34,114295.78683035714,116048.18463541666,116856.93984375,5213.837334316938,127284.61451238388,106429.26517511613
2025-10-16,108186.0390625,111990.8125,107537.03125,110782.171875,87306423067,0.0,28,112364.42299107143,115759.61302083333,116780.600390625,5333.74327472031,127448.08694006562,106113.11384118437
2025-10-17,106467.7890625,109235.8046875,103598.4296875,108179.1328125,99703051669,0.16818181818181818,22,111400.62611607143,115426.25572916666,116619.892578125,5600.63042806321,127821.15343425142,105418.63172199858
2025-10-18,107198.265625,107490.984375,106387.453125,106483.734375,37779905278,0.13636363636363635,23,110884.96651785714,115094.9578125,116373.673828125,5908.528485877705,128190.7307998804,104556.6168563696
2025-10-19,108666.7109375,109488.9921875,106157.7890625,107204.3125,47657008953,0.13636363636363635,29,109955.95870535714,114860.88619791667,116086.990234375,6143.730730148098,128374.4516946712,103799.5287740788
2025-10-20,110588.9296875,111711.03125,107485.015625,108667.4453125,63507793085,0.0,29,109287.08035714286,114689.78515625,115913.632421875,6252.0150743062495,128417.66257048749,103409.6022732625
2025-10-21,108476.890625,113996.34375,107534.75,110587.6328125,101194375480,0.0,34,108623.96986607143,114462.14505208333,115405.03046875,6429.029212896695,128263.0888945434,102546.97204295661
2025-10-22,107688.5859375,109115.1328125,106778.0,108491.53125,80807013218,-0.3,25,108181.88727678571,114293.48098958333,114755.396875,6523.562075413364,127802.52102582673,101708.27272417328
2025-10-23,110069.7265625,111288.59375,107548.4296875,107679.4375,54944076060,0.0,27,108450.98549107143,114228.65520833334,114145.556640625,6352.291941672659,126850.14052397032,101440.97275727968
2025-10-24,111033.921875,111842.53125,109770.1484375,110069.3515625,48160816980,-0.15,30,109103.29017857143,114152.16484375,113575.98125,6075.482636503775,125726.94652300754,101425.01597699245
2025-10-25,111641.7265625,111947.703125,110704.40625,111032.6171875,24707667305,0.0,37,109738.0703125,114238.57942708333,112982.39375,5616.043286728483,124214.48032345697,101750.30717654304
2025-10-26,114472.4453125,115260.90625,111268.484375,111639.0546875,41708524143,0.0,40,110567.4609375,114397.23333333334,112468.389453125,4907.883080555409,122284.15561423582,102652.62329201418
2025-10-27,114119.328125,116273.3125,113882.2890625,114479.8515625,61761358733,0.0,51,111071.80357142857,114545.14609375,112101.78671875,4454.462504183354,121010.71172711671,103192.86171038328
2025-10-28,112956.1640625,116078.984375,112291.6796875,114129.0859375,64528066504,-0.3,50,111711.69977678571,114572.93020833333,111581.8515625,3596.006389385989,118773.86434127198,104389.83878372802
2025-10-29,110055.3046875,113642.7265625,109368.71875,112921.328125,62192043469,0.0,51,112049.80245535714,114428.09427083333,110999.3375,2702.3174470053964,116403.97239401078,105594.70260598921
2025-10-30,108305.546875,111612.3515625,106376.6875,110059.1953125,69673964814,-0.3,34,111797.77678571429,114236.40963541667,110753.896484375,2713.447968479039,116180.79242133308,105327.00054741692
2025-10-31,109556.1640625,111031.8203125,108288.2734375,108304.4140625,60090359560,0.0,29,111586.66852678571,113933.31744791666,110691.310546875,2726.5411490765787,116144.39284502815,105238.22824872185
2025-11-01,110064.015625,110574.8984375,109372.953125,109558.625,25871668762,0.0,33,111361.28125,113579.409375,110436.023046875,2516.053833764831,115468.13071440466,105403.91537934533
2025-11-02,110639.625,111167.3125,109523.453125,110064.4296875,34284209459,0.0,37,110813.73549107143,113191.84583333334,110204.450390625,2246.297412445324,114697.04521551565,105711.85556573435
2025-11-03,106547.5234375,110764.9140625,105336.359375,110646.90625,72852006359,0.0,42,109732.04910714286,112662.58229166667,109875.893359375,2277.956935472597,114431.80723032019,105319.9794884298
2025-11-04,101590.5234375,107264.8828125,98962.0625,106541.421875,110967184773,-0.3,21,108108.38616071429,111931.8171875,109416.261328125,2921.712283900711,115259.68589592642,103572.83676032357
2025-11-05,103891.8359375,104534.703125,98989.9140625,101579.234375,77584934804,0.0,23,107227.890625,111236.46067708333,109201.551171875,3164.569237983478,115530.68964784197,102872.41269590805
2025-11-06,101301.2890625,104147.3046875,100336.8671875,103893.6640625,63932752861,0.0625,27,106227.28236607143,110564.79088541666,108943.226171875,3582.718174144113,116108.66252016323,101777.78982358676
2025-11-07,103372.40625,104052.9140625,99257.0546875,101286.2421875,92168030081,0.0,24,105343.88839285714,109898.70885416666,108751.933203125,3777.6267130891774,116307.18662930335,101196.67977694664
2025-11-08,102282.1171875,103373.5625,101458.0390625,103371.703125,51446691095,0.0,20,104232.18861607143,109251.25989583334,108432.703515625,4045.477739397853,116523.65899442071,100341.7480368293
2025-11-09,104719.640625,105418.3671875,101468.875,102278.984375,59679243013,0.0,22,103386.4765625,108968.10234375,108139.2390625,4093.428685613124,116326.09643372624,99952.38169127375
2025-11-10,105996.59375,106564.6953125,104350.6484375,104723.7734375,69585887229,0.0,29,103307.77232142857,108807.72604166667,108015.22421875,4120.145222325113,116255.51466340022,99774.93377409977
2025-11-11,102997.46875,107428.2578125,102457.328125,105996.859375,71130078574,0.0,26,103508.76450892857,108401.9828125,107780.668359375,4270.5058541851995,116321.6800677454,99239.65665100461
2025-11-12,101663.1875,105297.234375,100836.6171875,103011.4375,64347179408,0.0,24,103190.38616071429,107948.38645833333,107360.34140625,4443.549283239762,116247.43997272952,98473.24283977046
2025-11-13,99697.4921875,104005.4921875,97988.71875,101674.1484375,101546815416,0.0,15,102961.27232142857,107501.0140625,106793.519921875,4667.670484045537,116128.86088996608,97458.17895378394
2025-11-14,94397.7890625,99804.4296875,94000.734375,99694.703125,114346441890,0.0625,16,101679.18415178571,106954.83489583334,105931.323046875,5277.744604457064,116486.81225578912,95375.83383796088
2025-11-15,95549.1484375,96728.46875,94420.46875,94420.46875,38500716654,0.0,10,100717.33147321429,106533.60520833333,104985.158203125,5361.516850962135,115708.19190504927,94262.12450120073
2025-11-16,94177.078125,96564.1875,92971.1640625,95556.8671875,71086235862,0.0,10,99211.25111607143,106123.91484375,103988.045703125,5427.358880709083,114842.76346454317,93133.32794170683
2025-11-17,92093.875,95928.3671875,91214.7578125,94180.875,94186165724,0.0,14,97225.1484375,105620.43515625,102944.93125,5614.598727477185,114174.12870495436,91715.73379504563
2025-11-18,92948.875,93745.078125,89300.4609375,92094.53125,101333569062,0.0,11,95789.63504464286,105096.50729166667,102089.609765625,5775.095769727536,113639.80130508008,90539.41822616993
2025-11-19,91465.9921875,92946.1640625,88526.828125,92946.1640625,80350354656,-0.3,15,94332.89285714286,104459.07604166666,101247.63203125,6042.514891368764,113332.66181398754,89162.60224851247
2025-11-20,86631.8984375,93025.0703125,86040.796875,91459.3515625,97970645638,-0.15,11,92466.37946428571,103730.90963541667,100101.41875,6537.501551907812,113176.42185381563,87026.41564618437
2025-11-21,85090.6875,87380.8046875,80659.8125,86528.7734375,129157506112,0.13636363636363635,14,91136.79352678571,102977.64635416666,98852.75234375,6908.8995413115745,112670.55142637316,85034.95326112685
2025-11-22,84648.359375,85503.0078125,83490.8984375,85098.5625,40793099246,0.0,11,89579.53794642857,102130.26744791666,97553.1890625,7018.7046440333515,111590.5983505667,83515.7797744333
2025-11-23,86805.0078125,88038.46875,84641.7734375,84648.609375,58083435576,0.0,13,88526.38504464286,101322.63697916667,96566.06328125,7075.231392521498,110716.526066293,82415.600496207
2025-11-24,88270.5625,89206.3359375,85272.1953125,86798.7734375,74433896110,0.0,19,87980.19754464286,100543.59817708333,95900.065234375,7203.1358349492275,110306.33690427346,81493.79356447654
2025-11-25,87341.890625,88457.3359375,86131.4296875,88269.9609375,64837343545,0.0,20,87179.19977678571,99639.24635416667,95072.56796875,7187.331949371811,109447.23186749361,80697.90407000638
2025-11-26,90518.3671875,90581.15625,86316.8984375,87345.5859375,66496301869,0.0,15,87043.82477678571,98852.54765625,94533.421875,7099.396855563272,108732.21558612655,80334.62816387345
2025-11-27,91285.375,91897.578125,90089.515625,90517.765625,57040622845,0.0,22,87708.60714285714,98130.18802083333,93929.0703125,6816.175135358207,107561.42058321642,80296.72004178358
2025-11-28,90919.265625,92969.0859375,90257.1171875,91285.3828125,60895830289,0.13636363636363635,25,88541.26116071429,97492.32005208333,93360.927734375,6551.715076467486,106464.35788730998,80257.49758144002
2025-11-29,90851.7578125,91187.6171875,90260.1875,90918.7421875,37921773455,0.13636363636363635,28,89427.4609375,96910.52708333333,92667.53359375,5996.639870097206,104660.81333394442,80674.2538535556
2025-11-30,90394.3125,91965.046875,90394.3125,90838.2109375,38497902869,0.0625,28,89940.21875,96271.79869791666,91887.41953125,5122.5314228472225,102132.48237694443,81642.35668555555
2025-12-01,86321.5703125,90398.15625,83862.25,90389.109375,87962894424,0.13636363636363635,24,89661.79129464286,95480.38385416666,91053.624609375,4543.4014607132385,100140.42753080148,81966.82168794851
2025-12-02,91350.203125,92316.6328125,86202.1953125,86322.5390625,78546798211,0.16818181818181818,23,90234.40736607143,94837.403125,90537.975390625,3800.3787316866524,98138.7328539983,82937.2179272517
2025-12-03,93527.8046875,94060.7734375,91056.390625,91345.09375,77650204986,0.0625,28,90664.32700892857,94403.4125,90229.491015625,3224.525837526996,96678.542690679,83780.439340571
2025-12-04,92141.625,94038.2421875,90976.1015625,93454.2578125,64538402681,0.16818181818181818,26,90786.6484375,94088.44921875,90116.6828125,3108.3995256780836,96333.48186385617,83899.88376114384
2025-12-05,89387.7578125,92702.640625,88152.140625,92133.6484375,63256398633,0.0,28,90567.86160714286,93604.97994791667,89808.61328125,2834.953975126331,95478.52123150266,84138.70533099734
2025-12-06,89272.375,90267.4609375,88951.6640625,89389.359375,37994042405,0.0,23,90342.23549107143,93204.01614583333,89563.378125,2642.801320236056,94848.98076547211,84277.7754845279
2025-12-07,90405.640625,91740.84375,87799.5625,89277.8125,47394898960,-0.3,20,90343.85379464286,92771.790625,89478.96640625,2584.030536582874,94647.02747941574,84310.90533308424
2025-12-08,90640.203125,92267.1171875,89644.890625,90424.5859375,57394099056,-0.3,20,90960.80133928571,92383.72682291667,89363.5328125,2469.9112411341475,94303.35529476829,84423.7103302317
2025-12-09,92691.7109375,94601.5703125,89586.9765625,90639.703125,66861721440,0.13636363636363635,22,91152.4453125,91982.79583333334,89424.81875,2539.0641057394337,94502.94696147887,84346.69053852114
2025-12-10,92020.9453125,94477.15625,91640.1328125,92695.234375,65420694513,0.0,26,90937.1796875,91516.94088541667,89694.27109375,2512.8874362031765,94720.04596615635,84668.49622134364
2025-12-11,92511.3359375,93554.265625,89335.296875,92011.3046875,64532834621,0.0,29,90989.99553571429,91167.403125,90065.303515625,2339.219768045987,94743.74305171697,85386.86397953302
2025-12-12,90270.4140625,92747.9296875,89532.6015625,92513.6640625,80275884583,-0.15,29,91116.08928571429,90787.64401041667,90346.40625,1961.2756980229087,94268.95764604582,86423.85485395418
2025-12-13,90298.7109375,90647.5703125,89800.9921875,90257.796875,64237748110,0.0,23,91262.70870535714,90474.35130208333,90521.09140625,1776.0974188382531,94073.2862439265,86968.89656857349
2025-12-14,88175.1796875,90498.109375,87634.9375,90296.4375,50465972205,0.0,21,90944.07142857143,90266.93098958333,90516.322265625,1782.5747983587337,94081.47186234247,86951.17266890753
2025-12-15,86419.78125,89983.921875,85304.078125,88171.078125,45559514323,-0.3,16,90341.15401785714,89962.61875,90470.216796875,1878.3531853567026,94226.92316758841,86713.51042616159
2025-12-16,87843.984375,88170.09375,85381.6875,86424.40625,41262178223,-0.15,11,89648.62165178571,89751.515625,90336.49765625,1967.8088962634056,94272.1154487768,86400.87986372318
2025-12-17,86143.7578125,90264.5703125,85316.265625,87847.6171875,44243392914,0.0,16,88809.0234375,89553.17838541667,90079.416796875,2163.4530514507874,94406.32289977657,85752.51069397343
2025-12-18,85462.5078125,89412.6640625,84436.3125,86144.3671875,52667115348,-0.15,17,87802.04799107143,89303.6328125,89806.57890625,2384.7293263099305,94576.03755886985,85037.12025363014
2025-12-19,88103.3828125,89339.1171875,85107.6640625,85476.1328125,46733310561,0.0,16,87492.47209821429,89191.54583333334,89669.16015625,2400.466456492356,94470.09306923472,84868.22724326528
2025-12-20,88344.0,88497.203125,87924.875,88101.671875,14688196659,0.0,20,87213.22767857143,89248.61588541667,89566.64453125,2411.622727508099,94389.8899862662,84743.3990762338
2025-12-21,88621.75,89027.953125,87613.203125,88344.703125,19845522660,0.0,20,87277.0234375,89366.31796875,89681.653515625,2301.0333728576543,94283.7202613403,85079.5867699097
2025-12-22,88490.015625,90501.9296875,87908.0703125,88621.3984375,38047472118,0.0,25,87572.77120535714,89494.37317708334,89538.644140625,2280.6652597520683,94099.97466012913,84977.31362112086
2025-12-23,87414.0,88898.3828125,86606.9765625,88490.03125,43683011533,0.0,24,87511.34486607143,89514.67291666666,89232.95390625,2122.0524694820715,93477.05884521414,84988.84896728586
2025-12-24,87611.9609375,87956.8828125,86411.796875,87404.3203125,25550297986,0.0,24,87721.08816964286,89492.71953125,89006.470703125,2035.2212452940666,93076.91319371313,84936.02821253687
2025-12-25,87234.7421875,88501.7890625,86949.2578125,87608.3203125,19953216347,0.0,23,87974.26450892857,89489.14791666667,88898.819921875,2070.624786054725,93040.06949398444,84757.57034976555
2025-12-26,87301.4296875,89459.4296875,86628.140625,87235.5078125,42455674908,0.0,20,87859.69977678571,89381.91666666667,88800.27265625,2098.6227812431284,92997.51821873627,84603.02709376374
2025-12-27,87802.15625,87874.78125,87182.9765625,87301.4296875,13741199310,-0.15,23,87782.29352678571,89265.809375,88670.0984375,2074.4086980186657,92818.91583353732,84521.28104146267
2025-12-28,87835.8359375,87986.890625,87394.953125,87799.34375,15156557929,0.0,24,87670.02008928571,89163.02838541666,88529.880078125,2028.503663644651,92586.88740541431,84472.8727508357
2025-12-29,87138.140625,90299.15625,86717.9140625,87835.7890625,48411625849,0.13636363636363635,24,87476.89508928571,89039.24114583334,88252.2015625,1795.5458134758428,91843.2931894517,84661.10993554832
2025-12-30,88430.1328125,89297.9375,86735.546875,87134.3515625,35586356225,0.0,23,87622.05691964286,88973.76848958334,88072.6609375,1563.384384723995,91199.429706948,84945.892168052
2025-12-31,87508.828125,89080.2890625,87130.5625,88429.5859375,33830210616,0.16818181818181818,21,87607.32366071429,89013.34375,87822.535546875,1165.3791210024317,90153.29378887986,85491.77730487015
2026-01-01,88731.984375,88803.2265625,87399.40625,87508.046875,18849043990,0.16818181818181818,20,87821.21540178571,88926.06979166667,87745.6140625,1039.2484902753044,89824.11104305061,85667.11708194939
2026-01-02,89944.6953125,90884.4609375,88298.6171875,88733.0625,46398906171,0.0,28,88198.82477678571,88806.6328125,87727.91328125,995.5717586043395,89719.05679845868,85736.76976404132
2026-01-03,90603.1875,90679.5703125,89328.0703125,89945.0546875,20774828592,-0.3,29,88598.97209821429,88755.3515625,87849.313671875,1183.31587859242,90215.94542905984,85482.68191469017
2026-01-04,91413.4921875,91712.5859375,90595.1015625,90603.0,26770491368,0.16818181818181818,25,89110.06584821429,88822.87604166666,88098.99921875,1376.827799532302,90852.6548178146,85345.3436196854
2026-01-05,93882.5546875,94762.0703125,91414.625,91414.625,53376407252,0.0,26,90073.55357142857,88976.54869791666,88400.927734375,1885.9411404606365,92172.81001529627,84629.04545345373
2026-01-06,93729.03125,94395.296875,91286.546875,93876.9453125,52430605257,0.0625,44,90830.5390625,89087.32838541667,88780.19140625,2152.0584770140335,93084.30836027807,84476.07445222193
2026-01-07,91308.0546875,93738.7890625,90601.8046875,93727.46875,43461295053,-0.3,42,91373.28571428571,89109.59010416667,89072.46875,2073.267260151836,93219.00327030367,84925.93422969633
2026-01-08,91027.125,91485.8515625,89233.875,91309.640625,42386697030,0.16818181818181818,28,91701.16294642857,89054.10390625,89218.655859375,2104.1868737151444,93427.02960680528,85010.2821119447
2026-01-09,90513.1015625,91910.671875,89625.3828125,91026.2734375,38305906684,0.0,27,91782.36383928571,89003.84244791667,89327.1109375,2112.6157684549353,93552.34247440986,85101.87940059013
2026-01-10,90386.6484375,90713.03125,90283.3984375,90510.1015625,12385895282,0.16818181818181818,25,91751.4296875,88933.01953125,89415.355859375,2118.4540621379224,93652.26398365085,85178.44773509917
2026-01-11,90827.4609375,91155.2265625,90212.0234375,90385.359375,17165568977,0.0,29,91667.7109375,88951.58776041666,89532.228125,2129.1672244930182,93790.56257398603,85273.89367601396
2026-01-12,91192.9921875,92395.5234375,90055.0234375,90825.859375,41346275358,0.0,27,91283.48772321429,88981.39713541667,89721.177734375,2098.7579799709206,93918.69369431684,85523.66177443316
2026-01-13,95321.78125,96011.625,90941.9296875,91185.3359375,54980674354,0.0,26,91511.0234375,89219.6171875,90106.66875,2380.146102236029,94866.96095447206,85346.37654552794
2026-01-14,96929.328125,97860.6015625,94583.046875,95322.90625,60592490863,0.0,48,92314.0625,89569.93541666666,90591.398046875,2726.4617791842516,96044.3216052435,85138.47448850649
2026-01-15,95551.1875,97150.171875,95103.2421875,96931.2890625,53086363027,0.0625,61,92960.35714285714,89826.8421875,91003.8859375,2824.805323977791,96653.49658545558,85354.27528954443
2026-01-16,95525.1171875,95801.890625,94259.2734375,95554.1015625,33248170537,0.0,49,93676.359375,90139.55416666667,91390.033984375,2891.177414417689,97172.38881321037,85607.67915553962
2026-01-17,95099.921875,95598.4765625,95005.6171875,95525.15625,16021715122,0.0,50,94349.68415178571,90460.80130208333,91753.23828125,2877.4241694737716,97508.08662019754,85998.38994230246
2026-01-18,93634.4296875,95491.5078125,93588.8671875,95101.1796875,20809781232,0.0,49,94750.6796875,90645.16953125,92078.052734375,2689.565542311616,97457.18381899824,86698.92164975176
2026-01-19,92553.59375,93660.828125,92089.25,93655.671875,39195241508,0.0,44,94945.05133928571,90785.48932291666,92284.22578125,2549.6146903671442,97383.4551619843,87184.99640051571
2026-01-20,88310.90625,92798.4296875,87814.9296875,92553.6015625,53072968031,0.0625,32,93943.49776785714,90775.12786458334,92324.3296875,2475.7863734637544,97275.90243442751,87372.75694057248
2026-01-21,89376.9609375,90430.40625,87231.5703125,88326.5078125,56330422434,0.0,24,92864.58816964286,90804.69270833333,92356.578515625,2430.3138538866506,97217.2062233983,87495.95080785171
2026-01-22,89462.453125,90258.9609375,88438.4453125,89378.5234375,35549685694,0.0,20,91994.76897321429,90872.97447916666,92332.46640625,2457.740045076156,97247.9464964023,87416.98631609768
2026-01-23,89503.875,91100.25,88486.359375,89462.046875,38997586037,0.0625,24,91134.59151785714,90936.03828125,92277.50078125,2510.1827975324163,97297.86637631484,87257.13518618516
2026-01-24,89110.734375,89811.609375,89044.2890625,89506.1484375,14558687712,0.0,25,90278.99330357143,90998.57135416666,92162.362890625,2602.9952363429184,97368.35336331083,86956.37241793916
2026-01-25,86572.21875,89193.1484375,86003.7109375,89104.765625,36124986722,0.0,25,89270.10602678571,90974.26432291667,91796.84609375,2850.251151694952,97497.34839713991,86096.3437903601
2026-01-26,88267.140625,88743.0703125,86429.2890625,86566.5234375,45329286974,0.13636363636363635,20,88657.75558035714,90989.76380208334,91523.7515625,2916.2752891961795,97356.30214089235,85691.20098410764
2026-01-27,89102.5703125,89427.125,87228.921875,88257.4765625,38744942267,0.0,29,88770.85044642857,91031.98828125,91413.47734375,2966.133005519387,97345.74335478878,85481.21133271122
2026-01-28,89184.5703125,90439.2890625,88721.4609375,89104.046875,39807419296,0.0,29,88743.36607142857,91100.20260416667,91321.349609375,3007.096546450463,97335.54270227592,85307.15651647408
2026-01-29,84561.5859375,89200.78125,83250.6015625,89169.8515625,64653083162,0.16818181818181818,26,88043.2421875,90971.25104166666,91023.773828125,3364.521364539455,97752.81655720391,84294.7310990461
2026-01-30,84128.65625,84602.1640625,81071.4765625,84562.7265625,72083816087,0.0,16,87275.35379464286,90858.57864583333,90710.87421875,3701.0572499323325,98112.98871861467,83308.75971888534
2026-01-31,78621.1171875,84136.921875,75815.8828125,84126.5,70479259159,-0.3,20,85776.83705357143,90521.54973958334,90100.55703125,4582.331983899926,99265.22099904985,80935.89306345016
2026-02-01,76974.4453125,79322.609375,75698.8984375,78626.125,53372509744,0.16818181818181818,14,84405.7265625,90089.20807291666,89389.6296875,5428.727690058952,100247.0850676179,78532.1743073821
2026-02-02,78688.765625,79258.609375,74551.3359375,76968.875,75140589684,0.0,14,83037.38727678571,89692.06067708334,88557.97890625,5737.392638179118,100032.76418260824,77083.19362989177
2026-02-03,75633.546875,79118.8515625,72897.140625,78693.5078125,68249110822,0.0,17,81113.24107142857,89166.0625,87493.18984375,6068.56330887978,99630.31646150956,75356.06322599045
2026-02-04,73019.703125,76864.65625,71779.9296875,75640.09375,67215363944,0.0,14,78803.97433035714,88470.63411458333,86366.615625,6565.014347226165,99496.64431945233,73236.58693054768
2026-02-05,62702.09765625,73161.5546875,62353.53515625,73016.375,125509410908,0.0,12,75681.19029017857,87436.40299479167,84725.4646484375,8082.315273653657,100890.09519574481,68560.83410113018
2026-02-06,70555.390625,71681.3046875,60074.203125,62704.453125,114674259489,0.0,9,73742.15234375,86744.64752604166,83498.2380859375,8285.029358146976,100068.29680223145,66928.17936964355
2026-02-07,69281.96875,71611.1484375,67364.4453125,70553.796875,62347107663,0.0,6,72407.98828125,86019.808984375,82280.6150390625,8503.560659185514,99287.73635743352,65273.49372069147
