Date,Headline
2020-01-01,Bitcoin hits new all-time high!
2020-01-02,Bitcoin crashes below support levels.
2020-01-03,New updates released for Ethereum network.
2020-01-04,Analysts discuss future of blockchain.
2020-01-05,Bitcoin stable around current levels.
2020-01-06,Regulatory approval for Bitcoin ETF imminent.
2020-01-07,Bitcoin stable around current levels.
2020-01-08,Crypto market sees massive gains.
2020-01-09,Tech giant announces crypto integration.
2020-01-10,Crypto conference scheduled for next week.
2020-01-11,Analysts discuss future of blockchain.
2020-01-12,New updates released for Ethereum network.
2020-01-13,Bitcoin crashes below support levels.
2020-01-14,Bitcoin hits new all-time high!
2020-01-15,Bitcoin crashes below support levels.
2020-01-16,Trading volume remains average today.
2020-01-17,Crypto market sees massive gains.
2020-01-18,Bitcoin stable around current levels.
2020-01-19,Trading volume remains average today.
2020-01-20,Crypto conference scheduled for next week.
2020-01-21,Bitcoin stable around current levels.
2020-01-22,"Major exchange hacked, funds stolen."
2020-01-23,Market sentiment turns negative on inflation fears.
2020-01-24,Trading volume remains average today.
2020-01-25,Bitcoin hits new all-time high!
2020-01-26,Trading volume remains average today.
2020-01-27,Crypto conference scheduled for next week.
2020-01-28,Crypto conference scheduled for next week.
2020-01-29,Tech giant announces crypto integration.
2020-01-30,Analysts discuss future of blockchain.
2020-01-31,Regulatory approval for Bitcoin ETF imminent.
2020-02-01,Bitcoin hits new all-time high!
2020-02-02,Regulatory approval for Bitcoin ETF imminent.
2020-02-03,New updates released for Ethereum network.
2020-02-04,Bitcoin crashes below support levels.
2020-02-05,Bitcoin hits new all-time high!
2020-02-06,Institutional investors flocking to crypto.
2020-02-07,Analysts discuss future of blockchain.
2020-02-08,"Major exchange hacked, funds stolen."
2020-02-09,"Major exchange hacked, funds stolen."
2020-02-10,Bitcoin stable around current levels.
2020-02-11,"Major exchange hacked, funds stolen."
2020-02-12,Market sentiment turns negative on inflation fears.
2020-02-13,Bitcoin stable around current levels.
2020-02-14,Trading volume remains average today.
2020-02-15,New updates released for Ethereum network.
2020-02-16,Crypto conference scheduled for next week.
2020-02-17,Analysts discuss future of blockchain.
2020-02-18,Regulatory approval for Bitcoin ETF imminent.
2020-02-19,Regulatory approval for Bitcoin ETF imminent.
2020-02-20,Tech giant announces crypto integration.
2020-02-21,Institutional investors flocking to crypto.
2020-02-22,Regulatory approval for Bitcoin ETF imminent.
2020-02-23,Bitcoin stable around current levels.
2020-02-24,Regulatory approval for Bitcoin ETF imminent.
2020-02-25,Tech giant announces crypto integration.
2020-02-26,Regulatory approval for Bitcoin ETF imminent.
2020-02-27,Institutional investors flocking to crypto.
2020-02-28,Crypto market sees massive gains.
2020-02-29,Analysts discuss future of blockchain.
2020-03-01,Trading volume remains average today.
2020-03-02,Tech giant announces crypto integration.
2020-03-03,Tech giant announces crypto integration.
2020-03-04,Tech giant announces crypto integration.
2020-03-05,Bitcoin stable around current levels.
2020-03-06,Market sentiment turns negative on inflation fears.
2020-03-07,Tech giant announces crypto integration.
2020-03-08,Experts warn of crypto bubble bursting.
2020-03-09,Bitcoin hits new all-time high!
2020-03-10,Bitcoin stable around current levels.
2020-03-11,Bitcoin crashes below support levels.
2020-03-12,Regulatory approval for Bitcoin ETF imminent.
2020-03-13,Market sentiment turns negative on inflation fears.
2020-03-14,Experts warn of crypto bubble bursting.
2020-03-15,Government announces strict crypto ban.
2020-03-16,Bitcoin stable around current levels.
2020-03-17,Bitcoin stable around current levels.
2020-03-18,Bitcoin crashes below support levels.
2020-03-19,Tech giant announces crypto integration.
2020-03-20,Crypto market sees massive gains.
2020-03-21,Crypto conference scheduled for next week.
2020-03-22,Tech giant announces crypto integration.
2020-03-23,Crypto conference scheduled for next week.
2020-03-24,Regulatory approval for Bitcoin ETF imminent.
2020-03-25,Bitcoin crashes below support levels.
2020-03-26,Government announces strict crypto ban.
2020-03-27,Crypto market sees massive gains.
2020-03-28,Bitcoin hits new all-time high!
2020-03-29,Crypto conference scheduled for next week.
2020-03-30,Crypto conference scheduled for next week.
2020-03-31,Tech giant announces crypto integration.
2020-04-01,Institutional investors flocking to crypto.
2020-04-02,Government announces strict crypto ban.
2020-04-03,Experts warn of crypto bubble bursting.
2020-04-04,Crypto conference scheduled for next week.
2020-04-05,Experts warn of crypto bubble bursting.
2020-04-06,New updates released for Ethereum network.
2020-04-07,Bitcoin crashes below support levels.
2020-04-08,Regulatory approval for Bitcoin ETF imminent.
2020-04-09,Market sentiment turns negative on inflation fears.
2020-04-10,Bitcoin stable around current levels.
2020-04-11,New updates released for Ethereum network.
2020-04-12,Regulatory approval for Bitcoin ETF imminent.
2020-04-13,"Major exchange hacked, funds stolen."
2020-04-14,"Major exchange hacked, funds stolen."
2020-04-15,Crypto market sees massive gains.
2020-04-16,Institutional investors flocking to crypto.
2020-04-17,Crypto market sees massive gains.
2020-04-18,Regulatory approval for Bitcoin ETF imminent.
2020-04-19,Bitcoin stable around current levels.
2020-04-20,Analysts discuss future of blockchain.
2020-04-21,Regulatory approval for Bitcoin ETF imminent.
2020-04-22,Tech giant announces crypto integration.
2020-04-23,Tech giant announces crypto integration.
2020-04-24,New updates released for Ethereum network.
2020-04-25,Experts warn of crypto bubble bursting.
2020-04-26,Market sentiment turns negative on inflation fears.
2020-04-27,Crypto conference scheduled for next week.
2020-04-28,New updates released for Ethereum network.
2020-04-29,Bitcoin crashes below support levels.
2020-04-30,Trading volume remains average today.
2020-05-01,Bitcoin hits new all-time high!
2020-05-02,Experts warn of crypto bubble bursting.
2020-05-03,Analysts discuss future of blockchain.
2020-05-04,Market sentiment turns negative on inflation fears.
2020-05-05,Experts warn of crypto bubble bursting.
2020-05-06,New updates released for Ethereum network.
2020-05-07,Government announces strict crypto ban.
2020-05-08,Institutional investors flocking to crypto.
2020-05-09,Bitcoin crashes below support levels.
2020-05-10,Bitcoin hits new all-time high!
2020-05-11,Market sentiment turns negative on inflation fears.
2020-05-12,Crypto market sees massive gains.
2020-05-13,Crypto market sees massive gains.
2020-05-14,Trading volume remains average today.
2020-05-15,Bitcoin stable around current levels.
2020-05-16,Bitcoin hits new all-time high!
2020-05-17,Institutional investors flocking to crypto.
2020-05-18,Bitcoin crashes below support levels.
2020-05-19,Analysts discuss future of blockchain.
2020-05-20,Tech giant announces crypto integration.
2020-05-21,Bitcoin hits new all-time high!
2020-05-22,Experts warn of crypto bubble bursting.
2020-05-23,Bitcoin hits new all-time high!
2020-05-24,Government announces strict crypto ban.
2020-05-25,Institutional investors flocking to crypto.
2020-05-26,Trading volume remains average today.
2020-05-27,Tech giant announces crypto integration.
2020-05-28,Experts warn of crypto bubble bursting.
2020-05-29,Bitcoin crashes below support levels.
2020-05-30,Crypto market sees massive gains.
2020-05-31,Crypto market sees massive gains.
2020-06-01,Institutional investors flocking to crypto.
2020-06-02,"Major exchange hacked, funds stolen."
2020-06-03,Government announces strict crypto ban.
2020-06-04,Market sentiment turns negative on inflation fears.
2020-06-05,Tech giant announces crypto integration.
2020-06-06,Crypto conference scheduled for next week.
2020-06-07,Bitcoin stable around current levels.
2020-06-08,Institutional investors flocking to crypto.
2020-06-09,Regulatory approval for Bitcoin ETF imminent.
2020-06-10,Institutional investors flocking to crypto.
2020-06-11,Bitcoin crashes below support levels.
2020-06-12,Regulatory approval for Bitcoin ETF imminent.
2020-06-13,Crypto conference scheduled for next week.
2020-06-14,Analysts discuss future of blockchain.
2020-06-15,Regulatory approval for Bitcoin ETF imminent.
2020-06-16,Crypto conference scheduled for next week.
2020-06-17,Tech giant announces crypto integration.
2020-06-18,"Major exchange hacked, funds stolen."
2020-06-19,Trading volume remains average today.
2020-06-20,Analysts discuss future of blockchain.
2020-06-21,"Major exchange hacked, funds stolen."
2020-06-22,Crypto market sees massive gains.
2020-06-23,Institutional investors flocking to crypto.
2020-06-24,Institutional investors flocking to crypto.
2020-06-25,New updates released for Ethereum network.
2020-06-26,Tech giant announces crypto integration.
2020-06-27,Analysts discuss future of blockchain.
2020-06-28,Bitcoin stable around current levels.
2020-06-29,Government announces strict crypto ban.
2020-06-30,Regulatory approval for Bitcoin ETF imminent.
2020-07-01,Crypto market sees massive gains.
2020-07-02,Bitcoin crashes below support levels.
2020-07-03,Government announces strict crypto ban.
2020-07-04,Experts warn of crypto bubble bursting.
2020-07-05,Market sentiment turns negative on inflation fears.
2020-07-06,"Major exchange hacked, funds stolen."
2020-07-07,Tech giant announces crypto integration.
2020-07-08,Regulatory approval for Bitcoin ETF imminent.
2020-07-09,Institutional investors flocking to crypto.
2020-07-10,Trading volume remains average today.
2020-07-11,Trading volume remains average today.
2020-07-12,Crypto market sees massive gains.
2020-07-13,Regulatory approval for Bitcoin ETF imminent.
2020-07-14,Tech giant announces crypto integration.
2020-07-15,Bitcoin crashes below support levels.
2020-07-16,Market sentiment turns negative on inflation fears.
2020-07-17,Bitcoin hits new all-time high!
2020-07-18,Bitcoin stable around current levels.
2020-07-19,Analysts discuss future of blockchain.
2020-07-20,Market sentiment turns negative on inflation fears.
2020-07-21,Bitcoin hits new all-time high!
2020-07-22,Institutional investors flocking to crypto.
2020-07-23,Regulatory approval for Bitcoin ETF imminent.
2020-07-24,Crypto conference scheduled for next week.
2020-07-25,Bitcoin stable around current levels.
2020-07-26,Market sentiment turns negative on inflation fears.
2020-07-27,Bitcoin stable around current levels.
2020-07-28,Tech giant announces crypto integration.
2020-07-29,Government announces strict crypto ban.
2020-07-30,Bitcoin stable around current levels.
2020-07-31,Market sentiment turns negative on inflation fears.
2020-08-01,Bitcoin stable around current levels.
2020-08-02,Bitcoin hits new all-time high!
2020-08-03,Institutional investors flocking to crypto.
2020-08-04,Tech giant announces crypto integration.
2020-08-05,Regulatory approval for Bitcoin ETF imminent.
2020-08-06,Bitcoin crashes below support levels.
2020-08-07,Tech giant announces crypto integration.
2020-08-08,New updates released for Ethereum network.
2020-08-09,Tech giant announces crypto integration.
2020-08-10,"Major exchange hacked, funds stolen."
2020-08-11,Trading volume remains average today.
2020-08-12,Government announces strict crypto ban.
2020-08-13,Regulatory approval for Bitcoin ETF imminent.
2020-08-14,Institutional investors flocking to crypto.
2020-08-15,Bitcoin hits new all-time high!
2020-08-16,Government announces strict crypto ban.
2020-08-17,Market sentiment turns negative on inflation fears.
2020-08-18,Analysts discuss future of blockchain.
2020-08-19,Crypto conference scheduled for next week.
2020-08-20,"Major exchange hacked, funds stolen."
2020-08-21,Crypto conference scheduled for next week.
2020-08-22,Tech giant announces crypto integration.
2020-08-23,Bitcoin hits new all-time high!
2020-08-24,Trading volume remains average today.
2020-08-25,Bitcoin stable around current levels.
2020-08-26,Institutional investors flocking to crypto.
2020-08-27,Tech giant announces crypto integration.
2020-08-28,Regulatory approval for Bitcoin ETF imminent.
2020-08-29,Bitcoin crashes below support levels.
2020-08-30,Crypto conference scheduled for next week.
2020-08-31,Bitcoin crashes below support levels.
2020-09-01,Trading volume remains average today.
2020-09-02,Institutional investors flocking to crypto.
2020-09-03,Crypto market sees massive gains.
2020-09-04,Bitcoin stable around current levels.
2020-09-05,Bitcoin stable around current levels.
2020-09-06,"Major exchange hacked, funds stolen."
2020-09-07,Bitcoin stable around current levels.
2020-09-08,Regulatory approval for Bitcoin ETF imminent.
2020-09-09,Bitcoin crashes below support levels.
2020-09-10,Crypto conference scheduled for next week.
2020-09-11,Tech giant announces crypto integration.
2020-09-12,"Major exchange hacked, funds stolen."
2020-09-13,Bitcoin stable around current levels.
2020-09-14,Government announces strict crypto ban.
2020-09-15,New updates released for Ethereum network.
2020-09-16,Institutional investors flocking to crypto.
2020-09-17,Institutional investors flocking to crypto.
2020-09-18,Bitcoin crashes below support levels.
2020-09-19,"Major exchange hacked, funds stolen."
2020-09-20,Institutional investors flocking to crypto.
2020-09-21,Regulatory approval for Bitcoin ETF imminent.
2020-09-22,Tech giant announces crypto integration.
2020-09-23,Institutional investors flocking to crypto.
2020-09-24,Government announces strict crypto ban.
2020-09-25,Analysts discuss future of blockchain.
2020-09-26,Government announces strict crypto ban.
2020-09-27,Experts warn of crypto bubble bursting.
2020-09-28,Government announces strict crypto ban.
2020-09-29,Experts warn of crypto bubble bursting.
2020-09-30,Experts warn of crypto bubble bursting.
2020-10-01,Bitcoin stable around current levels.
2020-10-02,Regulatory approval for Bitcoin ETF imminent.
2020-10-03,Tech giant announces crypto integration.
2020-10-04,Trading volume remains average today.
2020-10-05,Bitcoin crashes below support levels.
2020-10-06,Government announces strict crypto ban.
2020-10-07,"Major exchange hacked, funds stolen."
2020-10-08,Bitcoin hits new all-time high!
2020-10-09,Bitcoin hits new all-time high!
2020-10-10,Bitcoin stable around current levels.
2020-10-11,Bitcoin crashes below support levels.
2020-10-12,Tech giant announces crypto integration.
2020-10-13,Tech giant announces crypto integration.
2020-10-14,Trading volume remains average today.
2020-10-15,Regulatory approval for Bitcoin ETF imminent.
2020-10-16,Market sentiment turns negative on inflation fears.
2020-10-17,Market sentiment turns negative on inflation fears.
2020-10-18,Experts warn of crypto bubble bursting.
2020-10-19,Tech giant announces crypto integration.
2020-10-20,Tech giant announces crypto integration.
2020-10-21,"Major exchange hacked, funds stolen."
2020-10-22,Bitcoin stable around current levels.
2020-10-23,Bitcoin hits new all-time high!
2020-10-24,Institutional investors flocking to crypto.
2020-10-25,Crypto conference scheduled for next week.
2020-10-26,Crypto market sees massive gains.
2020-10-27,Tech giant announces crypto integration.
2020-10-28,Crypto market sees massive gains.
2020-10-29,New updates released for Ethereum network.
2020-10-30,Market sentiment turns negative on inflation fears.
2020-10-31,Regulatory approval for Bitcoin ETF imminent.
2020-11-01,Regulatory approval for Bitcoin ETF imminent.
2020-11-02,Bitcoin stable around current levels.
2020-11-03,Tech giant announces crypto integration.
2020-11-04,"Major exchange hacked, funds stolen."
2020-11-05,New updates released for Ethereum network.
2020-11-06,Crypto market sees massive gains.
2020-11-07,Regulatory approval for Bitcoin ETF imminent.
2020-11-08,Crypto conference scheduled for next week.
2020-11-09,Bitcoin stable around current levels.
2020-11-10,Regulatory approval for Bitcoin ETF imminent.
2020-11-11,Crypto market sees massive gains.
2020-11-12,Trading volume remains average today.
2020-11-13,Institutional investors flocking to crypto.
2020-11-14,Trading volume remains average today.
2020-11-15,Market sentiment turns negative on inflation fears.
2020-11-16,Bitcoin crashes below support levels.
2020-11-17,Crypto conference scheduled for next week.
2020-11-18,Institutional investors flocking to crypto.
2020-11-19,Bitcoin stable around current levels.
2020-11-20,Bitcoin crashes below support levels.
2020-11-21,Regulatory approval for Bitcoin ETF imminent.
2020-11-22,Regulatory approval for Bitcoin ETF imminent.
2020-11-23,Tech giant announces crypto integration.
2020-11-24,Regulatory approval for Bitcoin ETF imminent.
2020-11-25,Analysts discuss future of blockchain.
2020-11-26,Market sentiment turns negative on inflation fears.
2020-11-27,Bitcoin crashes below support levels.
2020-11-28,Institutional investors flocking to crypto.
2020-11-29,Bitcoin hits new all-time high!
2020-11-30,Regulatory approval for Bitcoin ETF imminent.
2020-12-01,Government announces strict crypto ban.
2020-12-02,Bitcoin hits new all-time high!
2020-12-03,Institutional investors flocking to crypto.
2020-12-04,New updates released for Ethereum network.
2020-12-05,Analysts discuss future of blockchain.
2020-12-06,Crypto market sees massive gains.
2020-12-07,Crypto conference scheduled for next week.
2020-12-08,Analysts discuss future of blockchain.
2020-12-09,Crypto market sees massive gains.
2020-12-10,Trading volume remains average today.
2020-12-11,New updates released for Ethereum network.
2020-12-12,Institutional investors flocking to crypto.
2020-12-13,Market sentiment turns negative on inflation fears.
2020-12-14,Institutional investors flocking to crypto.
2020-12-15,Bitcoin stable around current levels.
2020-12-16,Trading volume remains average today.
2020-12-17,Institutional investors flocking to crypto.
2020-12-18,New updates released for Ethereum network.
2020-12-19,New updates released for Ethereum network.
2020-12-20,Bitcoin stable around current levels.
2020-12-21,Tech giant announces crypto integration.
2020-12-22,Government announces strict crypto ban.
2020-12-23,Institutional investors flocking to crypto.
2020-12-24,Crypto conference scheduled for next week.
2020-12-25,Government announces strict crypto ban.
2020-12-26,Tech giant announces crypto integration.
2020-12-27,Institutional investors flocking to crypto.
2020-12-28,Institutional investors flocking to crypto.
2020-12-29,Crypto market sees massive gains.
2020-12-30,"Major exchange hacked, funds stolen."
2020-12-31,Institutional investors flocking to crypto.
2021-01-01,Regulatory approval for Bitcoin ETF imminent.
2021-01-02,Institutional investors flocking to crypto.
2021-01-03,Institutional investors flocking to crypto.
2021-01-04,New updates released for Ethereum network.
2021-01-05,Crypto conference scheduled for next week.
2021-01-06,Tech giant announces crypto integration.
2021-01-07,Regulatory approval for Bitcoin ETF imminent.
2021-01-08,Crypto market sees massive gains.
2021-01-09,Analysts discuss future of blockchain.
2021-01-10,Tech giant announces crypto integration.
2021-01-11,Regulatory approval for Bitcoin ETF imminent.
2021-01-12,Bitcoin hits new all-time high!
2021-01-13,Institutional investors flocking to crypto.
2021-01-14,Crypto conference scheduled for next week.
2021-01-15,Bitcoin hits new all-time high!
2021-01-16,Bitcoin hits new all-time high!
2021-01-17,Crypto market sees massive gains.
2021-01-18,Bitcoin hits new all-time high!
2021-01-19,Tech giant announces crypto integration.
2021-01-20,Bitcoin hits new all-time high!
2021-01-21,Experts warn of crypto bubble bursting.
2021-01-22,Analysts discuss future of blockchain.
2021-01-23,Regulatory approval for Bitcoin ETF imminent.
2021-01-24,Regulatory approval for Bitcoin ETF imminent.
2021-01-25,Tech giant announces crypto integration.
2021-01-26,Institutional investors flocking to crypto.
2021-01-27,Bitcoin stable around current levels.
2021-01-28,Bitcoin stable around current levels.
2021-01-29,Tech giant announces crypto integration.
2021-01-30,Government announces strict crypto ban.
2021-01-31,Bitcoin crashes below support levels.
2021-02-01,Bitcoin stable around current levels.
2021-02-02,Trading volume remains average today.
2021-02-03,Bitcoin crashes below support levels.
2021-02-04,Market sentiment turns negative on inflation fears.
2021-02-05,Bitcoin crashes below support levels.
2021-02-06,Bitcoin stable around current levels.
2021-02-07,Institutional investors flocking to crypto.
2021-02-08,Market sentiment turns negative on inflation fears.
2021-02-09,Crypto market sees massive gains.
2021-02-10,New updates released for Ethereum network.
2021-02-11,Bitcoin stable around current levels.
2021-02-12,Analysts discuss future of blockchain.
2021-02-13,Bitcoin hits new all-time high!
2021-02-14,Experts warn of crypto bubble bursting.
2021-02-15,Crypto conference scheduled for next week.
2021-02-16,Bitcoin crashes below support levels.
2021-02-17,Analysts discuss future of blockchain.
2021-02-18,Crypto market sees massive gains.
2021-02-19,New updates released for Ethereum network.
2021-02-20,Tech giant announces crypto integration.
2021-02-21,New updates released for Ethereum network.
2021-02-22,"Major exchange hacked, funds stolen."
2021-02-23,Analysts discuss future of blockchain.
2021-02-24,Bitcoin stable around current levels.
2021-02-25,Tech giant announces crypto integration.
2021-02-26,New updates released for Ethereum network.
2021-02-27,Tech giant announces crypto integration.
2021-02-28,"Major exchange hacked, funds stolen."
2021-03-01,Tech giant announces crypto integration.
2021-03-02,Bitcoin crashes below support levels.
2021-03-03,Crypto market sees massive gains.
2021-03-04,Bitcoin stable around current levels.
2021-03-05,Crypto conference scheduled for next week.
2021-03-06,Regulatory approval for Bitcoin ETF imminent.
2021-03-07,Crypto conference scheduled for next week.
2021-03-08,Tech giant announces crypto integration.
2021-03-09,Crypto conference scheduled for next week.
2021-03-10,Tech giant announces crypto integration.
2021-03-11,Bitcoin crashes below support levels.
2021-03-12,Trading volume remains average today.
2021-03-13,Regulatory approval for Bitcoin ETF imminent.
2021-03-14,Institutional investors flocking to crypto.
2021-03-15,Regulatory approval for Bitcoin ETF imminent.
2021-03-16,Tech giant announces crypto integration.
2021-03-17,Experts warn of crypto bubble bursting.
2021-03-18,Institutional investors flocking to crypto.
2021-03-19,New updates released for Ethereum network.
2021-03-20,Regulatory approval for Bitcoin ETF imminent.
2021-03-21,Market sentiment turns negative on inflation fears.
2021-03-22,Market sentiment turns negative on inflation fears.
2021-03-23,Crypto conference scheduled for next week.
2021-03-24,Trading volume remains average today.
2021-03-25,Trading volume remains average today.
2021-03-26,Analysts discuss future of blockchain.
2021-03-27,"Major exchange hacked, funds stolen."
2021-03-28,Bitcoin hits new all-time high!
2021-03-29,Institutional investors flocking to crypto.
2021-03-30,Bitcoin crashes below support levels.
2021-03-31,Government announces strict crypto ban.
2021-04-01,Bitcoin stable around current levels.
2021-04-02,Bitcoin hits new all-time high!
2021-04-03,Crypto market sees massive gains.
2021-04-04,New updates released for Ethereum network.
2021-04-05,Market sentiment turns negative on inflation fears.
2021-04-06,Tech giant announces crypto integration.
2021-04-07,Bitcoin stable around current levels.
2021-04-08,New updates released for Ethereum network.
2021-04-09,Crypto market sees massive gains.
2021-04-10,Regulatory approval for Bitcoin ETF imminent.
2021-04-11,Experts warn of crypto bubble bursting.
2021-04-12,Bitcoin crashes below support levels.
2021-04-13,Bitcoin stable around current levels.
2021-04-14,Crypto conference scheduled for next week.
2021-04-15,Institutional investors flocking to crypto.
2021-04-16,Crypto market sees massive gains.
2021-04-17,New updates released for Ethereum network.
2021-04-18,Bitcoin crashes below support levels.
2021-04-19,Bitcoin hits new all-time high!
2021-04-20,Bitcoin hits new all-time high!
2021-04-21,Crypto conference scheduled for next week.
2021-04-22,Institutional investors flocking to crypto.
2021-04-23,Crypto conference scheduled for next week.
2021-04-24,Trading volume remains average today.
2021-04-25,"Major exchange hacked, funds stolen."
2021-04-26,Market sentiment turns negative on inflation fears.
2021-04-27,Crypto conference scheduled for next week.
2021-04-28,Government announces strict crypto ban.
2021-04-29,Institutional investors flocking to crypto.
2021-04-30,Government announces strict crypto ban.
2021-05-01,Bitcoin stable around current levels.
2021-05-02,Crypto market sees massive gains.
2021-05-03,Institutional investors flocking to crypto.
2021-05-04,Experts warn of crypto bubble bursting.
2021-05-05,Crypto market sees massive gains.
2021-05-06,Trading volume remains average today.
2021-05-07,Government announces strict crypto ban.
2021-05-08,Experts warn of crypto bubble bursting.
2021-05-09,New updates released for Ethereum network.
2021-05-10,Tech giant announces crypto integration.
2021-05-11,Crypto market sees massive gains.
2021-05-12,Tech giant announces crypto integration.
2021-05-13,Bitcoin crashes below support levels.
2021-05-14,Institutional investors flocking to crypto.
2021-05-15,Institutional investors flocking to crypto.
2021-05-16,Institutional investors flocking to crypto.
2021-05-17,Bitcoin crashes below support levels.
2021-05-18,New updates released for Ethereum network.
2021-05-19,Trading volume remains average today.
2021-05-20,Experts warn of crypto bubble bursting.
2021-05-21,Bitcoin stable around current levels.
2021-05-22,Market sentiment turns negative on inflation fears.
2021-05-23,Experts warn of crypto bubble bursting.
2021-05-24,Crypto market sees massive gains.
2021-05-25,New updates released for Ethereum network.
2021-05-26,Bitcoin crashes below support levels.
2021-05-27,Government announces strict crypto ban.
2021-05-28,Trading volume remains average today.
2021-05-29,"Major exchange hacked, funds stolen."
2021-05-30,New updates released for Ethereum network.
2021-05-31,Bitcoin crashes below support levels.
2021-06-01,Bitcoin hits new all-time high!
2021-06-02,Trading volume remains average today.
2021-06-03,Experts warn of crypto bubble bursting.
2021-06-04,New updates released for Ethereum network.
2021-06-05,Analysts discuss future of blockchain.
2021-06-06,Crypto market sees massive gains.
2021-06-07,Trading volume remains average today.
2021-06-08,Experts warn of crypto bubble bursting.
2021-06-09,Crypto market sees massive gains.
2021-06-10,Crypto conference scheduled for next week.
2021-06-11,Crypto conference scheduled for next week.
2021-06-12,Experts warn of crypto bubble bursting.
2021-06-13,Bitcoin stable around current levels.
2021-06-14,Bitcoin crashes below support levels.
2021-06-15,Institutional investors flocking to crypto.
2021-06-16,Institutional investors flocking to crypto.
2021-06-17,Bitcoin crashes below support levels.
2021-06-18,Analysts discuss future of blockchain.
2021-06-19,Institutional investors flocking to crypto.
2021-06-20,Experts warn of crypto bubble bursting.
2021-06-21,Institutional investors flocking to crypto.
2021-06-22,Bitcoin stable around current levels.
2021-06-23,Crypto conference scheduled for next week.
2021-06-24,Bitcoin crashes below support levels.
2021-06-25,Regulatory approval for Bitcoin ETF imminent.
2021-06-26,Experts warn of crypto bubble bursting.
2021-06-27,Crypto conference scheduled for next week.
2021-06-28,Institutional investors flocking to crypto.
2021-06-29,Experts warn of crypto bubble bursting.
2021-06-30,Institutional investors flocking to crypto.
2021-07-01,Regulatory approval for Bitcoin ETF imminent.
2021-07-02,New updates released for Ethereum network.
2021-07-03,Bitcoin crashes below support levels.
2021-07-04,Bitcoin stable around current levels.
2021-07-05,Bitcoin stable around current levels.
2021-07-06,Government announces strict crypto ban.
2021-07-07,Tech giant announces crypto integration.
2021-07-08,Institutional investors flocking to crypto.
2021-07-09,Experts warn of crypto bubble bursting.
2021-07-10,Experts warn of crypto bubble bursting.
2021-07-11,"Major exchange hacked, funds stolen."
2021-07-12,Tech giant announces crypto integration.
2021-07-13,Tech giant announces crypto integration.
2021-07-14,Regulatory approval for Bitcoin ETF imminent.
2021-07-15,Market sentiment turns negative on inflation fears.
2021-07-16,Crypto conference scheduled for next week.
2021-07-17,Bitcoin hits new all-time high!
2021-07-18,New updates released for Ethereum network.
2021-07-19,Institutional investors flocking to crypto.
2021-07-20,Government announces strict crypto ban.
2021-07-21,Bitcoin hits new all-time high!
2021-07-22,"Major exchange hacked, funds stolen."
2021-07-23,Bitcoin crashes below support levels.
2021-07-24,Crypto conference scheduled for next week.
2021-07-25,Bitcoin stable around current levels.
2021-07-26,Crypto market sees massive gains.
2021-07-27,Tech giant announces crypto integration.
2021-07-28,Bitcoin stable around current levels.
2021-07-29,Market sentiment turns negative on inflation fears.
2021-07-30,Regulatory approval for Bitcoin ETF imminent.
2021-07-31,Regulatory approval for Bitcoin ETF imminent.
2021-08-01,Trading volume remains average today.
2021-08-02,New updates released for Ethereum network.
2021-08-03,Crypto conference scheduled for next week.
2021-08-04,Bitcoin hits new all-time high!
2021-08-05,Government announces strict crypto ban.
2021-08-06,Government announces strict crypto ban.
2021-08-07,New updates released for Ethereum network.
2021-08-08,Bitcoin crashes below support levels.
2021-08-09,"Major exchange hacked, funds stolen."
2021-08-10,Market sentiment turns negative on inflation fears.
2021-08-11,Institutional investors flocking to crypto.
2021-08-12,Trading volume remains average today.
2021-08-13,Government announces strict crypto ban.
2021-08-14,"Major exchange hacked, funds stolen."
2021-08-15,Institutional investors flocking to crypto.
2021-08-16,Bitcoin hits new all-time high!
2021-08-17,Crypto market sees massive gains.
2021-08-18,Crypto conference scheduled for next week.
2021-08-19,Bitcoin hits new all-time high!
2021-08-20,Institutional investors flocking to crypto.
2021-08-21,Regulatory approval for Bitcoin ETF imminent.
2021-08-22,New updates released for Ethereum network.
2021-08-23,Trading volume remains average today.
2021-08-24,Institutional investors flocking to crypto.
2021-08-25,Government announces strict crypto ban.
2021-08-26,Regulatory approval for Bitcoin ETF imminent.
2021-08-27,Analysts discuss future of blockchain.
2021-08-28,Bitcoin hits new all-time high!
2021-08-29,Bitcoin hits new all-time high!
2021-08-30,New updates released for Ethereum network.
2021-08-31,Crypto market sees massive gains.
2021-09-01,Tech giant announces crypto integration.
2021-09-02,Bitcoin stable around current levels.
2021-09-03,Bitcoin hits new all-time high!
2021-09-04,"Major exchange hacked, funds stolen."
2021-09-05,Tech giant announces crypto integration.
2021-09-06,New updates released for Ethereum network.
2021-09-07,Crypto market sees massive gains.
2021-09-08,Trading volume remains average today.
2021-09-09,Market sentiment turns negative on inflation fears.
2021-09-10,Regulatory approval for Bitcoin ETF imminent.
2021-09-11,New updates released for Ethereum network.
2021-09-12,Regulatory approval for Bitcoin ETF imminent.
2021-09-13,Experts warn of crypto bubble bursting.
2021-09-14,Crypto market sees massive gains.
2021-09-15,Bitcoin crashes below support levels.
2021-09-16,Crypto conference scheduled for next week.
2021-09-17,Tech giant announces crypto integration.
2021-09-18,Institutional investors flocking to crypto.
2021-09-19,Government announces strict crypto ban.
2021-09-20,Crypto conference scheduled for next week.
2021-09-21,Crypto market sees massive gains.
2021-09-22,Tech giant announces crypto integration.
2021-09-23,Government announces strict crypto ban.
2021-09-24,Crypto market sees massive gains.
2021-09-25,Crypto market sees massive gains.
2021-09-26,Crypto conference scheduled for next week.
2021-09-27,Institutional investors flocking to crypto.
2021-09-28,Tech giant announces crypto integration.
2021-09-29,"Major exchange hacked, funds stolen."
2021-09-30,Analysts discuss future of blockchain.
2021-10-01,Crypto market sees massive gains.
2021-10-02,Crypto conference scheduled for next week.
2021-10-03,"Major exchange hacked, funds stolen."
2021-10-04,Tech giant announces crypto integration.
2021-10-05,Analysts discuss future of blockchain.
2021-10-06,Crypto conference scheduled for next week.
2021-10-07,Crypto market sees massive gains.
2021-10-08,Market sentiment turns negative on inflation fears.
2021-10-09,New updates released for Ethereum network.
2021-10-10,Analysts discuss future of blockchain.
2021-10-11,"Major exchange hacked, funds stolen."
2021-10-12,New updates released for Ethereum network.
2021-10-13,Bitcoin hits new all-time high!
2021-10-14,Analysts discuss future of blockchain.
2021-10-15,Tech giant announces crypto integration.
2021-10-16,Bitcoin stable around current levels.
2021-10-17,Experts warn of crypto bubble bursting.
2021-10-18,Government announces strict crypto ban.
2021-10-19,Trading volume remains average today.
2021-10-20,"Major exchange hacked, funds stolen."
2021-10-21,Tech giant announces crypto integration.
2021-10-22,Bitcoin stable around current levels.
2021-10-23,New updates released for Ethereum network.
2021-10-24,Institutional investors flocking to crypto.
2021-10-25,Government announces strict crypto ban.
2021-10-26,Trading volume remains average today.
2021-10-27,New updates released for Ethereum network.
2021-10-28,Crypto market sees massive gains.
2021-10-29,Experts warn of crypto bubble bursting.
2021-10-30,Institutional investors flocking to crypto.
2021-10-31,Bitcoin stable around current levels.
2021-11-01,Government announces strict crypto ban.
2021-11-02,Crypto conference scheduled for next week.
2021-11-03,Crypto market sees massive gains.
2021-11-04,Bitcoin hits new all-time high!
2021-11-05,"Major exchange hacked, funds stolen."
2021-11-06,"Major exchange hacked, funds stolen."
2021-11-07,Regulatory approval for Bitcoin ETF imminent.
2021-11-08,Trading volume remains average today.
2021-11-09,Institutional investors flocking to crypto.
2021-11-10,Bitcoin stable around current levels.
2021-11-11,Bitcoin crashes below support levels.
2021-11-12,Regulatory approval for Bitcoin ETF imminent.
2021-11-13,Crypto market sees massive gains.
2021-11-14,Bitcoin crashes below support levels.
2021-11-15,Bitcoin stable around current levels.
2021-11-16,Trading volume remains average today.
2021-11-17,Analysts discuss future of blockchain.
2021-11-18,New updates released for Ethereum network.
2021-11-19,New updates released for Ethereum network.
2021-11-20,Bitcoin crashes below support levels.
2021-11-21,"Major exchange hacked, funds stolen."
2021-11-22,Government announces strict crypto ban.
2021-11-23,Government announces strict crypto ban.
2021-11-24,Regulatory approval for Bitcoin ETF imminent.
2021-11-25,Analysts discuss future of blockchain.
2021-11-26,Crypto conference scheduled for next week.
2021-11-27,Experts warn of crypto bubble bursting.
2021-11-28,Regulatory approval for Bitcoin ETF imminent.
2021-11-29,Market sentiment turns negative on inflation fears.
2021-11-30,New updates released for Ethereum network.
2021-12-01,Experts warn of crypto bubble bursting.
2021-12-02,Bitcoin crashes below support levels.
2021-12-03,Crypto conference scheduled for next week.
2021-12-04,Experts warn of crypto bubble bursting.
2021-12-05,Bitcoin stable around current levels.
2021-12-06,Crypto market sees massive gains.
2021-12-07,Bitcoin stable around current levels.
2021-12-08,Government announces strict crypto ban.
2021-12-09,Trading volume remains average today.
2021-12-10,Regulatory approval for Bitcoin ETF imminent.
2021-12-11,Bitcoin crashes below support levels.
2021-12-12,Crypto conference scheduled for next week.
2021-12-13,Crypto conference scheduled for next week.
2021-12-14,Tech giant announces crypto integration.
2021-12-15,Tech giant announces crypto integration.
2021-12-16,Bitcoin hits new all-time high!
2021-12-17,Regulatory approval for Bitcoin ETF imminent.
2021-12-18,"Major exchange hacked, funds stolen."
2021-12-19,Experts warn of crypto bubble bursting.
2021-12-20,Experts warn of crypto bubble bursting.
2021-12-21,Crypto conference scheduled for next week.
2021-12-22,Market sentiment turns negative on inflation fears.
2021-12-23,New updates released for Ethereum network.
2021-12-24,Tech giant announces crypto integration.
2021-12-25,Crypto market sees massive gains.
2021-12-26,Trading volume remains average today.
2021-12-27,Tech giant announces crypto integration.
2021-12-28,Bitcoin crashes below support levels.
2021-12-29,Analysts discuss future of blockchain.
2021-12-30,Regulatory approval for Bitcoin ETF imminent.
2021-12-31,Government announces strict crypto ban.
2022-01-01,"Major exchange hacked, funds stolen."
2022-01-02,Bitcoin crashes below support levels.
2022-01-03,Government announces strict crypto ban.
2022-01-04,Institutional investors flocking to crypto.
2022-01-05,Institutional investors flocking to crypto.
2022-01-06,Analysts discuss future of blockchain.
2022-01-07,New updates released for Ethereum network.
2022-01-08,Crypto conference scheduled for next week.
2022-01-09,Crypto conference scheduled for next week.
2022-01-10,"Major exchange hacked, funds stolen."
2022-01-11,Institutional investors flocking to crypto.
2022-01-12,Experts warn of crypto bubble bursting.
2022-01-13,Institutional investors flocking to crypto.
2022-01-14,Experts warn of crypto bubble bursting.
2022-01-15,Bitcoin stable around current levels.
2022-01-16,Bitcoin hits new all-time high!
2022-01-17,Crypto conference scheduled for next week.
2022-01-18,Trading volume remains average today.
2022-01-19,Trading volume remains average today.
2022-01-20,Experts warn of crypto bubble bursting.
2022-01-21,Bitcoin stable around current levels.
2022-01-22,Crypto market sees massive gains.
2022-01-23,Experts warn of crypto bubble bursting.
2022-01-24,Tech giant announces crypto integration.
2022-01-25,Experts warn of crypto bubble bursting.
2022-01-26,Institutional investors flocking to crypto.
2022-01-27,Market sentiment turns negative on inflation fears.
2022-01-28,Institutional investors flocking to crypto.
2022-01-29,Crypto market sees massive gains.
2022-01-30,Regulatory approval for Bitcoin ETF imminent.
2022-01-31,Market sentiment turns negative on inflation fears.
2022-02-01,Bitcoin hits new all-time high!
2022-02-02,Bitcoin stable around current levels.
2022-02-03,New updates released for Ethereum network.
2022-02-04,Bitcoin crashes below support levels.
2022-02-05,Bitcoin hits new all-time high!
2022-02-06,"Major exchange hacked, funds stolen."
2022-02-07,Experts warn of crypto bubble bursting.
2022-02-08,Crypto conference scheduled for next week.
2022-02-09,Experts warn of crypto bubble bursting.
2022-02-10,Market sentiment turns negative on inflation fears.
2022-02-11,Bitcoin stable around current levels.
2022-02-12,New updates released for Ethereum network.
2022-02-13,Market sentiment turns negative on inflation fears.
2022-02-14,New updates released for Ethereum network.
2022-02-15,Crypto conference scheduled for next week.
2022-02-16,New updates released for Ethereum network.
2022-02-17,Experts warn of crypto bubble bursting.
2022-02-18,Regulatory approval for Bitcoin ETF imminent.
2022-02-19,Tech giant announces crypto integration.
2022-02-20,"Major exchange hacked, funds stolen."
2022-02-21,"Major exchange hacked, funds stolen."
2022-02-22,Bitcoin stable around current levels.
2022-02-23,Market sentiment turns negative on inflation fears.
2022-02-24,Regulatory approval for Bitcoin ETF imminent.
2022-02-25,Bitcoin crashes below support levels.
2022-02-26,Tech giant announces crypto integration.
2022-02-27,Crypto market sees massive gains.
2022-02-28,Bitcoin hits new all-time high!
2022-03-01,Crypto conference scheduled for next week.
2022-03-02,Trading volume remains average today.
2022-03-03,Institutional investors flocking to crypto.
2022-03-04,Trading volume remains average today.
2022-03-05,"Major exchange hacked, funds stolen."
2022-03-06,Government announces strict crypto ban.
2022-03-07,"Major exchange hacked, funds stolen."
2022-03-08,Market sentiment turns negative on inflation fears.
2022-03-09,Bitcoin crashes below support levels.
2022-03-10,New updates released for Ethereum network.
2022-03-11,Bitcoin crashes below support levels.
2022-03-12,Market sentiment turns negative on inflation fears.
2022-03-13,Institutional investors flocking to crypto.
2022-03-14,New updates released for Ethereum network.
2022-03-15,Experts warn of crypto bubble bursting.
2022-03-16,Bitcoin hits new all-time high!
2022-03-17,Regulatory approval for Bitcoin ETF imminent.
2022-03-18,Bitcoin hits new all-time high!
2022-03-19,Institutional investors flocking to crypto.
2022-03-20,Crypto conference scheduled for next week.
2022-03-21,Regulatory approval for Bitcoin ETF imminent.
2022-03-22,Institutional investors flocking to crypto.
2022-03-23,Analysts discuss future of blockchain.
2022-03-24,Crypto market sees massive gains.
2022-03-25,Bitcoin hits new all-time high!
2022-03-26,Institutional investors flocking to crypto.
2022-03-27,New updates released for Ethereum network.
2022-03-28,Experts warn of crypto bubble bursting.
2022-03-29,Tech giant announces crypto integration.
2022-03-30,New updates released for Ethereum network.
2022-03-31,Analysts discuss future of blockchain.
2022-04-01,Bitcoin stable around current levels.
2022-04-02,Crypto market sees massive gains.
2022-04-03,Government announces strict crypto ban.
2022-04-04,Regulatory approval for Bitcoin ETF imminent.
2022-04-05,Regulatory approval for Bitcoin ETF imminent.
2022-04-06,Experts warn of crypto bubble bursting.
2022-04-07,Regulatory approval for Bitcoin ETF imminent.
2022-04-08,Bitcoin hits new all-time high!
2022-04-09,Government announces strict crypto ban.
2022-04-10,Bitcoin crashes below support levels.
2022-04-11,Trading volume remains average today.
2022-04-12,New updates released for Ethereum network.
2022-04-13,Tech giant announces crypto integration.
2022-04-14,Market sentiment turns negative on inflation fears.
2022-04-15,"Major exchange hacked, funds stolen."
2022-04-16,Regulatory approval for Bitcoin ETF imminent.
2022-04-17,Trading volume remains average today.
2022-04-18,Tech giant announces crypto integration.
2022-04-19,Bitcoin stable around current levels.
2022-04-20,Analysts discuss future of blockchain.
2022-04-21,Market sentiment turns negative on inflation fears.
2022-04-22,Tech giant announces crypto integration.
2022-04-23,Trading volume remains average today.
2022-04-24,Analysts discuss future of blockchain.
2022-04-25,Trading volume remains average today.
2022-04-26,Tech giant announces crypto integration.
2022-04-27,Trading volume remains average today.
2022-04-28,Bitcoin crashes below support levels.
2022-04-29,Crypto conference scheduled for next week.
2022-04-30,Crypto market sees massive gains.
2022-05-01,Analysts discuss future of blockchain.
2022-05-02,New updates released for Ethereum network.
2022-05-03,Government announces strict crypto ban.
2022-05-04,Government announces strict crypto ban.
2022-05-05,Crypto market sees massive gains.
2022-05-06,Bitcoin hits new all-time high!
2022-05-07,Regulatory approval for Bitcoin ETF imminent.
2022-05-08,Crypto market sees massive gains.
2022-05-09,"Major exchange hacked, funds stolen."
2022-05-10,Crypto conference scheduled for next week.
2022-05-11,Trading volume remains average today.
2022-05-12,Crypto market sees massive gains.
2022-05-13,Trading volume remains average today.
2022-05-14,Bitcoin stable around current levels.
2022-05-15,"Major exchange hacked, funds stolen."
2022-05-16,Crypto conference scheduled for next week.
2022-05-17,Tech giant announces crypto integration.
2022-05-18,Government announces strict crypto ban.
2022-05-19,Bitcoin crashes below support levels.
2022-05-20,Crypto market sees massive gains.
2022-05-21,Regulatory approval for Bitcoin ETF imminent.
2022-05-22,Crypto conference scheduled for next week.
2022-05-23,Bitcoin crashes below support levels.
2022-05-24,Regulatory approval for Bitcoin ETF imminent.
2022-05-25,"Major exchange hacked, funds stolen."
2022-05-26,Institutional investors flocking to crypto.
2022-05-27,Regulatory approval for Bitcoin ETF imminent.
2022-05-28,Bitcoin hits new all-time high!
2022-05-29,Experts warn of crypto bubble bursting.
2022-05-30,Tech giant announces crypto integration.
2022-05-31,New updates released for Ethereum network.
2022-06-01,Market sentiment turns negative on inflation fears.
2022-06-02,Bitcoin hits new all-time high!
2022-06-03,New updates released for Ethereum network.
2022-06-04,"Major exchange hacked, funds stolen."
2022-06-05,Analysts discuss future of blockchain.
2022-06-06,Market sentiment turns negative on inflation fears.
2022-06-07,Trading volume remains average today.
2022-06-08,Regulatory approval for Bitcoin ETF imminent.
2022-06-09,Market sentiment turns negative on inflation fears.
2022-06-10,Bitcoin hits new all-time high!
2022-06-11,Regulatory approval for Bitcoin ETF imminent.
2022-06-12,Institutional investors flocking to crypto.
2022-06-13,Tech giant announces crypto integration.
2022-06-14,Crypto market sees massive gains.
2022-06-15,Institutional investors flocking to crypto.
2022-06-16,New updates released for Ethereum network.
2022-06-17,New updates released for Ethereum network.
2022-06-18,Trading volume remains average today.
2022-06-19,Experts warn of crypto bubble bursting.
2022-06-20,Market sentiment turns negative on inflation fears.
2022-06-21,Experts warn of crypto bubble bursting.
2022-06-22,Bitcoin hits new all-time high!
2022-06-23,"Major exchange hacked, funds stolen."
2022-06-24,Regulatory approval for Bitcoin ETF imminent.
2022-06-25,Bitcoin crashes below support levels.
2022-06-26,Institutional investors flocking to crypto.
2022-06-27,Analysts discuss future of blockchain.
2022-06-28,Trading volume remains average today.
2022-06-29,Tech giant announces crypto integration.
2022-06-30,Bitcoin hits new all-time high!
2022-07-01,"Major exchange hacked, funds stolen."
2022-07-02,Bitcoin crashes below support levels.
2022-07-03,Bitcoin stable around current levels.
2022-07-04,Market sentiment turns negative on inflation fears.
2022-07-05,Tech giant announces crypto integration.
2022-07-06,Bitcoin hits new all-time high!
2022-07-07,Regulatory approval for Bitcoin ETF imminent.
2022-07-08,Analysts discuss future of blockchain.
2022-07-09,Bitcoin hits new all-time high!
2022-07-10,Bitcoin hits new all-time high!
2022-07-11,Experts warn of crypto bubble bursting.
2022-07-12,New updates released for Ethereum network.
2022-07-13,Government announces strict crypto ban.
2022-07-14,Bitcoin crashes below support levels.
2022-07-15,New updates released for Ethereum network.
2022-07-16,Tech giant announces crypto integration.
2022-07-17,Tech giant announces crypto integration.
2022-07-18,Market sentiment turns negative on inflation fears.
2022-07-19,Tech giant announces crypto integration.
2022-07-20,Crypto market sees massive gains.
2022-07-21,Institutional investors flocking to crypto.
2022-07-22,Institutional investors flocking to crypto.
2022-07-23,Bitcoin hits new all-time high!
2022-07-24,Experts warn of crypto bubble bursting.
2022-07-25,Experts warn of crypto bubble bursting.
2022-07-26,"Major exchange hacked, funds stolen."
2022-07-27,"Major exchange hacked, funds stolen."
2022-07-28,Bitcoin crashes below support levels.
2022-07-29,Experts warn of crypto bubble bursting.
2022-07-30,Regulatory approval for Bitcoin ETF imminent.
2022-07-31,Institutional investors flocking to crypto.
2022-08-01,Regulatory approval for Bitcoin ETF imminent.
2022-08-02,Market sentiment turns negative on inflation fears.
2022-08-03,Government announces strict crypto ban.
2022-08-04,Bitcoin stable around current levels.
2022-08-05,Regulatory approval for Bitcoin ETF imminent.
2022-08-06,Trading volume remains average today.
2022-08-07,Bitcoin hits new all-time high!
2022-08-08,Bitcoin stable around current levels.
2022-08-09,Institutional investors flocking to crypto.
2022-08-10,Government announces strict crypto ban.
2022-08-11,Analysts discuss future of blockchain.
2022-08-12,Bitcoin hits new all-time high!
2022-08-13,Bitcoin hits new all-time high!
2022-08-14,Experts warn of crypto bubble bursting.
2022-08-15,Regulatory approval for Bitcoin ETF imminent.
2022-08-16,Regulatory approval for Bitcoin ETF imminent.
2022-08-17,Crypto conference scheduled for next week.
2022-08-18,Market sentiment turns negative on inflation fears.
2022-08-19,Bitcoin hits new all-time high!
2022-08-20,New updates released for Ethereum network.
2022-08-21,Crypto conference scheduled for next week.
2022-08-22,Tech giant announces crypto integration.
2022-08-23,New updates released for Ethereum network.
2022-08-24,Bitcoin stable around current levels.
2022-08-25,Experts warn of crypto bubble bursting.
2022-08-26,Analysts discuss future of blockchain.
2022-08-27,Bitcoin crashes below support levels.
2022-08-28,Experts warn of crypto bubble bursting.
2022-08-29,New updates released for Ethereum network.
2022-08-30,Crypto conference scheduled for next week.
2022-08-31,Bitcoin hits new all-time high!
2022-09-01,Tech giant announces crypto integration.
2022-09-02,Regulatory approval for Bitcoin ETF imminent.
2022-09-03,Regulatory approval for Bitcoin ETF imminent.
2022-09-04,Analysts discuss future of blockchain.
2022-09-05,Crypto conference scheduled for next week.
2022-09-06,Regulatory approval for Bitcoin ETF imminent.
2022-09-07,New updates released for Ethereum network.
2022-09-08,Bitcoin hits new all-time high!
2022-09-09,Market sentiment turns negative on inflation fears.
2022-09-10,Bitcoin crashes below support levels.
2022-09-11,Trading volume remains average today.
2022-09-12,Bitcoin crashes below support levels.
2022-09-13,Bitcoin stable around current levels.
2022-09-14,Crypto market sees massive gains.
2022-09-15,Government announces strict crypto ban.
2022-09-16,Bitcoin crashes below support levels.
2022-09-17,Regulatory approval for Bitcoin ETF imminent.
2022-09-18,Government announces strict crypto ban.
2022-09-19,Market sentiment turns negative on inflation fears.
2022-09-20,Regulatory approval for Bitcoin ETF imminent.
2022-09-21,Bitcoin hits new all-time high!
2022-09-22,Experts warn of crypto bubble bursting.
2022-09-23,Market sentiment turns negative on inflation fears.
2022-09-24,Regulatory approval for Bitcoin ETF imminent.
2022-09-25,Tech giant announces crypto integration.
2022-09-26,Analysts discuss future of blockchain.
2022-09-27,Experts warn of crypto bubble bursting.
2022-09-28,Trading volume remains average today.
2022-09-29,Tech giant announces crypto integration.
2022-09-30,Crypto conference scheduled for next week.
2022-10-01,Institutional investors flocking to crypto.
2022-10-02,Bitcoin crashes below support levels.
2022-10-03,"Major exchange hacked, funds stolen."
2022-10-04,Trading volume remains average today.
2022-10-05,Tech giant announces crypto integration.
2022-10-06,Regulatory approval for Bitcoin ETF imminent.
2022-10-07,Tech giant announces crypto integration.
2022-10-08,Tech giant announces crypto integration.
2022-10-09,Institutional investors flocking to crypto.
2022-10-10,Market sentiment turns negative on inflation fears.
2022-10-11,New updates released for Ethereum network.
2022-10-12,Crypto market sees massive gains.
2022-10-13,New updates released for Ethereum network.
2022-10-14,Analysts discuss future of blockchain.
2022-10-15,Bitcoin hits new all-time high!
2022-10-16,Market sentiment turns negative on inflation fears.
2022-10-17,Market sentiment turns negative on inflation fears.
2022-10-18,Bitcoin hits new all-time high!
2022-10-19,Institutional investors flocking to crypto.
2022-10-20,Tech giant announces crypto integration.
2022-10-21,Regulatory approval for Bitcoin ETF imminent.
2022-10-22,Government announces strict crypto ban.
2022-10-23,Tech giant announces crypto integration.
2022-10-24,Crypto market sees massive gains.
2022-10-25,Institutional investors flocking to crypto.
2022-10-26,Regulatory approval for Bitcoin ETF imminent.
2022-10-27,Crypto conference scheduled for next week.
2022-10-28,Crypto market sees massive gains.
2022-10-29,Crypto market sees massive gains.
2022-10-30,Crypto market sees massive gains.
2022-10-31,Trading volume remains average today.
2022-11-01,Regulatory approval for Bitcoin ETF imminent.
2022-11-02,Trading volume remains average today.
2022-11-03,Bitcoin crashes below support levels.
2022-11-04,Bitcoin crashes below support levels.
2022-11-05,"Major exchange hacked, funds stolen."
2022-11-06,Bitcoin stable around current levels.
2022-11-07,Government announces strict crypto ban.
2022-11-08,Crypto conference scheduled for next week.
2022-11-09,Analysts discuss future of blockchain.
2022-11-10,Crypto market sees massive gains.
2022-11-11,Experts warn of crypto bubble bursting.
2022-11-12,Tech giant announces crypto integration.
2022-11-13,Crypto conference scheduled for next week.
2022-11-14,Experts warn of crypto bubble bursting.
2022-11-15,Tech giant announces crypto integration.
2022-11-16,Bitcoin crashes below support levels.
2022-11-17,Bitcoin hits new all-time high!
2022-11-18,Experts warn of crypto bubble bursting.
2022-11-19,Bitcoin stable around current levels.
2022-11-20,Crypto conference scheduled for next week.
2022-11-21,Crypto market sees massive gains.
2022-11-22,Bitcoin crashes below support levels.
2022-11-23,Crypto conference scheduled for next week.
2022-11-24,Institutional investors flocking to crypto.
2022-11-25,Crypto conference scheduled for next week.
2022-11-26,Bitcoin hits new all-time high!
2022-11-27,Bitcoin hits new all-time high!
2022-11-28,Crypto conference scheduled for next week.
2022-11-29,Institutional investors flocking to crypto.
2022-11-30,Regulatory approval for Bitcoin ETF imminent.
2022-12-01,Crypto market sees massive gains.
2022-12-02,New updates released for Ethereum network.
2022-12-03,Regulatory approval for Bitcoin ETF imminent.
2022-12-04,Analysts discuss future of blockchain.
2022-12-05,Bitcoin hits new all-time high!
2022-12-06,Crypto market sees massive gains.
2022-12-07,"Major exchange hacked, funds stolen."
2022-12-08,Trading volume remains average today.
2022-12-09,Tech giant announces crypto integration.
2022-12-10,Regulatory approval for Bitcoin ETF imminent.
2022-12-11,Experts warn of crypto bubble bursting.
2022-12-12,Bitcoin hits new all-time high!
2022-12-13,Bitcoin crashes below support levels.
2022-12-14,Market sentiment turns negative on inflation fears.
2022-12-15,Institutional investors flocking to crypto.
2022-12-16,Regulatory approval for Bitcoin ETF imminent.
2022-12-17,Bitcoin hits new all-time high!
2022-12-18,Tech giant announces crypto integration.
2022-12-19,Market sentiment turns negative on inflation fears.
2022-12-20,"Major exchange hacked, funds stolen."
2022-12-21,Government announces strict crypto ban.
2022-12-22,Regulatory approval for Bitcoin ETF imminent.
2022-12-23,Regulatory approval for Bitcoin ETF imminent.
2022-12-24,"Major exchange hacked, funds stolen."
2022-12-25,Tech giant announces crypto integration.
2022-12-26,Bitcoin stable around current levels.
2022-12-27,Regulatory approval for Bitcoin ETF imminent.
2022-12-28,Government announces strict crypto ban.
2022-12-29,Government announces strict crypto ban.
2022-12-30,Bitcoin hits new all-time high!
2022-12-31,Bitcoin hits new all-time high!
2023-01-01,Market sentiment turns negative on inflation fears.
2023-01-02,Institutional investors flocking to crypto.
2023-01-03,Regulatory approval for Bitcoin ETF imminent.
2023-01-04,Bitcoin crashes below support levels.
2023-01-05,Trading volume remains average today.
2023-01-06,Bitcoin stable around current levels.
2023-01-07,Tech giant announces crypto integration.
2023-01-08,Analysts discuss future of blockchain.
2023-01-09,Experts warn of crypto bubble bursting.
2023-01-10,Bitcoin crashes below support levels.
2023-01-11,Tech giant announces crypto integration.
2023-01-12,Crypto market sees massive gains.
2023-01-13,Market sentiment turns negative on inflation fears.
2023-01-14,Regulatory approval for Bitcoin ETF imminent.
2023-01-15,Trading volume remains average today.
2023-01-16,Government announces strict crypto ban.
2023-01-17,Institutional investors flocking to crypto.
2023-01-18,Bitcoin stable around current levels.
2023-01-19,Regulatory approval for Bitcoin ETF imminent.
2023-01-20,Crypto market sees massive gains.
2023-01-21,Market sentiment turns negative on inflation fears.
2023-01-22,Tech giant announces crypto integration.
2023-01-23,Tech giant announces crypto integration.
2023-01-24,Trading volume remains average today.
2023-01-25,Bitcoin stable around current levels.
2023-01-26,Institutional investors flocking to crypto.
2023-01-27,Bitcoin hits new all-time high!
2023-01-28,Government announces strict crypto ban.
2023-01-29,Crypto market sees massive gains.
2023-01-30,Bitcoin stable around current levels.
2023-01-31,Bitcoin crashes below support levels.
2023-02-01,Bitcoin stable around current levels.
2023-02-02,Government announces strict crypto ban.
2023-02-03,Institutional investors flocking to crypto.
2023-02-04,Analysts discuss future of blockchain.
2023-02-05,Institutional investors flocking to crypto.
2023-02-06,Regulatory approval for Bitcoin ETF imminent.
2023-02-07,Trading volume remains average today.
2023-02-08,"Major exchange hacked, funds stolen."
2023-02-09,Regulatory approval for Bitcoin ETF imminent.
2023-02-10,Crypto conference scheduled for next week.
2023-02-11,Government announces strict crypto ban.
2023-02-12,Experts warn of crypto bubble bursting.
2023-02-13,Regulatory approval for Bitcoin ETF imminent.
2023-02-14,Analysts discuss future of blockchain.
2023-02-15,Experts warn of crypto bubble bursting.
2023-02-16,Government announces strict crypto ban.
2023-02-17,Regulatory approval for Bitcoin ETF imminent.
2023-02-18,Experts warn of crypto bubble bursting.
2023-02-19,Bitcoin stable around current levels.
2023-02-20,Experts warn of crypto bubble bursting.
2023-02-21,Regulatory approval for Bitcoin ETF imminent.
2023-02-22,Crypto conference scheduled for next week.
2023-02-23,Bitcoin stable around current levels.
2023-02-24,Bitcoin crashes below support levels.
2023-02-25,Experts warn of crypto bubble bursting.
2023-02-26,Crypto market sees massive gains.
2023-02-27,Crypto market sees massive gains.
2023-02-28,Bitcoin hits new all-time high!
2023-03-01,Bitcoin hits new all-time high!
2023-03-02,Bitcoin stable around current levels.
2023-03-03,Bitcoin hits new all-time high!
2023-03-04,Bitcoin hits new all-time high!
2023-03-05,New updates released for Ethereum network.
2023-03-06,Bitcoin hits new all-time high!
2023-03-07,Regulatory approval for Bitcoin ETF imminent.
2023-03-08,Trading volume remains average today.
2023-03-09,Crypto market sees massive gains.
2023-03-10,Bitcoin hits new all-time high!
2023-03-11,Bitcoin stable around current levels.
2023-03-12,Experts warn of crypto bubble bursting.
2023-03-13,Tech giant announces crypto integration.
2023-03-14,Bitcoin crashes below support levels.
2023-03-15,Analysts discuss future of blockchain.
2023-03-16,Analysts discuss future of blockchain.
2023-03-17,Market sentiment turns negative on inflation fears.
2023-03-18,Market sentiment turns negative on inflation fears.
2023-03-19,Bitcoin hits new all-time high!
2023-03-20,Government announces strict crypto ban.
2023-03-21,Analysts discuss future of blockchain.
2023-03-22,Experts warn of crypto bubble bursting.
2023-03-23,Regulatory approval for Bitcoin ETF imminent.
2023-03-24,Bitcoin stable around current levels.
2023-03-25,Trading volume remains average today.
2023-03-26,Crypto conference scheduled for next week.
2023-03-27,Crypto market sees massive gains.
2023-03-28,Crypto conference scheduled for next week.
2023-03-29,Crypto conference scheduled for next week.
2023-03-30,"Major exchange hacked, funds stolen."
2023-03-31,Crypto market sees massive gains.
2023-04-01,Government announces strict crypto ban.
2023-04-02,Trading volume remains average today.
2023-04-03,Bitcoin crashes below support levels.
2023-04-04,Institutional investors flocking to crypto.
2023-04-05,Institutional investors flocking to crypto.
2023-04-06,Crypto conference scheduled for next week.
2023-04-07,Analysts discuss future of blockchain.
2023-04-08,Crypto market sees massive gains.
2023-04-09,Experts warn of crypto bubble bursting.
2023-04-10,Tech giant announces crypto integration.
2023-04-11,New updates released for Ethereum network.
2023-04-12,Bitcoin hits new all-time high!
2023-04-13,Bitcoin hits new all-time high!
2023-04-14,Bitcoin hits new all-time high!
2023-04-15,Bitcoin hits new all-time high!
2023-04-16,Bitcoin hits new all-time high!
2023-04-17,Trading volume remains average today.
2023-04-18,Regulatory approval for Bitcoin ETF imminent.
2023-04-19,Crypto conference scheduled for next week.
2023-04-20,New updates released for Ethereum network.
2023-04-21,Regulatory approval for Bitcoin ETF imminent.
2023-04-22,Bitcoin stable around current levels.
2023-04-23,Government announces strict crypto ban.
2023-04-24,New updates released for Ethereum network.
2023-04-25,Regulatory approval for Bitcoin ETF imminent.
2023-04-26,Market sentiment turns negative on inflation fears.
2023-04-27,Bitcoin hits new all-time high!
2023-04-28,Bitcoin crashes below support levels.
2023-04-29,Trading volume remains average today.
2023-04-30,Government announces strict crypto ban.
2023-05-01,Regulatory approval for Bitcoin ETF imminent.
2023-05-02,Government announces strict crypto ban.
2023-05-03,Trading volume remains average today.
2023-05-04,Trading volume remains average today.
2023-05-05,Crypto market sees massive gains.
2023-05-06,Regulatory approval for Bitcoin ETF imminent.
2023-05-07,Regulatory approval for Bitcoin ETF imminent.
2023-05-08,Government announces strict crypto ban.
2023-05-09,Government announces strict crypto ban.
2023-05-10,Regulatory approval for Bitcoin ETF imminent.
2023-05-11,Experts warn of crypto bubble bursting.
2023-05-12,Crypto conference scheduled for next week.
2023-05-13,Institutional investors flocking to crypto.
2023-05-14,Government announces strict crypto ban.
2023-05-15,Regulatory approval for Bitcoin ETF imminent.
2023-05-16,Trading volume remains average today.
2023-05-17,Experts warn of crypto bubble bursting.
2023-05-18,Regulatory approval for Bitcoin ETF imminent.
2023-05-19,Bitcoin stable around current levels.
2023-05-20,Government announces strict crypto ban.
2023-05-21,Analysts discuss future of blockchain.
2023-05-22,Institutional investors flocking to crypto.
2023-05-23,Market sentiment turns negative on inflation fears.
2023-05-24,Bitcoin crashes below support levels.
2023-05-25,Trading volume remains average today.
2023-05-26,New updates released for Ethereum network.
2023-05-27,Tech giant announces crypto integration.
2023-05-28,Bitcoin hits new all-time high!
2023-05-29,Crypto market sees massive gains.
2023-05-30,Crypto conference scheduled for next week.
2023-05-31,New updates released for Ethereum network.
2023-06-01,Analysts discuss future of blockchain.
2023-06-02,Crypto market sees massive gains.
2023-06-03,Market sentiment turns negative on inflation fears.
2023-06-04,Experts warn of crypto bubble bursting.
2023-06-05,Bitcoin stable around current levels.
2023-06-06,Bitcoin crashes below support levels.
2023-06-07,Trading volume remains average today.
2023-06-08,Institutional investors flocking to crypto.
2023-06-09,"Major exchange hacked, funds stolen."
2023-06-10,Crypto market sees massive gains.
2023-06-11,Bitcoin hits new all-time high!
2023-06-12,Crypto market sees massive gains.
2023-06-13,Regulatory approval for Bitcoin ETF imminent.
2023-06-14,Institutional investors flocking to crypto.
2023-06-15,Bitcoin crashes below support levels.
2023-06-16,Crypto market sees massive gains.
2023-06-17,Bitcoin hits new all-time high!
2023-06-18,Market sentiment turns negative on inflation fears.
2023-06-19,Regulatory approval for Bitcoin ETF imminent.
2023-06-20,Institutional investors flocking to crypto.
2023-06-21,Institutional investors flocking to crypto.
2023-06-22,Regulatory approval for Bitcoin ETF imminent.
2023-06-23,Analysts discuss future of blockchain.
2023-06-24,Crypto market sees massive gains.
2023-06-25,Crypto conference scheduled for next week.
2023-06-26,Bitcoin stable around current levels.
2023-06-27,Crypto conference scheduled for next week.
2023-06-28,Bitcoin hits new all-time high!
2023-06-29,Crypto market sees massive gains.
2023-06-30,Bitcoin stable around current levels.
2023-07-01,Trading volume remains average today.
2023-07-02,Tech giant announces crypto integration.
2023-07-03,Bitcoin hits new all-time high!
2023-07-04,Analysts discuss future of blockchain.
2023-07-05,Experts warn of crypto bubble bursting.
2023-07-06,Crypto market sees massive gains.
2023-07-07,Bitcoin crashes below support levels.
2023-07-08,Experts warn of crypto bubble bursting.
2023-07-09,Tech giant announces crypto integration.
2023-07-10,Experts warn of crypto bubble bursting.
2023-07-11,Crypto conference scheduled for next week.
2023-07-12,Experts warn of crypto bubble bursting.
2023-07-13,Government announces strict crypto ban.
2023-07-14,Trading volume remains average today.
2023-07-15,New updates released for Ethereum network.
2023-07-16,Bitcoin hits new all-time high!
2023-07-17,Market sentiment turns negative on inflation fears.
2023-07-18,Trading volume remains average today.
2023-07-19,Crypto market sees massive gains.
2023-07-20,Experts warn of crypto bubble bursting.
2023-07-21,Institutional investors flocking to crypto.
2023-07-22,Crypto market sees massive gains.
2023-07-23,Experts warn of crypto bubble bursting.
2023-07-24,Bitcoin crashes below support levels.
2023-07-25,Government announces strict crypto ban.
2023-07-26,Bitcoin stable around current levels.
2023-07-27,Trading volume remains average today.
2023-07-28,Experts warn of crypto bubble bursting.
2023-07-29,Bitcoin hits new all-time high!
2023-07-30,New updates released for Ethereum network.
2023-07-31,New updates released for Ethereum network.
2023-08-01,Regulatory approval for Bitcoin ETF imminent.
2023-08-02,Institutional investors flocking to crypto.
2023-08-03,Market sentiment turns negative on inflation fears.
2023-08-04,Bitcoin hits new all-time high!
2023-08-05,Bitcoin hits new all-time high!
2023-08-06,Trading volume remains average today.
2023-08-07,Experts warn of crypto bubble bursting.
2023-08-08,Crypto conference scheduled for next week.
2023-08-09,Bitcoin crashes below support levels.
2023-08-10,Bitcoin hits new all-time high!
2023-08-11,Analysts discuss future of blockchain.
2023-08-12,Market sentiment turns negative on inflation fears.
2023-08-13,Regulatory approval for Bitcoin ETF imminent.
2023-08-14,Analysts discuss future of blockchain.
2023-08-15,Regulatory approval for Bitcoin ETF imminent.
2023-08-16,Regulatory approval for Bitcoin ETF imminent.
2023-08-17,Bitcoin crashes below support levels.
2023-08-18,Institutional investors flocking to crypto.
2023-08-19,Trading volume remains average today.
2023-08-20,Trading volume remains average today.
2023-08-21,Crypto conference scheduled for next week.
2023-08-22,Government announces strict crypto ban.
2023-08-23,Trading volume remains average today.
2023-08-24,Institutional investors flocking to crypto.
2023-08-25,Institutional investors flocking to crypto.
2023-08-26,Analysts discuss future of blockchain.
2023-08-27,Crypto market sees massive gains.
2023-08-28,Analysts discuss future of blockchain.
2023-08-29,New updates released for Ethereum network.
2023-08-30,Tech giant announces crypto integration.
2023-08-31,Bitcoin stable around current levels.
2023-09-01,Tech giant announces crypto integration.
2023-09-02,Crypto conference scheduled for next week.
2023-09-03,Crypto market sees massive gains.
2023-09-04,Tech giant announces crypto integration.
2023-09-05,Market sentiment turns negative on inflation fears.
2023-09-06,Analysts discuss future of blockchain.
2023-09-07,Bitcoin crashes below support levels.
2023-09-08,Crypto conference scheduled for next week.
2023-09-09,Institutional investors flocking to crypto.
2023-09-10,New updates released for Ethereum network.
2023-09-11,Market sentiment turns negative on inflation fears.
2023-09-12,"Major exchange hacked, funds stolen."
2023-09-13,Institutional investors flocking to crypto.
2023-09-14,Government announces strict crypto ban.
2023-09-15,Crypto conference scheduled for next week.
2023-09-16,Market sentiment turns negative on inflation fears.
2023-09-17,Bitcoin crashes below support levels.
2023-09-18,Government announces strict crypto ban.
2023-09-19,Analysts discuss future of blockchain.
2023-09-20,Bitcoin hits new all-time high!
2023-09-21,New updates released for Ethereum network.
2023-09-22,Market sentiment turns negative on inflation fears.
2023-09-23,Regulatory approval for Bitcoin ETF imminent.
2023-09-24,Tech giant announces crypto integration.
2023-09-25,Trading volume remains average today.
2023-09-26,Crypto market sees massive gains.
2023-09-27,Market sentiment turns negative on inflation fears.
2023-09-28,Crypto conference scheduled for next week.
2023-09-29,Market sentiment turns negative on inflation fears.
2023-09-30,Tech giant announces crypto integration.
2023-10-01,Tech giant announces crypto integration.
2023-10-02,"Major exchange hacked, funds stolen."
2023-10-03,Government announces strict crypto ban.
2023-10-04,Institutional investors flocking to crypto.
2023-10-05,Crypto market sees massive gains.
2023-10-06,Analysts discuss future of blockchain.
2023-10-07,Tech giant announces crypto integration.
2023-10-08,Bitcoin hits new all-time high!
2023-10-09,Experts warn of crypto bubble bursting.
2023-10-10,Bitcoin hits new all-time high!
2023-10-11,Crypto conference scheduled for next week.
2023-10-12,Crypto market sees massive gains.
2023-10-13,New updates released for Ethereum network.
2023-10-14,Institutional investors flocking to crypto.
2023-10-15,Government announces strict crypto ban.
2023-10-16,Analysts discuss future of blockchain.
2023-10-17,Tech giant announces crypto integration.
2023-10-18,New updates released for Ethereum network.
2023-10-19,Crypto market sees massive gains.
2023-10-20,"Major exchange hacked, funds stolen."
2023-10-21,Crypto market sees massive gains.
2023-10-22,Bitcoin hits new all-time high!
2023-10-23,New updates released for Ethereum network.
2023-10-24,Market sentiment turns negative on inflation fears.
2023-10-25,Experts warn of crypto bubble bursting.
2023-10-26,Crypto market sees massive gains.
2023-10-27,Experts warn of crypto bubble bursting.
2023-10-28,Bitcoin crashes below support levels.
2023-10-29,Market sentiment turns negative on inflation fears.
2023-10-30,Trading volume remains average today.
2023-10-31,Market sentiment turns negative on inflation fears.
2023-11-01,Institutional investors flocking to crypto.
2023-11-02,Crypto market sees massive gains.
2023-11-03,Experts warn of crypto bubble bursting.
2023-11-04,Trading volume remains average today.
2023-11-05,Institutional investors flocking to crypto.
2023-11-06,Analysts discuss future of blockchain.
2023-11-07,Regulatory approval for Bitcoin ETF imminent.
2023-11-08,Bitcoin crashes below support levels.
2023-11-09,Bitcoin hits new all-time high!
2023-11-10,Experts warn of crypto bubble bursting.
2023-11-11,Market sentiment turns negative on inflation fears.
2023-11-12,Experts warn of crypto bubble bursting.
2023-11-13,Crypto market sees massive gains.
2023-11-14,Bitcoin crashes below support levels.
2023-11-15,Analysts discuss future of blockchain.
2023-11-16,Analysts discuss future of blockchain.
2023-11-17,Regulatory approval for Bitcoin ETF imminent.
2023-11-18,Trading volume remains average today.
2023-11-19,Analysts discuss future of blockchain.
2023-11-20,Government announces strict crypto ban.
2023-11-21,Tech giant announces crypto integration.
2023-11-22,Experts warn of crypto bubble bursting.
2023-11-23,Regulatory approval for Bitcoin ETF imminent.
2023-11-24,Bitcoin hits new all-time high!
2023-11-25,Crypto market sees massive gains.
2023-11-26,Bitcoin stable around current levels.
2023-11-27,Market sentiment turns negative on inflation fears.
2023-11-28,Crypto conference scheduled for next week.
2023-11-29,Crypto market sees massive gains.
2023-11-30,Government announces strict crypto ban.
2023-12-01,Crypto market sees massive gains.
2023-12-02,"Major exchange hacked, funds stolen."
2023-12-03,Market sentiment turns negative on inflation fears.
2023-12-04,Bitcoin hits new all-time high!
2023-12-05,Bitcoin hits new all-time high!
2023-12-06,Crypto market sees massive gains.
2023-12-07,"Major exchange hacked, funds stolen."
2023-12-08,Regulatory approval for Bitcoin ETF imminent.
2023-12-09,Crypto market sees massive gains.
2023-12-10,Institutional investors flocking to crypto.
2023-12-11,Crypto market sees massive gains.
2023-12-12,Tech giant announces crypto integration.
2023-12-13,Crypto conference scheduled for next week.
2023-12-14,Market sentiment turns negative on inflation fears.
2023-12-15,Market sentiment turns negative on inflation fears.
2023-12-16,"Major exchange hacked, funds stolen."
2023-12-17,Government announces strict crypto ban.
2023-12-18,Regulatory approval for Bitcoin ETF imminent.
2023-12-19,Crypto market sees massive gains.
2023-12-20,Institutional investors flocking to crypto.
2023-12-21,Crypto market sees massive gains.
2023-12-22,Crypto conference scheduled for next week.
2023-12-23,Bitcoin stable around current levels.
2023-12-24,Institutional investors flocking to crypto.
2023-12-25,Bitcoin hits new all-time high!
2023-12-26,Bitcoin hits new all-time high!
2023-12-27,Government announces strict crypto ban.
2023-12-28,Regulatory approval for Bitcoin ETF imminent.
2023-12-29,Government announces strict crypto ban.
2023-12-30,Government announces strict crypto ban.
2023-12-31,Trading volume remains average today.
2024-01-01,New updates released for Ethereum network.
2024-01-02,Analysts discuss future of blockchain.
2024-01-03,New updates released for Ethereum network.
2024-01-04,Crypto conference scheduled for next week.
2024-01-05,Institutional investors flocking to crypto.
2024-01-06,Market sentiment turns negative on inflation fears.
2024-01-07,Crypto market sees massive gains.
2024-01-08,Trading volume remains average today.
2024-01-09,Experts warn of crypto bubble bursting.
2024-01-10,Regulatory approval for Bitcoin ETF imminent.
2024-01-11,Bitcoin hits new all-time high!
2024-01-12,Tech giant announces crypto integration.
2024-01-13,"Major exchange hacked, funds stolen."
2024-01-14,Institutional investors flocking to crypto.
2024-01-15,Bitcoin stable around current levels.
2024-01-16,Analysts discuss future of blockchain.
2024-01-17,Bitcoin stable around current levels.
2024-01-18,Bitcoin crashes below support levels.
2024-01-19,Analysts discuss future of blockchain.
2024-01-20,New updates released for Ethereum network.
2024-01-21,Bitcoin hits new all-time high!
2024-01-22,Crypto conference scheduled for next week.
2024-01-23,"Major exchange hacked, funds stolen."
2024-01-24,Bitcoin stable around current levels.
2024-01-25,"Major exchange hacked, funds stolen."
2024-01-26,Regulatory approval for Bitcoin ETF imminent.
2024-01-27,Experts warn of crypto bubble bursting.
2024-01-28,Crypto market sees massive gains.
2024-01-29,Crypto conference scheduled for next week.
2024-01-30,Bitcoin stable around current levels.
2024-01-31,Bitcoin hits new all-time high!
2024-02-01,Tech giant announces crypto integration.
2024-02-02,Tech giant announces crypto integration.
2024-02-03,Crypto market sees massive gains.
2024-02-04,Analysts discuss future of blockchain.
2024-02-05,Trading volume remains average today.
2024-02-06,Tech giant announces crypto integration.
2024-02-07,Market sentiment turns negative on inflation fears.
2024-02-08,Market sentiment turns negative on inflation fears.
2024-02-09,Regulatory approval for Bitcoin ETF imminent.
2024-02-10,Analysts discuss future of blockchain.
2024-02-11,Institutional investors flocking to crypto.
2024-02-12,Institutional investors flocking to crypto.
2024-02-13,Tech giant announces crypto integration.
2024-02-14,Institutional investors flocking to crypto.
2024-02-15,Trading volume remains average today.
2024-02-16,Experts warn of crypto bubble bursting.
2024-02-17,Crypto market sees massive gains.
2024-02-18,Government announces strict crypto ban.
2024-02-19,Analysts discuss future of blockchain.
2024-02-20,Bitcoin hits new all-time high!
2024-02-21,Crypto market sees massive gains.
2024-02-22,Crypto conference scheduled for next week.
2024-02-23,Bitcoin crashes below support levels.
2024-02-24,Bitcoin stable around current levels.
2024-02-25,Regulatory approval for Bitcoin ETF imminent.
2024-02-26,Government announces strict crypto ban.
2024-02-27,Analysts discuss future of blockchain.
2024-02-28,New updates released for Ethereum network.
2024-02-29,Crypto market sees massive gains.
2024-03-01,Crypto conference scheduled for next week.
2024-03-02,Institutional investors flocking to crypto.
2024-03-03,Trading volume remains average today.
2024-03-04,Bitcoin crashes below support levels.
2024-03-05,New updates released for Ethereum network.
2024-03-06,Bitcoin stable around current levels.
2024-03-07,Bitcoin stable around current levels.
2024-03-08,Bitcoin crashes below support levels.
2024-03-09,Tech giant announces crypto integration.
2024-03-10,Bitcoin hits new all-time high!
2024-03-11,Experts warn of crypto bubble bursting.
2024-03-12,New updates released for Ethereum network.
2024-03-13,Bitcoin hits new all-time high!
2024-03-14,New updates released for Ethereum network.
2024-03-15,Experts warn of crypto bubble bursting.
2024-03-16,Analysts discuss future of blockchain.
2024-03-17,Bitcoin hits new all-time high!
2024-03-18,Experts warn of crypto bubble bursting.
2024-03-19,Analysts discuss future of blockchain.
2024-03-20,New updates released for Ethereum network.
2024-03-21,Bitcoin stable around current levels.
2024-03-22,Market sentiment turns negative on inflation fears.
2024-03-23,Bitcoin stable around current levels.
2024-03-24,Regulatory approval for Bitcoin ETF imminent.
2024-03-25,Trading volume remains average today.
2024-03-26,Experts warn of crypto bubble bursting.
2024-03-27,Bitcoin stable around current levels.
2024-03-28,Crypto market sees massive gains.
2024-03-29,New updates released for Ethereum network.
2024-03-30,Experts warn of crypto bubble bursting.
2024-03-31,Institutional investors flocking to crypto.
2024-04-01,"Major exchange hacked, funds stolen."
2024-04-02,Institutional investors flocking to crypto.
2024-04-03,Experts warn of crypto bubble bursting.
2024-04-04,Bitcoin stable around current levels.
2024-04-05,Tech giant announces crypto integration.
2024-04-06,Crypto market sees massive gains.
2024-04-07,Regulatory approval for Bitcoin ETF imminent.
2024-04-08,Tech giant announces crypto integration.
2024-04-09,Market sentiment turns negative on inflation fears.
2024-04-10,Experts warn of crypto bubble bursting.
2024-04-11,Regulatory approval for Bitcoin ETF imminent.
2024-04-12,Market sentiment turns negative on inflation fears.
2024-04-13,Experts warn of crypto bubble bursting.
2024-04-14,Analysts discuss future of blockchain.
2024-04-15,Analysts discuss future of blockchain.
2024-04-16,Crypto conference scheduled for next week.
2024-04-17,Bitcoin crashes below support levels.
2024-04-18,Tech giant announces crypto integration.
2024-04-19,New updates released for Ethereum network.
2024-04-20,Bitcoin stable around current levels.
2024-04-21,Regulatory approval for Bitcoin ETF imminent.
2024-04-22,Regulatory approval for Bitcoin ETF imminent.
2024-04-23,Crypto conference scheduled for next week.
2024-04-24,Tech giant announces crypto integration.
2024-04-25,Tech giant announces crypto integration.
2024-04-26,Crypto market sees massive gains.
2024-04-27,Institutional investors flocking to crypto.
2024-04-28,New updates released for Ethereum network.
2024-04-29,Trading volume remains average today.
2024-04-30,Government announces strict crypto ban.
2024-05-01,Market sentiment turns negative on inflation fears.
2024-05-02,Regulatory approval for Bitcoin ETF imminent.
2024-05-03,Regulatory approval for Bitcoin ETF imminent.
2024-05-04,Crypto conference scheduled for next week.
2024-05-05,Regulatory approval for Bitcoin ETF imminent.
2024-05-06,Trading volume remains average today.
2024-05-07,"Major exchange hacked, funds stolen."
2024-05-08,Trading volume remains average today.
2024-05-09,Government announces strict crypto ban.
2024-05-10,"Major exchange hacked, funds stolen."
2024-05-11,Experts warn of crypto bubble bursting.
2024-05-12,Bitcoin hits new all-time high!
2024-05-13,Crypto conference scheduled for next week.
2024-05-14,Bitcoin hits new all-time high!
2024-05-15,Crypto conference scheduled for next week.
2024-05-16,Market sentiment turns negative on inflation fears.
2024-05-17,"Major exchange hacked, funds stolen."
2024-05-18,Government announces strict crypto ban.
2024-05-19,Bitcoin crashes below support levels.
2024-05-20,Bitcoin stable around current levels.
2024-05-21,Bitcoin stable around current levels.
2024-05-22,Bitcoin stable around current levels.
2024-05-23,Tech giant announces crypto integration.
2024-05-24,Crypto market sees massive gains.
2024-05-25,Experts warn of crypto bubble bursting.
2024-05-26,"Major exchange hacked, funds stolen."
2024-05-27,Trading volume remains average today.
2024-05-28,Crypto conference scheduled for next week.
2024-05-29,Bitcoin hits new all-time high!
2024-05-30,Crypto conference scheduled for next week.
2024-05-31,New updates released for Ethereum network.
2024-06-01,Bitcoin stable around current levels.
2024-06-02,Crypto market sees massive gains.
2024-06-03,Tech giant announces crypto integration.
2024-06-04,Crypto conference scheduled for next week.
2024-06-05,Crypto market sees massive gains.
2024-06-06,Bitcoin hits new all-time high!
2024-06-07,Regulatory approval for Bitcoin ETF imminent.
2024-06-08,Crypto market sees massive gains.
2024-06-09,Regulatory approval for Bitcoin ETF imminent.
2024-06-10,Institutional investors flocking to crypto.
2024-06-11,Regulatory approval for Bitcoin ETF imminent.
2024-06-12,New updates released for Ethereum network.
2024-06-13,Market sentiment turns negative on inflation fears.
2024-06-14,"Major exchange hacked, funds stolen."
2024-06-15,Bitcoin crashes below support levels.
2024-06-16,Market sentiment turns negative on inflation fears.
2024-06-17,"Major exchange hacked, funds stolen."
2024-06-18,Regulatory approval for Bitcoin ETF imminent.
2024-06-19,New updates released for Ethereum network.
2024-06-20,Government announces strict crypto ban.
2024-06-21,Bitcoin stable around current levels.
2024-06-22,New updates released for Ethereum network.
2024-06-23,Crypto conference scheduled for next week.
2024-06-24,Institutional investors flocking to crypto.
2024-06-25,Bitcoin hits new all-time high!
2024-06-26,Analysts discuss future of blockchain.
2024-06-27,Government announces strict crypto ban.
2024-06-28,Tech giant announces crypto integration.
2024-06-29,New updates released for Ethereum network.
2024-06-30,Crypto market sees massive gains.
2024-07-01,Crypto market sees massive gains.
2024-07-02,"Major exchange hacked, funds stolen."
2024-07-03,Institutional investors flocking to crypto.
2024-07-04,Trading volume remains average today.
2024-07-05,"Major exchange hacked, funds stolen."
2024-07-06,Regulatory approval for Bitcoin ETF imminent.
2024-07-07,New updates released for Ethereum network.
2024-07-08,Tech giant announces crypto integration.
2024-07-09,Institutional investors flocking to crypto.
2024-07-10,Analysts discuss future of blockchain.
2024-07-11,Institutional investors flocking to crypto.
2024-07-12,Bitcoin hits new all-time high!
2024-07-13,Crypto market sees massive gains.
2024-07-14,Crypto market sees massive gains.
2024-07-15,Experts warn of crypto bubble bursting.
2024-07-16,"Major exchange hacked, funds stolen."
2024-07-17,New updates released for Ethereum network.
2024-07-18,Regulatory approval for Bitcoin ETF imminent.
2024-07-19,New updates released for Ethereum network.
2024-07-20,Tech giant announces crypto integration.
2024-07-21,Bitcoin stable around current levels.
2024-07-22,Tech giant announces crypto integration.
2024-07-23,Crypto market sees massive gains.
2024-07-24,Market sentiment turns negative on inflation fears.
2024-07-25,Regulatory approval for Bitcoin ETF imminent.
2024-07-26,Regulatory approval for Bitcoin ETF imminent.
2024-07-27,Regulatory approval for Bitcoin ETF imminent.
2024-07-28,Crypto conference scheduled for next week.
2024-07-29,Tech giant announces crypto integration.
2024-07-30,"Major exchange hacked, funds stolen."
2024-07-31,Market sentiment turns negative on inflation fears.
2024-08-01,Bitcoin crashes below support levels.
2024-08-02,Regulatory approval for Bitcoin ETF imminent.
2024-08-03,Analysts discuss future of blockchain.
2024-08-04,Institutional investors flocking to crypto.
2024-08-05,New updates released for Ethereum network.
2024-08-06,Market sentiment turns negative on inflation fears.
2024-08-07,Bitcoin crashes below support levels.
2024-08-08,Regulatory approval for Bitcoin ETF imminent.
2024-08-09,Institutional investors flocking to crypto.
2024-08-10,Institutional investors flocking to crypto.
2024-08-11,Institutional investors flocking to crypto.
2024-08-12,Regulatory approval for Bitcoin ETF imminent.
2024-08-13,New updates released for Ethereum network.
2024-08-14,Bitcoin stable around current levels.
2024-08-15,Crypto market sees massive gains.
2024-08-16,Market sentiment turns negative on inflation fears.
2024-08-17,New updates released for Ethereum network.
2024-08-18,Institutional investors flocking to crypto.
2024-08-19,Crypto market sees massive gains.
2024-08-20,Experts warn of crypto bubble bursting.
2024-08-21,New updates released for Ethereum network.
2024-08-22,New updates released for Ethereum network.
2024-08-23,Bitcoin hits new all-time high!
2024-08-24,Tech giant announces crypto integration.
2024-08-25,Tech giant announces crypto integration.
2024-08-26,Crypto conference scheduled for next week.
2024-08-27,Experts warn of crypto bubble bursting.
2024-08-28,Bitcoin stable around current levels.
2024-08-29,Bitcoin stable around current levels.
2024-08-30,Trading volume remains average today.
2024-08-31,Analysts discuss future of blockchain.
2024-09-01,Bitcoin hits new all-time high!
2024-09-02,Regulatory approval for Bitcoin ETF imminent.
2024-09-03,Crypto market sees massive gains.
2024-09-04,Bitcoin stable around current levels.
2024-09-05,Institutional investors flocking to crypto.
2024-09-06,Crypto conference scheduled for next week.
2024-09-07,Experts warn of crypto bubble bursting.
2024-09-08,Bitcoin stable around current levels.
2024-09-09,Market sentiment turns negative on inflation fears.
2024-09-10,"Major exchange hacked, funds stolen."
2024-09-11,Government announces strict crypto ban.
2024-09-12,Tech giant announces crypto integration.
2024-09-13,Bitcoin crashes below support levels.
2024-09-14,New updates released for Ethereum network.
2024-09-15,Crypto market sees massive gains.
2024-09-16,Analysts discuss future of blockchain.
2024-09-17,Institutional investors flocking to crypto.
2024-09-18,Regulatory approval for Bitcoin ETF imminent.
2024-09-19,New updates released for Ethereum network.
2024-09-20,Government announces strict crypto ban.
2024-09-21,Regulatory approval for Bitcoin ETF imminent.
2024-09-22,Institutional investors flocking to crypto.
2024-09-23,Bitcoin hits new all-time high!
2024-09-24,Tech giant announces crypto integration.
2024-09-25,Institutional investors flocking to crypto.
2024-09-26,Regulatory approval for Bitcoin ETF imminent.
2024-09-27,Tech giant announces crypto integration.
2024-09-28,Government announces strict crypto ban.
2024-09-29,Tech giant announces crypto integration.
2024-09-30,Government announces strict crypto ban.
2024-10-01,Trading volume remains average today.
2024-10-02,Institutional investors flocking to crypto.
2024-10-03,Tech giant announces crypto integration.
2024-10-04,Bitcoin hits new all-time high!
2024-10-05,Tech giant announces crypto integration.
2024-10-06,Bitcoin crashes below support levels.
2024-10-07,Institutional investors flocking to crypto.
2024-10-08,Bitcoin stable around current levels.
2024-10-09,Bitcoin crashes below support levels.
2024-10-10,Trading volume remains average today.
2024-10-11,New updates released for Ethereum network.
2024-10-12,New updates released for Ethereum network.
2024-10-13,Government announces strict crypto ban.
2024-10-14,Bitcoin crashes below support levels.
2024-10-15,New updates released for Ethereum network.
2024-10-16,Tech giant announces crypto integration.
2024-10-17,Crypto market sees massive gains.
2024-10-18,Regulatory approval for Bitcoin ETF imminent.
2024-10-19,Bitcoin hits new all-time high!
2024-10-20,Trading volume remains average today.
2024-10-21,Regulatory approval for Bitcoin ETF imminent.
2024-10-22,Tech giant announces crypto integration.
2024-10-23,Bitcoin hits new all-time high!
2024-10-24,Market sentiment turns negative on inflation fears.
2024-10-25,New updates released for Ethereum network.
2024-10-26,Bitcoin crashes below support levels.
2024-10-27,Bitcoin crashes below support levels.
2024-10-28,Experts warn of crypto bubble bursting.
2024-10-29,Analysts discuss future of blockchain.
2024-10-30,Institutional investors flocking to crypto.
2024-10-31,Bitcoin stable around current levels.
2024-11-01,Bitcoin crashes below support levels.
2024-11-02,Experts warn of crypto bubble bursting.
2024-11-03,Government announces strict crypto ban.
2024-11-04,"Major exchange hacked, funds stolen."
2024-11-05,Bitcoin stable around current levels.
2024-11-06,Regulatory approval for Bitcoin ETF imminent.
2024-11-07,Trading volume remains average today.
2024-11-08,Bitcoin crashes below support levels.
2024-11-09,Experts warn of crypto bubble bursting.
2024-11-10,New updates released for Ethereum network.
2024-11-11,Tech giant announces crypto integration.
2024-11-12,"Major exchange hacked, funds stolen."
2024-11-13,Analysts discuss future of blockchain.
2024-11-14,Bitcoin crashes below support levels.
2024-11-15,Government announces strict crypto ban.
2024-11-16,Analysts discuss future of blockchain.
2024-11-17,Government announces strict crypto ban.
2024-11-18,Tech giant announces crypto integration.
2024-11-19,Trading volume remains average today.
2024-11-20,Crypto market sees massive gains.
2024-11-21,"Major exchange hacked, funds stolen."
2024-11-22,Bitcoin hits new all-time high!
2024-11-23,Crypto market sees massive gains.
2024-11-24,Bitcoin hits new all-time high!
2024-11-25,Analysts discuss future of blockchain.
2024-11-26,Market sentiment turns negative on inflation fears.
2024-11-27,Market sentiment turns negative on inflation fears.
2024-11-28,Institutional investors flocking to crypto.
2024-11-29,Bitcoin crashes below support levels.
2024-11-30,Institutional investors flocking to crypto.
2024-12-01,Tech giant announces crypto integration.
2024-12-02,Crypto conference scheduled for next week.
2024-12-03,Institutional investors flocking to crypto.
2024-12-04,New updates released for Ethereum network.
2024-12-05,Bitcoin hits new all-time high!
2024-12-06,"Major exchange hacked, funds stolen."
2024-12-07,Regulatory approval for Bitcoin ETF imminent.
2024-12-08,Experts warn of crypto bubble bursting.
2024-12-09,Bitcoin stable around current levels.
2024-12-10,Crypto conference scheduled for next week.
2024-12-11,New updates released for Ethereum network.
2024-12-12,Experts warn of crypto bubble bursting.
2024-12-13,Tech giant announces crypto integration.
2024-12-14,Institutional investors flocking to crypto.
2024-12-15,Bitcoin stable around current levels.
2024-12-16,Bitcoin crashes below support levels.
2024-12-17,Bitcoin hits new all-time high!
2024-12-18,New updates released for Ethereum network.
2024-12-19,Bitcoin crashes below support levels.
2024-12-20,Government announces strict crypto ban.
2024-12-21,Trading volume remains average today.
2024-12-22,Tech giant announces crypto integration.
2024-12-23,Crypto conference scheduled for next week.
2024-12-24,Tech giant announces crypto integration.
2024-12-25,Experts warn of crypto bubble bursting.
2024-12-26,Institutional investors flocking to crypto.
2024-12-27,Regulatory approval for Bitcoin ETF imminent.
2024-12-28,Institutional investors flocking to crypto.
2024-12-29,Market sentiment turns negative on inflation fears.
2024-12-30,Market sentiment turns negative on inflation fears.
2024-12-31,Experts warn of crypto bubble bursting.
2025-01-01,Trading volume remains average today.
2025-01-02,"Major exchange hacked, funds stolen."
2025-01-03,Bitcoin stable around current levels.
2025-01-04,Market sentiment turns negative on inflation fears.
2025-01-05,Tech giant announces crypto integration.
2025-01-06,Crypto market sees massive gains.
2025-01-07,Regulatory approval for Bitcoin ETF imminent.
2025-01-08,"Major exchange hacked, funds stolen."
2025-01-09,Bitcoin hits new all-time high!
2025-01-10,Trading volume remains average today.
2025-01-11,Regulatory approval for Bitcoin ETF imminent.
2025-01-12,Trading volume remains average today.
2025-01-13,Bitcoin hits new all-time high!
2025-01-14,Market sentiment turns negative on inflation fears.
2025-01-15,Regulatory approval for Bitcoin ETF imminent.
2025-01-16,New updates released for Ethereum network.
2025-01-17,Bitcoin crashes below support levels.
2025-01-18,Crypto market sees massive gains.
2025-01-19,Tech giant announces crypto integration.
2025-01-20,Government announces strict crypto ban.
2025-01-21,Bitcoin stable around current levels.
2025-01-22,Institutional investors flocking to crypto.
2025-01-23,Market sentiment turns negative on inflation fears.
2025-01-24,Analysts discuss future of blockchain.
2025-01-25,Regulatory approval for Bitcoin ETF imminent.
2025-01-26,New updates released for Ethereum network.
2025-01-27,Bitcoin hits new all-time high!
2025-01-28,Tech giant announces crypto integration.
2025-01-29,Bitcoin stable around current levels.
2025-01-30,Bitcoin hits new all-time high!
2025-01-31,Government announces strict crypto ban.
2025-02-01,Regulatory approval for Bitcoin ETF imminent.
2025-02-02,"Major exchange hacked, funds stolen."
2025-02-03,"Major exchange hacked, funds stolen."
2025-02-04,Regulatory approval for Bitcoin ETF imminent.
2025-02-05,Bitcoin hits new all-time high!
2025-02-06,New updates released for Ethereum network.
2025-02-07,New updates released for Ethereum network.
2025-02-08,Bitcoin stable around current levels.
2025-02-09,Bitcoin crashes below support levels.
2025-02-10,Crypto conference scheduled for next week.
2025-02-11,Analysts discuss future of blockchain.
2025-02-12,Bitcoin crashes below support levels.
2025-02-13,Experts warn of crypto bubble bursting.
2025-02-14,Crypto conference scheduled for next week.
2025-02-15,Tech giant announces crypto integration.
2025-02-16,Tech giant announces crypto integration.
2025-02-17,Institutional investors flocking to crypto.
2025-02-18,Tech giant announces crypto integration.
2025-02-19,Trading volume remains average today.
2025-02-20,Institutional investors flocking to crypto.
2025-02-21,New updates released for Ethereum network.
2025-02-22,Crypto market sees massive gains.
2025-02-23,Tech giant announces crypto integration.
2025-02-24,Experts warn of crypto bubble bursting.
2025-02-25,Crypto conference scheduled for next week.
2025-02-26,Bitcoin stable around current levels.
2025-02-27,Analysts discuss future of blockchain.
2025-02-28,Bitcoin crashes below support levels.
2025-03-01,Crypto market sees massive gains.
2025-03-02,Tech giant announces crypto integration.
2025-03-03,Government announces strict crypto ban.
2025-03-04,Regulatory approval for Bitcoin ETF imminent.
2025-03-05,Institutional investors flocking to crypto.
2025-03-06,Government announces strict crypto ban.
2025-03-07,Crypto market sees massive gains.
2025-03-08,Experts warn of crypto bubble bursting.
2025-03-09,Bitcoin stable around current levels.
2025-03-10,Regulatory approval for Bitcoin ETF imminent.
2025-03-11,Regulatory approval for Bitcoin ETF imminent.
2025-03-12,Crypto market sees massive gains.
2025-03-13,"Major exchange hacked, funds stolen."
2025-03-14,New updates released for Ethereum network.
2025-03-15,Crypto market sees massive gains.
2025-03-16,Market sentiment turns negative on inflation fears.
2025-03-17,Trading volume remains average today.
2025-03-18,Crypto market sees massive gains.
2025-03-19,Bitcoin hits new all-time high!
2025-03-20,Government announces strict crypto ban.
2025-03-21,Bitcoin crashes below support levels.
2025-03-22,Experts warn of crypto bubble bursting.
2025-03-23,Crypto market sees massive gains.
2025-03-24,Crypto conference scheduled for next week.
2025-03-25,Bitcoin hits new all-time high!
2025-03-26,Analysts discuss future of blockchain.
2025-03-27,Crypto conference scheduled for next week.
2025-03-28,Analysts discuss future of blockchain.
2025-03-29,New updates released for Ethereum network.
2025-03-30,Institutional investors flocking to crypto.
2025-03-31,Analysts discuss future of blockchain.
2025-04-01,Bitcoin hits new all-time high!
2025-04-02,Trading volume remains average today.
2025-04-03,Institutional investors flocking to crypto.
2025-04-04,Crypto market sees massive gains.
2025-04-05,Tech giant announces crypto integration.
2025-04-06,Regulatory approval for Bitcoin ETF imminent.
2025-04-07,Bitcoin crashes below support levels.
2025-04-08,Analysts discuss future of blockchain.
2025-04-09,Analysts discuss future of blockchain.
2025-04-10,"Major exchange hacked, funds stolen."
2025-04-11,Regulatory approval for Bitcoin ETF imminent.
2025-04-12,"Major exchange hacked, funds stolen."
2025-04-13,Analysts discuss future of blockchain.
2025-04-14,Trading volume remains average today.
2025-04-15,Crypto market sees massive gains.
2025-04-16,Regulatory approval for Bitcoin ETF imminent.
2025-04-17,Bitcoin stable around current levels.
2025-04-18,Experts warn of crypto bubble bursting.
2025-04-19,Analysts discuss future of blockchain.
2025-04-20,Analysts discuss future of blockchain.
2025-04-21,Government announces strict crypto ban.
2025-04-22,Market sentiment turns negative on inflation fears.
2025-04-23,Crypto conference scheduled for next week.
2025-04-24,Bitcoin hits new all-time high!
2025-04-25,Institutional investors flocking to crypto.
2025-04-26,New updates released for Ethereum network.
2025-04-27,Regulatory approval for Bitcoin ETF imminent.
2025-04-28,Crypto market sees massive gains.
2025-04-29,Experts warn of crypto bubble bursting.
2025-04-30,Bitcoin stable around current levels.
2025-05-01,Trading volume remains average today.
2025-05-02,Bitcoin hits new all-time high!
2025-05-03,Tech giant announces crypto integration.
2025-05-04,Government announces strict crypto ban.
2025-05-05,Bitcoin crashes below support levels.
2025-05-06,New updates released for Ethereum network.
2025-05-07,Trading volume remains average today.
2025-05-08,Market sentiment turns negative on inflation fears.
2025-05-09,Tech giant announces crypto integration.
2025-05-10,Crypto market sees massive gains.
2025-05-11,Bitcoin stable around current levels.
2025-05-12,Institutional investors flocking to crypto.
2025-05-13,Trading volume remains average today.
2025-05-14,"Major exchange hacked, funds stolen."
2025-05-15,Regulatory approval for Bitcoin ETF imminent.
2025-05-16,Crypto conference scheduled for next week.
2025-05-17,Government announces strict crypto ban.
2025-05-18,Bitcoin hits new all-time high!
2025-05-19,Bitcoin stable around current levels.
2025-05-20,Crypto conference scheduled for next week.
2025-05-21,Trading volume remains average today.
2025-05-22,Analysts discuss future of blockchain.
2025-05-23,New updates released for Ethereum network.
2025-05-24,Crypto conference scheduled for next week.
2025-05-25,New updates released for Ethereum network.
2025-05-26,Bitcoin hits new all-time high!
2025-05-27,Experts warn of crypto bubble bursting.
2025-05-28,Institutional investors flocking to crypto.
2025-05-29,Bitcoin crashes below support levels.
2025-05-30,Market sentiment turns negative on inflation fears.
2025-05-31,Bitcoin stable around current levels.
2025-06-01,Regulatory approval for Bitcoin ETF imminent.
2025-06-02,Tech giant announces crypto integration.
2025-06-03,Institutional investors flocking to crypto.
2025-06-04,Bitcoin hits new all-time high!
2025-06-05,Bitcoin hits new all-time high!
2025-06-06,Analysts discuss future of blockchain.
2025-06-07,Bitcoin stable around current levels.
2025-06-08,Bitcoin hits new all-time high!
2025-06-09,Crypto market sees massive gains.
2025-06-10,Bitcoin hits new all-time high!
2025-06-11,Tech giant announces crypto integration.
2025-06-12,Tech giant announces crypto integration.
2025-06-13,Bitcoin crashes below support levels.
2025-06-14,Regulatory approval for Bitcoin ETF imminent.
2025-06-15,Regulatory approval for Bitcoin ETF imminent.
2025-06-16,Bitcoin stable around current levels.
2025-06-17,Tech giant announces crypto integration.
2025-06-18,Bitcoin hits new all-time high!
2025-06-19,"Major exchange hacked, funds stolen."
2025-06-20,Bitcoin stable around current levels.
2025-06-21,Trading volume remains average today.
2025-06-22,Market sentiment turns negative on inflation fears.
2025-06-23,Government announces strict crypto ban.
2025-06-24,Crypto market sees massive gains.
2025-06-25,Institutional investors flocking to crypto.
2025-06-26,Crypto market sees massive gains.
2025-06-27,Crypto conference scheduled for next week.
2025-06-28,New updates released for Ethereum network.
2025-06-29,Regulatory approval for Bitcoin ETF imminent.
2025-06-30,Bitcoin hits new all-time high!
2025-07-01,Bitcoin hits new all-time high!
2025-07-02,Experts warn of crypto bubble bursting.
2025-07-03,Institutional investors flocking to crypto.
2025-07-04,Trading volume remains average today.
2025-07-05,New updates released for Ethereum network.
2025-07-06,Bitcoin crashes below support levels.
2025-07-07,Crypto market sees massive gains.
2025-07-08,Regulatory approval for Bitcoin ETF imminent.
2025-07-09,Tech giant announces crypto integration.
2025-07-10,Market sentiment turns negative on inflation fears.
2025-07-11,Regulatory approval for Bitcoin ETF imminent.
2025-07-12,"Major exchange hacked, funds stolen."
2025-07-13,Institutional investors flocking to crypto.
2025-07-14,Crypto conference scheduled for next week.
2025-07-15,Bitcoin hits new all-time high!
2025-07-16,Experts warn of crypto bubble bursting.
2025-07-17,Trading volume remains average today.
2025-07-18,Government announces strict crypto ban.
2025-07-19,New updates released for Ethereum network.
2025-07-20,Bitcoin stable around current levels.
2025-07-21,Institutional investors flocking to crypto.
2025-07-22,New updates released for Ethereum network.
2025-07-23,Tech giant announces crypto integration.
2025-07-24,Tech giant announces crypto integration.
2025-07-25,Crypto market sees massive gains.
2025-07-26,Bitcoin hits new all-time high!
2025-07-27,Crypto market sees massive gains.
2025-07-28,Market sentiment turns negative on inflation fears.
2025-07-29,Trading volume remains average today.
2025-07-30,Regulatory approval for Bitcoin ETF imminent.
2025-07-31,Trading volume remains average today.
2025-08-01,Market sentiment turns negative on inflation fears.
2025-08-02,Market sentiment turns negative on inflation fears.
2025-08-03,Bitcoin crashes below support levels.
2025-08-04,Bitcoin crashes below support levels.
2025-08-05,Crypto market sees massive gains.
2025-08-06,Tech giant announces crypto integration.
2025-08-07,Analysts discuss future of blockchain.
2025-08-08,Crypto conference scheduled for next week.
2025-08-09,"Major exchange hacked, funds stolen."
2025-08-10,Regulatory approval for Bitcoin ETF imminent.
2025-08-11,Market sentiment turns negative on inflation fears.
2025-08-12,Trading volume remains average today.
2025-08-13,Bitcoin stable around current levels.
2025-08-14,Bitcoin stable around current levels.
2025-08-15,Market sentiment turns negative on inflation fears.
2025-08-16,Trading volume remains average today.
2025-08-17,Trading volume remains average today.
2025-08-18,New updates released for Ethereum network.
2025-08-19,Crypto conference scheduled for next week.
2025-08-20,Regulatory approval for Bitcoin ETF imminent.
2025-08-21,New updates released for Ethereum network.
2025-08-22,Institutional investors flocking to crypto.
2025-08-23,Bitcoin hits new all-time high!
2025-08-24,Trading volume remains average today.
2025-08-25,Crypto conference scheduled for next week.
2025-08-26,Analysts discuss future of blockchain.
2025-08-27,Institutional investors flocking to crypto.
2025-08-28,"Major exchange hacked, funds stolen."
2025-08-29,Institutional investors flocking to crypto.
2025-08-30,Analysts discuss future of blockchain.
2025-08-31,Bitcoin hits new all-time high!
2025-09-01,Crypto conference scheduled for next week.
2025-09-02,Regulatory approval for Bitcoin ETF imminent.
2025-09-03,New updates released for Ethereum network.
2025-09-04,Experts warn of crypto bubble bursting.
2025-09-05,Analysts discuss future of blockchain.
2025-09-06,Bitcoin hits new all-time high!
2025-09-07,Regulatory approval for Bitcoin ETF imminent.
2025-09-08,Bitcoin stable around current levels.
2025-09-09,Tech giant announces crypto integration.
2025-09-10,Analysts discuss future of blockchain.
2025-09-11,Market sentiment turns negative on inflation fears.
2025-09-12,Tech giant announces crypto integration.
2025-09-13,Crypto conference scheduled for next week.
2025-09-14,Bitcoin hits new all-time high!
2025-09-15,New updates released for Ethereum network.
2025-09-16,Regulatory approval for Bitcoin ETF imminent.
2025-09-17,"Major exchange hacked, funds stolen."
2025-09-18,Regulatory approval for Bitcoin ETF imminent.
2025-09-19,Crypto market sees massive gains.
2025-09-20,Bitcoin hits new all-time high!
2025-09-21,Tech giant announces crypto integration.
2025-09-22,Bitcoin crashes below support levels.
2025-09-23,Institutional investors flocking to crypto.
2025-09-24,Bitcoin hits new all-time high!
2025-09-25,"Major exchange hacked, funds stolen."
2025-09-26,Crypto conference scheduled for next week.
2025-09-27,Analysts discuss future of blockchain.
2025-09-28,Crypto market sees massive gains.
2025-09-29,Regulatory approval for Bitcoin ETF imminent.
2025-09-30,Bitcoin crashes below support levels.
2025-10-01,Bitcoin hits new all-time high!
2025-10-02,Bitcoin hits new all-time high!
2025-10-03,Experts warn of crypto bubble bursting.
2025-10-04,Institutional investors flocking to crypto.
2025-10-05,Regulatory approval for Bitcoin ETF imminent.
2025-10-06,New updates released for Ethereum network.
2025-10-07,Market sentiment turns negative on inflation fears.
2025-10-08,Experts warn of crypto bubble bursting.
2025-10-09,Crypto market sees massive gains.
2025-10-10,Government announces strict crypto ban.
2025-10-11,Analysts discuss future of blockchain.
2025-10-12,Experts warn of crypto bubble bursting.
2025-10-13,Crypto conference scheduled for next week.
2025-10-14,Regulatory approval for Bitcoin ETF imminent.
2025-10-15,Bitcoin stable around current levels.
2025-10-16,Tech giant announces crypto integration.
2025-10-17,Bitcoin hits new all-time high!
2025-10-18,New updates released for Ethereum network.
2025-10-19,New updates released for Ethereum network.
2025-10-20,Crypto market sees massive gains.
2025-10-21,Institutional investors flocking to crypto.
2025-10-22,Market sentiment turns negative on inflation fears.
2025-10-23,Institutional investors flocking to crypto.
2025-10-24,Trading volume remains average today.
2025-10-25,Crypto market sees massive gains.
2025-10-26,Bitcoin stable around current levels.
2025-10-27,Bitcoin crashes below support levels.
2025-10-28,Market sentiment turns negative on inflation fears.
2025-10-29,Regulatory approval for Bitcoin ETF imminent.
2025-10-30,Market sentiment turns negative on inflation fears.
2025-10-31,Regulatory approval for Bitcoin ETF imminent.
2025-11-01,Bitcoin stable around current levels.
2025-11-02,Analysts discuss future of blockchain.
2025-11-03,Analysts discuss future of blockchain.
2025-11-04,Market sentiment turns negative on inflation fears.
2025-11-05,Government announces strict crypto ban.
2025-11-06,"Major exchange hacked, funds stolen."
2025-11-07,Government announces strict crypto ban.
2025-11-08,Experts warn of crypto bubble bursting.
2025-11-09,Institutional investors flocking to crypto.
2025-11-10,Analysts discuss future of blockchain.
2025-11-11,Analysts discuss future of blockchain.
2025-11-12,Bitcoin crashes below support levels.
2025-11-13,Bitcoin crashes below support levels.
2025-11-14,"Major exchange hacked, funds stolen."
2025-11-15,Government announces strict crypto ban.
2025-11-16,Experts warn of crypto bubble bursting.
2025-11-17,Analysts discuss future of blockchain.
2025-11-18,Tech giant announces crypto integration.
2025-11-19,Market sentiment turns negative on inflation fears.
2025-11-20,Trading volume remains average today.
2025-11-21,New updates released for Ethereum network.
2025-11-22,Crypto market sees massive gains.
2025-11-23,Government announces strict crypto ban.
2025-11-24,Crypto market sees massive gains.
2025-11-25,Government announces strict crypto ban.
2025-11-26,Crypto conference scheduled for next week.
2025-11-27,Experts warn of crypto bubble bursting.
2025-11-28,New updates released for Ethereum network.
2025-11-29,New updates released for Ethereum network.
2025-11-30,"Major exchange hacked, funds stolen."
2025-12-01,New updates released for Ethereum network.
2025-12-02,Bitcoin hits new all-time high!
2025-12-03,"Major exchange hacked, funds stolen."
2025-12-04,Bitcoin hits new all-time high!
2025-12-05,Institutional investors flocking to crypto.
2025-12-06,Tech giant announces crypto integration.
2025-12-07,Market sentiment turns negative on inflation fears.
2025-12-08,Market sentiment turns negative on inflation fears.
2025-12-09,New updates released for Ethereum network.
2025-12-10,Analysts discuss future of blockchain.
2025-12-11,Crypto market sees massive gains.
2025-12-12,Trading volume remains average today.
2025-12-13,Bitcoin stable around current levels.
2025-12-14,Bitcoin crashes below support levels.
2025-12-15,Market sentiment turns negative on inflation fears.
2025-12-16,Trading volume remains average today.
2025-12-17,Crypto conference scheduled for next week.
2025-12-18,Trading volume remains average today.
2025-12-19,Tech giant announces crypto integration.
2025-12-20,Bitcoin crashes below support levels.
2025-12-21,Bitcoin stable around current levels.
2025-12-22,Government announces strict crypto ban.
2025-12-23,Tech giant announces crypto integration.
2025-12-24,Regulatory approval for Bitcoin ETF imminent.
2025-12-25,Experts warn of crypto bubble bursting.
2025-12-26,Crypto market sees massive gains.
2025-12-27,Trading volume remains average today.
2025-12-28,Experts warn of crypto bubble bursting.
2025-12-29,New updates released for Ethereum network.
2025-12-30,Crypto conference scheduled for next week.
2025-12-31,Bitcoin hits new all-time high!
2026-01-01,Bitcoin hits new all-time high!
2026-01-02,Bitcoin crashes below support levels.
2026-01-03,Market sentiment turns negative on inflation fears.
2026-01-04,Bitcoin hits new all-time high!
2026-01-05,Crypto conference scheduled for next week.
2026-01-06,"Major exchange hacked, funds stolen."
2026-01-07,Market sentiment turns negative on inflation fears.
2026-01-08,Bitcoin hits new all-time high!
2026-01-09,Regulatory approval for Bitcoin ETF imminent.
2026-01-10,Bitcoin hits new all-time high!
2026-01-11,Tech giant announces crypto integration.
2026-01-12,Analysts discuss future of blockchain.
2026-01-13,Experts warn of crypto bubble bursting.
2026-01-14,Crypto conference scheduled for next week.
2026-01-15,"Major exchange hacked, funds stolen."
2026-01-16,Analysts discuss future of blockchain.
2026-01-17,Experts warn of crypto bubble bursting.
2026-01-18,Bitcoin stable around current levels.
2026-01-19,Tech giant announces crypto integration.
2026-01-20,"Major exchange hacked, funds stolen."
2026-01-21,Bitcoin stable around current levels.
2026-01-22,Bitcoin crashes below support levels.
2026-01-23,"Major exchange hacked, funds stolen."
2026-01-24,Crypto conference scheduled for next week.
2026-01-25,Bitcoin crashes below support levels.
2026-01-26,New updates released for Ethereum network.
2026-01-27,Tech giant announces crypto integration.
2026-01-28,Regulatory approval for Bitcoin ETF imminent.
2026-01-29,Bitcoin hits new all-time high!
2026-01-30,Bitcoin crashes below support levels.
2026-01-31,Market sentiment turns negative on inflation fears.
2026-02-01,Bitcoin hits new all-time high!
2026-02-02,Experts warn of crypto bubble bursting.
2026-02-03,Crypto market sees massive gains.
2026-02-04,Crypto market sees massive gains.
2026-02-05,Regulatory approval for Bitcoin ETF imminent.
2026-02-06,Tech giant announces crypto integration.
2026-02-07,Tech giant announces crypto integration.
2026-02-08,Bitcoin stable around current levels.
2026-02-09,Experts warn of crypto bubble bursting.
